# source: Open-Meteo historical weather API (https://open-meteo.com/), CC BY 4.0
# model: era5
# site: Konya Plain (Cumra), Turkiye
# requested_lat: 37.57
# requested_lon: 32.78
# grid_lat: 37.5
# grid_lon: 32.75
# elevation_m: 1013.0
# timezone: Europe/Istanbul
# downloaded: 2026-10-09
date,T_max,T_min,T_mean_24h,RH_max,RH_min,RH_mean,u10,Rs,precip,P_hPa,ET0_openmeteo,soil_moisture_0_7cm
1995-01-01,13.8,6.2,9.1,80,52,68,3.31,8.34,0.0,898.6,1.63,0.305
1995-01-02,15.1,7.5,11.5,80,50,66,4.07,6.52,0.0,899.3,1.8,0.298
1995-01-03,14.4,2.7,7.9,86,40,69,2.57,7.67,0.0,899.9,1.5,0.29
1995-01-04,13.3,3.9,8.1,85,47,72,3.1,6.66,0.0,897.6,1.38,0.282
1995-01-05,13.1,3.0,7.9,85,42,68,2.34,8.07,0.0,902.6,1.43,0.274
1995-01-06,11.7,0.4,5.5,86,50,72,2.08,7.14,0.0,905.0,1.19,0.272
1995-01-07,10.5,-2.4,4.0,93,51,77,1.22,9.15,0.0,902.4,1.15,0.271
1995-01-08,10.3,-0.3,4.6,92,55,75,1.42,7.82,0.0,905.5,1.12,0.269
1995-01-09,9.6,-2.0,4.0,90,57,75,1.27,10.89,0.0,900.8,1.35,0.265
1995-01-10,9.4,1.6,5.0,90,47,73,2.27,8.74,0.0,893.8,1.28,0.263
1995-01-11,9.1,3.5,5.6,81,54,72,2.76,5.9,0.0,890.1,1.09,0.262
1995-01-12,9.7,3.6,6.6,81,57,70,4.56,5.66,4.5,891.6,1.39,0.27
1995-01-13,11.9,6.8,9.3,84,53,70,4.41,8.42,0.2,896.9,1.72,0.306
1995-01-14,12.3,4.6,8.5,83,46,68,3.72,9.72,0.0,900.7,1.78,0.289
1995-01-15,8.3,1.5,4.4,84,59,76,2.67,6.84,3.2,893.9,1.03,0.295
1995-01-16,3.2,0.4,1.8,96,80,87,2.21,4.56,6.4,897.3,0.52,0.318
1995-01-17,0.7,-2.9,-1.0,89,81,84,2.3,5.17,2.1,900.5,0.54,0.31
1995-01-18,-2.2,-8.9,-5.0,85,53,72,1.15,9.91,0.0,903.2,0.84,0.3
1995-01-19,1.2,-10.5,-6.1,79,40,62,1.36,12.7,0.0,906.8,1.19,0.298
1995-01-20,3.0,-7.6,-3.3,74,47,58,1.59,11.9,0.0,907.0,1.24,0.294
1995-01-21,0.3,-5.8,-2.8,92,71,80,1.46,4.16,1.4,904.6,0.43,0.292
1995-01-22,-0.6,-8.6,-3.8,100,68,86,1.06,10.59,0.0,905.1,0.87,0.286
1995-01-23,4.6,-3.5,-0.6,91,72,84,1.23,8.19,0.0,903.8,0.83,0.296
1995-01-24,8.8,-5.2,0.8,94,62,82,2.17,10.06,0.0,902.1,1.16,0.316
1995-01-25,8.1,2.6,5.1,93,61,77,2.43,4.94,0.1,900.5,0.9,0.33
1995-01-26,10.9,-1.2,4.2,98,45,80,1.2,10.94,0.0,903.8,1.37,0.33
1995-01-27,12.3,-1.1,4.2,94,49,76,2.49,11.22,0.0,903.5,1.59,0.321
1995-01-28,9.4,-1.7,3.5,90,57,80,3.69,7.77,7.7,899.1,1.13,0.329
1995-01-29,3.6,-5.8,-1.2,90,58,76,1.31,12.45,0.0,902.5,1.26,0.345
1995-01-30,9.0,-3.7,1.5,91,53,76,1.84,9.97,0.0,900.9,1.26,0.332
1995-01-31,10.8,-2.9,3.4,92,48,73,1.21,12.45,0.0,903.0,1.56,0.323
1995-02-01,11.1,-2.4,4.2,91,52,74,1.01,13.1,0.0,905.7,1.64,0.316
1995-02-02,9.7,1.3,4.7,83,52,74,1.46,8.65,0.0,904.0,1.23,0.313
1995-02-03,6.9,-1.9,2.3,93,43,73,1.05,13.68,0.0,901.0,1.56,0.307
1995-02-04,5.0,-3.3,0.7,84,49,67,2.62,14.32,0.0,899.6,1.58,0.299
1995-02-05,3.0,-3.8,-0.6,82,49,66,1.52,11.12,0.0,895.4,1.23,0.292
1995-02-06,3.6,-4.2,-0.8,94,65,78,1.45,8.32,5.5,889.7,0.89,0.296
1995-02-07,1.8,-1.2,0.1,91,80,87,2.85,7.29,11.8,889.0,0.72,0.309
1995-02-08,3.5,-6.9,-0.8,93,66,83,1.45,13.49,0.0,895.7,1.33,0.312
1995-02-09,4.9,-11.9,-3.6,88,66,77,2.39,15.37,0.0,896.1,1.47,0.318
1995-02-10,8.8,0.3,4.0,84,65,78,2.83,10.6,0.0,900.9,1.36,0.34
1995-02-11,12.6,0.2,5.4,88,52,76,2.11,12.74,0.0,905.1,1.8,0.345
1995-02-12,13.7,-0.7,5.5,90,46,74,1.28,13.7,0.0,907.2,1.89,0.335
1995-02-13,13.9,-1.7,5.7,90,46,71,1.72,15.33,0.0,904.7,2.2,0.325
1995-02-14,12.9,1.4,6.6,82,39,64,2.16,15.27,0.0,899.3,2.26,0.314
1995-02-15,12.9,-1.7,5.3,83,35,62,1.07,15.42,0.0,897.8,2.12,0.305
1995-02-16,13.2,-2.8,4.7,86,36,66,1.2,14.6,0.0,899.6,2.04,0.3
1995-02-17,13.8,-1.8,5.8,85,23,60,1.69,15.6,0.0,901.2,2.35,0.297
1995-02-18,13.8,-1.0,5.6,86,32,62,1.32,14.71,0.0,902.7,2.18,0.292
1995-02-19,16.8,-2.9,6.3,91,32,66,2.16,15.77,0.0,902.0,2.55,0.284
1995-02-20,12.0,4.7,7.5,82,45,70,2.4,9.26,2.2,900.5,1.62,0.283
1995-02-21,7.7,3.2,5.8,95,64,80,2.63,5.63,4.7,900.7,0.9,0.333
1995-02-22,9.1,0.5,5.3,75,41,61,3.72,15.08,0.0,904.2,2.19,0.323
1995-02-23,12.0,-2.7,4.1,82,31,60,1.36,17.71,0.0,905.0,2.4,0.307
1995-02-24,16.3,-2.6,6.1,80,29,57,1.52,17.87,0.0,901.9,2.75,0.297
1995-02-25,16.1,-0.6,6.7,93,25,63,2.56,16.18,0.0,897.6,2.73,0.286
1995-02-26,15.0,1.2,7.1,87,31,63,2.75,15.12,0.0,897.9,2.55,0.278
1995-02-27,16.4,-0.8,7.7,86,30,63,1.33,17.46,0.0,903.6,2.63,0.271
1995-02-28,19.6,0.1,9.7,83,22,59,1.43,17.87,0.0,905.1,3.0,0.262
1995-03-01,11.5,3.2,7.7,82,46,67,3.27,6.51,0.0,905.6,1.5,0.253
1995-03-02,15.5,-1.3,7.2,86,27,56,1.52,19.23,0.0,906.4,2.86,0.247
1995-03-03,19.0,-2.2,8.4,87,26,55,2.22,18.37,0.0,903.6,3.31,0.239
1995-03-04,18.8,2.2,10.3,82,30,57,2.53,17.2,0.1,902.5,3.22,0.23
1995-03-05,18.7,0.8,9.7,86,30,57,2.47,17.8,0.0,901.2,3.3,0.224
1995-03-06,16.9,6.2,10.8,72,34,53,3.81,15.35,1.5,894.7,3.22,0.22
1995-03-07,12.4,2.7,7.2,89,30,61,3.06,17.69,2.7,894.3,2.76,0.248
1995-03-08,13.3,1.4,6.3,86,48,73,3.07,10.5,9.5,898.3,1.72,0.268
1995-03-09,11.5,4.1,7.5,89,39,65,1.38,19.35,1.8,901.7,2.75,0.334
1995-03-10,13.9,-0.5,6.6,77,34,56,2.47,18.54,0.0,899.3,2.81,0.302
1995-03-11,9.7,1.4,5.5,87,45,69,2.07,18.55,0.9,897.0,2.45,0.291
1995-03-12,8.1,2.0,4.7,85,41,64,2.02,11.53,0.0,900.7,1.69,0.284
1995-03-13,10.0,-0.2,4.8,75,44,59,1.12,16.3,0.2,900.4,2.25,0.276
1995-03-14,9.6,1.7,5.2,92,59,78,2.77,6.94,8.1,896.2,1.05,0.3
1995-03-15,16.6,3.9,9.8,88,36,66,2.98,17.97,0.0,889.2,3.07,0.327
1995-03-16,8.7,3.5,7.0,88,58,76,2.65,8.98,4.8,889.5,1.37,0.331
1995-03-17,13.2,0.8,6.4,90,45,67,1.39,20.77,0.0,897.9,2.86,0.321
1995-03-18,13.4,-1.1,6.7,91,39,66,1.43,13.27,0.0,896.4,2.08,0.301
1995-03-19,15.6,-0.9,7.7,91,32,63,1.32,21.15,0.0,899.0,3.2,0.29
1995-03-20,20.3,0.8,10.2,83,28,57,2.37,21.96,0.0,899.8,3.94,0.276
1995-03-21,19.2,3.7,10.4,88,22,56,2.98,21.8,0.0,899.0,3.98,0.261
1995-03-22,16.1,1.8,8.6,87,27,58,3.11,19.53,0.0,897.4,3.44,0.248
1995-03-23,13.2,1.8,7.2,84,32,60,3.36,18.92,2.0,894.6,3.04,0.242
1995-03-24,6.8,1.5,4.4,92,56,74,2.22,15.97,5.2,892.8,1.96,0.287
1995-03-25,5.1,-1.3,1.9,79,38,58,3.49,17.37,1.4,898.4,2.16,0.292
1995-03-26,8.6,-4.5,1.6,68,35,56,1.82,23.25,0.0,901.2,2.84,0.283
1995-03-27,15.0,-3.5,5.3,80,30,57,2.56,23.46,0.0,900.4,3.53,0.272
1995-03-28,15.0,2.5,8.5,81,38,59,3.69,20.25,0.0,899.1,3.41,0.258
1995-03-29,14.8,5.9,9.5,72,34,53,5.27,18.82,0.5,893.6,3.6,0.25
1995-03-30,15.6,4.5,9.5,78,36,58,3.5,18.56,0.0,893.5,3.32,0.241
1995-03-31,17.1,4.6,10.9,80,35,56,4.86,19.21,0.1,898.0,3.91,0.232
1995-04-01,11.8,5.0,8.7,89,48,73,3.77,8.71,11.1,894.2,1.75,0.274
1995-04-02,5.8,1.5,3.5,93,59,74,3.32,16.45,2.5,893.8,1.96,0.332
1995-04-03,5.8,0.2,3.3,71,42,57,3.52,15.74,0.5,897.9,2.14,0.311
1995-04-04,11.8,-2.9,4.8,79,35,57,2.06,21.3,0.0,903.3,2.98,0.293
1995-04-05,18.2,-0.3,8.8,88,30,61,1.69,22.01,0.1,905.4,3.53,0.278
1995-04-06,19.6,4.0,11.6,79,29,57,1.29,23.37,0.0,906.2,3.99,0.264
1995-04-07,20.5,4.6,11.5,91,22,58,2.78,23.91,0.0,901.6,4.41,0.245
1995-04-08,16.8,2.3,9.6,87,24,53,2.47,15.88,0.0,894.1,3.23,0.233
1995-04-09,19.4,5.0,12.0,75,32,55,2.13,19.9,0.8,888.9,3.75,0.229
1995-04-10,15.0,3.5,9.5,81,31,57,4.58,20.46,0.3,886.7,3.49,0.231
1995-04-11,10.2,0.9,5.0,84,29,52,1.86,20.38,3.0,897.6,2.89,0.228
1995-04-12,11.6,0.2,5.9,76,41,58,2.83,16.56,1.9,898.3,2.56,0.23
1995-04-13,12.9,4.2,8.2,86,42,68,1.73,14.44,4.6,895.9,2.29,0.253
1995-04-14,14.1,5.9,9.4,86,40,65,1.8,14.6,1.1,897.7,2.45,0.284
1995-04-15,16.7,3.7,9.9,80,37,59,1.36,20.71,0.0,900.3,3.26,0.266
1995-04-16,19.4,2.3,10.7,93,28,65,1.76,22.68,0.6,897.0,3.91,0.243
1995-04-17,21.5,8.8,14.6,78,29,52,3.78,25.01,0.0,891.5,4.99,0.233
1995-04-18,14.3,4.3,9.2,85,37,65,2.56,21.3,4.3,888.1,3.33,0.232
1995-04-19,12.1,4.6,8.5,80,35,56,2.73,17.49,0.8,895.4,2.9,0.274
1995-04-20,14.2,3.0,9.0,78,33,54,1.27,17.67,0.0,899.7,2.81,0.258
1995-04-21,16.6,2.6,10.8,77,26,47,1.78,19.38,0.0,900.9,3.51,0.244
1995-04-22,19.2,4.7,12.6,72,36,53,2.57,23.3,0.0,902.2,4.19,0.228
1995-04-23,19.6,6.6,13.6,80,34,56,2.24,20.08,0.0,902.0,3.79,0.219
1995-04-24,20.6,6.7,14.1,75,34,55,1.31,21.32,0.0,899.2,3.91,0.209
1995-04-25,23.0,8.1,15.7,88,29,56,1.28,25.65,0.0,899.2,4.68,0.197
1995-04-26,23.9,7.1,16.0,88,26,55,2.59,21.88,0.1,899.7,4.65,0.186
1995-04-27,24.7,9.8,17.0,82,23,49,3.25,20.93,1.5,898.0,4.86,0.177
1995-04-28,20.7,8.8,14.5,72,27,47,2.75,18.8,1.9,895.4,4.05,0.175
1995-04-29,20.4,8.2,14.3,66,25,46,1.19,21.66,0.0,899.7,4.02,0.18
1995-04-30,21.9,6.8,15.6,66,23,41,1.32,26.72,0.0,900.0,4.88,0.171
1995-05-01,20.5,9.2,15.4,77,31,50,2.19,22.51,1.1,895.7,4.4,0.16
1995-05-02,17.0,9.7,13.6,88,46,66,2.14,18.36,1.3,895.3,3.25,0.176
1995-05-03,18.7,8.4,13.5,67,31,50,2.59,24.15,0.1,897.6,4.37,0.176
1995-05-04,15.0,4.8,10.2,87,40,64,2.28,21.03,2.9,898.0,3.47,0.176
1995-05-05,14.1,6.8,9.4,82,57,73,2.06,18.04,13.5,896.7,2.78,0.25
1995-05-06,13.8,4.1,9.0,89,42,67,1.65,21.6,2.1,895.4,3.26,0.321
1995-05-07,15.6,5.3,10.3,89,37,65,1.62,23.36,0.4,899.7,3.79,0.292
1995-05-08,19.3,3.9,12.3,93,36,60,2.9,25.79,0.1,903.3,4.58,0.268
1995-05-09,22.4,5.5,14.3,89,32,58,2.24,27.2,0.0,902.9,5.07,0.239
1995-05-10,20.6,7.4,14.3,90,37,61,1.62,24.33,0.1,900.0,4.38,0.221
1995-05-11,23.7,7.0,16.0,84,23,51,1.32,28.11,0.0,900.4,5.27,0.205
1995-05-12,26.0,8.3,17.6,81,25,53,1.46,28.19,0.6,903.5,5.48,0.187
1995-05-13,27.8,10.4,19.5,84,27,52,1.36,27.9,0.0,904.6,5.51,0.173
1995-05-14,30.0,11.8,21.0,85,23,51,2.27,26.78,0.5,901.4,6.1,0.157
1995-05-15,28.4,10.0,19.9,76,12,38,3.64,29.25,0.0,897.4,7.15,0.14
1995-05-16,21.4,8.4,16.0,73,30,47,2.63,17.52,0.0,898.7,4.0,0.128
1995-05-17,22.0,9.8,16.3,68,22,42,2.91,24.47,0.0,900.5,5.07,0.126
1995-05-18,24.9,7.3,16.8,65,20,38,1.55,29.37,0.0,899.7,5.73,0.124
1995-05-19,27.7,9.1,18.9,82,22,48,2.03,27.13,1.6,899.6,5.77,0.127
1995-05-20,29.2,9.8,19.8,82,17,44,2.45,29.38,0.0,899.8,6.6,0.131
1995-05-21,30.4,9.4,20.7,77,17,42,2.08,29.61,0.0,903.3,6.59,0.119
1995-05-22,33.3,12.8,24.2,71,13,37,1.46,28.22,0.0,906.1,6.33,0.119
1995-05-23,34.3,14.8,24.9,72,12,34,2.53,28.6,0.0,901.3,7.38,0.115
1995-05-24,34.2,12.1,23.5,62,13,32,3.1,27.3,0.1,898.4,7.38,0.108
1995-05-25,32.9,13.5,22.9,45,7,26,2.06,29.84,0.0,899.5,6.94,0.106
1995-05-26,33.0,11.4,23.4,60,7,27,2.25,30.32,0.0,899.3,7.32,0.104
1995-05-27,32.5,12.3,23.7,51,19,31,1.53,27.63,1.6,900.6,6.18,0.105
1995-05-28,32.8,15.1,24.2,54,11,30,1.99,28.62,0.0,900.7,6.81,0.112
1995-05-29,31.1,14.5,23.4,54,13,32,1.99,29.15,0.0,901.6,6.81,0.105
1995-05-30,32.2,14.0,23.7,55,14,31,2.05,29.64,0.0,900.2,6.98,0.103
1995-05-31,30.4,13.4,22.1,57,16,32,2.24,28.83,0.1,898.8,6.75,0.102
1995-06-01,28.4,13.5,20.3,64,29,51,1.92,21.19,1.4,899.9,4.7,0.108
1995-06-02,31.2,12.4,22.4,88,13,45,2.69,29.22,0.0,901.1,6.95,0.12
1995-06-03,32.2,15.2,24.1,52,17,32,2.49,26.55,0.0,901.3,6.91,0.115
1995-06-04,31.4,15.3,23.7,70,14,38,2.3,27.5,0.0,901.2,6.72,0.109
1995-06-05,31.1,15.3,23.5,52,18,34,1.98,27.69,0.0,901.3,6.65,0.105
1995-06-06,27.3,17.0,22.1,62,31,45,2.29,24.74,0.6,900.9,5.62,0.114
1995-06-07,29.5,13.9,22.3,64,18,40,1.84,29.03,0.0,900.9,6.49,0.133
1995-06-08,25.6,15.0,19.7,77,34,54,1.63,19.72,7.0,898.3,4.24,0.146
1995-06-09,26.4,10.7,18.5,92,24,58,2.56,27.54,0.0,898.1,5.86,0.197
1995-06-10,25.3,15.1,19.7,68,26,48,1.26,18.22,0.0,900.9,4.0,0.179
1995-06-11,28.9,13.0,21.8,61,19,38,1.78,27.96,0.0,901.5,6.29,0.161
1995-06-12,31.3,14.9,23.1,70,18,40,2.27,27.34,0.2,902.9,6.68,0.14
1995-06-13,30.9,15.4,23.4,60,22,38,2.24,27.22,0.0,903.3,6.62,0.13
1995-06-14,31.4,14.0,23.8,71,23,42,1.42,26.36,1.2,902.1,5.98,0.13
1995-06-15,32.4,15.3,23.6,64,21,40,1.9,24.99,1.3,900.3,5.9,0.142
1995-06-16,33.2,15.3,24.9,63,21,39,1.53,28.03,0.3,900.1,6.41,0.152
1995-06-17,33.2,20.1,26.2,53,21,36,2.03,26.4,0.0,900.4,6.66,0.137
1995-06-18,31.9,17.0,24.9,68,21,43,1.95,26.89,0.6,900.1,6.33,0.138
1995-06-19,35.2,17.0,25.8,64,14,37,2.67,30.18,0.0,899.8,7.77,0.134
1995-06-20,28.0,18.2,22.4,71,36,57,2.2,23.35,7.1,901.5,5.17,0.143
1995-06-21,26.0,15.6,20.9,69,21,42,4.71,27.42,0.2,903.6,6.71,0.195
1995-06-22,29.0,12.7,21.5,56,14,32,2.03,31.01,0.0,903.0,6.61,0.171
1995-06-23,34.2,11.9,24.4,51,12,29,1.34,31.09,0.0,899.2,6.77,0.154
1995-06-24,34.7,14.0,25.5,71,7,34,1.91,31.41,0.0,897.6,7.43,0.137
1995-06-25,34.9,17.9,27.3,52,14,30,1.96,30.18,0.0,899.8,7.24,0.124
1995-06-26,35.5,19.4,27.9,42,13,29,2.15,29.78,0.0,901.4,7.55,0.119
1995-06-27,34.0,17.9,27.6,48,13,28,3.16,29.01,0.0,898.3,8.15,0.115
1995-06-28,28.7,18.9,23.6,45,24,35,3.23,26.95,0.1,891.1,6.75,0.109
1995-06-29,28.4,17.1,22.3,50,24,38,2.35,24.93,0.0,894.8,6.0,0.11
1995-06-30,28.5,17.3,23.2,53,30,41,1.61,26.21,0.0,900.2,5.74,0.106
1995-07-01,29.5,17.3,22.9,55,26,43,1.78,25.69,0.2,898.8,5.64,0.107
1995-07-02,28.1,17.5,22.8,61,27,43,2.95,26.62,0.1,894.4,6.34,0.114
1995-07-03,27.2,17.5,22.3,64,28,45,3.42,25.21,1.3,895.9,6.17,0.122
1995-07-04,30.0,16.5,23.3,65,23,43,2.68,22.03,0.0,900.7,5.45,0.12
1995-07-05,32.8,17.5,25.5,47,13,29,3.02,30.25,0.0,901.2,7.78,0.111
1995-07-06,30.5,18.6,25.5,35,13,25,3.93,30.43,0.0,900.5,8.31,0.104
1995-07-07,30.3,16.2,24.5,50,22,31,2.52,30.15,0.0,900.7,7.18,0.099
1995-07-08,32.2,17.7,24.5,54,19,31,2.28,24.58,0.3,897.5,6.21,0.104
1995-07-09,27.8,15.5,21.0,75,27,54,2.91,25.76,1.2,894.9,5.82,0.116
1995-07-10,26.7,16.3,21.6,71,30,49,1.79,21.59,0.0,894.1,4.75,0.126
1995-07-11,26.4,16.7,21.0,75,31,51,2.54,22.9,2.8,892.2,5.18,0.121
1995-07-12,26.3,14.4,20.4,85,34,60,1.72,21.45,0.6,895.2,4.55,0.134
1995-07-13,28.2,16.7,22.4,81,30,55,1.84,22.76,0.0,898.2,5.16,0.134
1995-07-14,28.8,16.9,22.4,77,30,54,2.06,25.13,1.1,898.1,5.55,0.128
1995-07-15,29.1,17.2,23.1,78,28,51,2.23,19.43,0.0,898.1,4.91,0.12
1995-07-16,30.8,18.4,24.7,56,18,36,2.2,27.75,0.0,897.3,6.55,0.107
1995-07-17,30.8,18.9,24.6,48,22,35,2.4,25.96,0.1,895.5,6.47,0.103
1995-07-18,30.6,17.3,24.4,69,22,43,2.57,25.5,0.0,897.7,6.18,0.104
1995-07-19,31.6,17.7,25.3,49,17,30,2.35,29.85,0.0,898.5,7.17,0.102
1995-07-20,32.5,18.7,26.2,39,19,28,2.94,29.32,0.0,898.0,7.65,0.1
1995-07-21,29.5,19.7,25.0,57,18,31,4.96,29.58,0.0,898.7,8.42,0.098
1995-07-22,28.1,17.8,23.0,62,29,42,4.55,24.96,0.0,896.7,6.81,0.097
1995-07-23,29.0,16.2,22.8,57,21,40,2.7,26.34,0.0,895.4,6.32,0.097
1995-07-24,29.5,17.2,24.1,57,24,38,2.51,24.7,0.0,897.1,6.17,0.096
1995-07-25,30.3,17.1,23.8,59,19,39,2.49,29.03,0.0,899.8,6.82,0.096
1995-07-26,29.4,18.4,23.7,64,26,45,2.67,15.94,0.0,901.5,4.57,0.095
1995-07-27,29.2,19.0,24.5,51,26,35,3.93,28.5,0.0,900.8,7.44,0.094
1995-07-28,28.3,17.4,23.2,51,22,34,3.1,28.55,0.0,899.1,6.87,0.094
1995-07-29,28.4,15.6,22.6,43,22,31,2.67,29.25,0.0,898.9,6.82,0.094
1995-07-30,30.2,15.9,23.7,36,17,26,2.08,29.18,0.0,898.7,6.78,0.094
1995-07-31,32.9,16.5,25.4,33,17,25,1.67,28.88,0.0,898.4,6.7,0.093
1995-08-01,35.5,18.6,27.9,37,15,25,1.22,27.74,0.0,899.0,6.33,0.092
1995-08-02,35.6,20.6,28.6,50,15,29,1.68,28.14,0.0,897.1,6.87,0.092
1995-08-03,35.2,20.8,27.9,47,20,33,1.47,27.58,0.0,894.3,6.53,0.093
1995-08-04,34.3,18.3,27.2,67,11,37,1.76,28.71,0.0,894.7,6.89,0.093
1995-08-05,32.2,20.7,27.2,54,25,39,2.69,24.27,0.0,899.2,6.39,0.092
1995-08-06,32.0,21.6,26.6,52,29,39,2.84,23.81,0.4,898.8,6.42,0.094
1995-08-07,30.3,20.3,25.4,59,29,44,2.63,23.75,0.0,899.4,5.99,0.096
1995-08-08,30.3,18.7,25.0,50,22,34,2.94,27.9,0.0,900.1,6.99,0.096
1995-08-09,31.4,16.4,25.1,42,16,28,2.37,28.4,0.0,899.4,6.96,0.096
1995-08-10,31.0,17.9,24.8,41,21,29,2.6,28.07,0.0,900.6,6.89,0.096
1995-08-11,31.5,17.3,25.1,43,19,31,2.54,26.69,0.0,899.7,6.83,0.096
1995-08-12,28.4,17.2,23.0,63,26,43,3.0,25.54,0.0,901.5,6.15,0.096
1995-08-13,28.9,16.4,22.7,51,26,36,3.09,27.49,0.0,902.6,6.65,0.096
1995-08-14,30.7,16.2,23.3,48,15,32,2.16,27.84,0.0,900.9,6.45,0.096
1995-08-15,32.5,15.5,24.9,34,10,21,1.83,27.87,0.0,897.8,6.58,0.096
1995-08-16,35.1,17.3,27.0,39,13,21,1.5,27.51,0.0,895.5,6.37,0.096
1995-08-17,34.2,15.9,25.7,74,16,40,1.71,27.38,0.0,896.4,6.28,0.096
1995-08-18,33.3,18.7,26.6,67,23,41,1.99,24.56,0.0,900.0,6.01,0.096
1995-08-19,33.4,21.5,27.3,47,24,36,2.54,23.59,0.0,901.4,6.39,0.097
1995-08-20,33.4,19.1,26.3,60,23,39,1.87,24.65,0.0,899.9,5.96,0.097
1995-08-21,32.7,18.8,26.3,63,17,37,1.5,23.53,0.3,898.0,5.61,0.096
1995-08-22,30.2,20.1,23.9,74,33,51,1.8,20.63,5.4,897.6,4.72,0.098
1995-08-23,26.6,16.9,21.7,89,35,62,2.72,18.58,3.1,898.9,4.34,0.177
1995-08-24,28.4,16.4,22.2,73,28,50,1.77,22.94,0.0,900.3,4.9,0.166
1995-08-25,30.8,16.8,23.8,62,26,42,1.19,22.47,0.0,901.8,4.85,0.149
1995-08-26,32.7,16.5,24.5,64,19,39,1.62,25.53,0.0,902.6,5.79,0.139
1995-08-27,35.0,17.7,26.6,56,18,34,2.79,24.45,0.0,900.1,6.83,0.138
1995-08-28,32.1,18.2,25.6,61,21,38,2.13,22.6,0.0,899.1,5.83,0.132
1995-08-29,33.3,17.3,25.3,65,15,39,1.37,25.31,0.0,897.5,5.56,0.127
1995-08-30,30.8,15.7,23.6,79,14,44,2.75,24.76,0.0,896.5,6.15,0.117
1995-08-31,30.9,15.7,23.4,55,21,39,1.91,24.87,0.0,901.7,5.59,0.108
1995-09-01,34.5,15.2,25.0,59,7,28,2.01,25.66,0.0,899.8,6.46,0.1
1995-09-02,29.0,14.3,22.5,49,21,32,2.08,24.74,0.0,898.5,5.74,0.097
1995-09-03,29.6,16.7,23.4,46,18,31,2.76,23.09,0.0,897.5,6.12,0.096
1995-09-04,28.5,17.2,22.6,51,28,41,2.08,20.35,0.0,896.6,4.87,0.097
1995-09-05,31.1,15.4,23.5,56,20,38,1.22,23.57,0.0,898.5,5.04,0.097
1995-09-06,33.0,15.8,25.0,69,19,40,2.17,23.68,0.0,900.6,5.9,0.095
1995-09-07,31.0,17.5,24.4,67,21,41,3.55,23.05,0.0,898.8,6.48,0.095
1995-09-08,26.3,17.6,21.7,69,26,44,2.23,20.37,0.0,900.3,4.79,0.096
1995-09-09,28.9,13.6,20.9,49,15,33,1.61,23.86,0.0,901.1,5.2,0.095
1995-09-10,31.7,12.9,22.8,49,18,31,1.5,23.47,0.0,898.6,5.3,0.093
1995-09-11,28.7,15.6,22.2,57,25,40,2.18,22.99,0.0,901.3,5.28,0.093
1995-09-12,31.7,15.5,23.8,46,18,31,1.99,23.22,0.0,903.8,5.54,0.094
1995-09-13,33.6,15.9,24.9,44,10,29,1.27,22.63,0.0,903.9,5.01,0.092
1995-09-14,32.9,16.2,24.6,56,14,32,1.99,22.71,0.0,902.8,5.63,0.091
1995-09-15,34.2,15.4,25.3,45,15,28,1.62,22.32,0.0,900.9,5.35,0.088
1995-09-16,34.1,15.3,24.3,72,11,40,2.51,22.29,0.0,900.1,5.9,0.083
1995-09-17,28.0,16.1,22.6,54,22,38,2.12,20.87,0.0,901.9,4.97,0.082
1995-09-18,27.9,15.5,22.2,42,13,29,2.52,21.13,0.0,902.1,5.45,0.083
1995-09-19,22.1,14.1,18.3,66,28,43,4.26,17.58,0.0,901.8,4.71,0.083
1995-09-20,19.1,9.5,13.9,62,25,42,2.82,20.51,0.0,903.6,4.08,0.084
1995-09-21,25.8,6.4,15.7,50,10,30,1.4,22.35,0.0,904.2,4.39,0.083
1995-09-22,29.0,7.9,19.3,54,18,31,2.06,20.85,0.0,902.0,4.99,0.08
1995-09-23,28.4,12.3,20.7,73,23,45,2.14,18.73,0.0,899.1,4.59,0.077
1995-09-24,23.3,14.4,17.8,71,40,58,2.06,15.24,0.5,898.9,3.27,0.078
1995-09-25,20.7,12.5,16.3,54,26,42,2.39,19.77,0.0,903.8,4.16,0.083
1995-09-26,25.2,8.5,17.0,49,16,33,1.43,20.67,0.0,904.9,4.19,0.081
1995-09-27,27.3,10.5,19.8,49,26,35,1.68,18.34,0.0,903.1,4.25,0.077
1995-09-28,24.2,14.3,19.6,71,39,51,1.89,16.0,0.0,901.8,3.55,0.075
1995-09-29,27.9,13.2,19.7,67,28,52,3.1,14.16,0.4,900.6,3.85,0.076
1995-09-30,25.8,13.6,19.6,78,23,50,2.74,18.72,0.0,898.9,4.45,0.08
1995-10-01,27.6,11.7,18.4,79,17,48,2.59,19.67,0.0,899.2,4.66,0.079
1995-10-02,14.6,7.7,10.5,91,50,74,3.69,4.45,10.4,897.6,1.14,0.147
1995-10-03,13.5,5.9,9.3,73,38,55,3.33,14.13,0.0,906.1,2.67,0.206
1995-10-04,14.8,3.2,9.4,69,32,50,2.13,19.57,0.0,908.0,3.21,0.195
1995-10-05,17.5,3.3,10.7,69,29,48,1.73,19.49,0.0,906.8,3.32,0.184
1995-10-06,20.1,4.2,12.1,75,23,47,1.94,19.27,0.0,905.5,3.61,0.175
1995-10-07,21.1,7.0,13.6,58,23,41,2.38,18.86,0.0,905.3,3.93,0.16
1995-10-08,17.1,6.0,11.5,72,35,50,2.71,18.72,0.0,905.1,3.42,0.146
1995-10-09,18.2,4.3,11.4,82,33,56,2.09,18.26,0.0,904.4,3.21,0.139
1995-10-10,20.0,5.9,12.7,69,23,46,1.99,18.33,0.0,902.7,3.5,0.134
1995-10-11,19.6,6.0,13.1,52,30,41,2.15,18.01,0.0,902.6,3.57,0.121
1995-10-12,17.3,6.9,12.3,78,37,55,2.74,16.17,0.0,905.3,3.06,0.108
1995-10-13,20.4,6.1,12.5,75,30,51,2.51,17.59,0.0,905.6,3.43,0.104
1995-10-14,22.3,6.6,13.9,62,28,46,1.79,17.53,0.0,903.4,3.47,0.103
1995-10-15,22.5,5.8,13.8,66,23,42,2.11,17.52,0.0,900.5,3.66,0.102
1995-10-16,21.2,7.0,14.0,48,28,38,2.55,17.13,0.0,901.5,3.69,0.1
1995-10-17,19.4,6.3,12.9,81,39,56,2.36,16.45,0.0,905.2,3.11,0.1
1995-10-18,22.2,6.1,14.1,72,28,47,1.92,16.75,0.0,906.6,3.4,0.099
1995-10-19,22.6,7.8,14.5,58,26,41,1.92,15.97,0.0,904.9,3.46,0.097
1995-10-20,19.0,5.3,12.5,58,24,39,1.93,16.83,0.0,903.3,3.24,0.097
1995-10-21,21.9,2.4,11.5,59,11,33,1.44,17.0,0.0,900.7,3.23,0.097
1995-10-22,22.0,2.8,12.8,77,24,42,1.45,16.22,0.0,899.7,3.1,0.095
1995-10-23,18.4,6.7,12.8,64,30,43,2.56,13.47,0.3,902.2,2.96,0.093
1995-10-24,16.6,7.4,11.8,79,40,59,1.91,12.0,1.0,904.6,2.25,0.106
1995-10-25,20.6,11.3,15.4,80,43,65,3.5,9.17,1.2,905.3,2.49,0.124
1995-10-26,24.5,10.7,16.9,81,28,53,1.78,11.76,0.0,905.4,2.87,0.121
1995-10-27,25.6,10.9,17.7,63,19,37,3.71,14.44,0.0,902.7,4.34,0.112
1995-10-28,21.0,5.6,11.8,95,20,59,2.12,14.18,0.0,900.3,2.76,0.108
1995-10-29,16.4,4.3,9.9,87,31,61,2.09,12.1,0.0,900.0,2.2,0.107
1995-10-30,13.7,3.6,8.7,93,39,64,1.17,12.16,0.0,904.5,1.9,0.112
1995-10-31,15.3,1.4,8.4,79,27,53,1.38,14.92,0.0,904.3,2.37,0.115
1995-11-01,16.4,0.9,8.7,73,25,49,1.38,14.47,0.0,898.9,2.39,0.119
1995-11-02,16.4,5.3,10.2,85,50,61,1.54,8.87,0.3,893.5,1.67,0.124
1995-11-03,19.2,5.7,11.1,94,27,66,2.76,11.9,0.0,895.4,2.4,0.125
1995-11-04,15.8,8.1,12.3,83,50,67,4.79,7.64,0.0,898.4,2.21,0.114
1995-11-05,19.5,11.4,14.7,83,45,65,4.33,10.04,0.0,899.9,2.59,0.117
1995-11-06,18.3,10.4,13.5,83,40,61,4.14,9.24,0.0,897.2,2.53,0.115
1995-11-07,11.5,5.3,9.5,78,38,60,5.52,9.74,6.3,887.5,2.34,0.17
1995-11-08,7.8,-0.6,4.2,81,34,58,3.0,13.56,0.8,890.9,1.9,0.193
1995-11-09,6.3,-2.6,1.7,91,53,72,1.36,10.16,0.0,896.5,1.21,0.195
1995-11-10,2.4,-3.6,-0.8,89,48,67,2.9,11.61,0.4,901.6,1.21,0.198
1995-11-11,5.2,-4.5,-0.6,69,32,52,1.22,13.78,0.0,908.5,1.5,0.196
1995-11-12,9.3,-5.2,1.3,75,28,51,0.96,13.56,0.0,905.3,1.66,0.197
1995-11-13,11.5,-3.1,3.7,82,32,56,1.23,12.73,0.0,903.8,1.75,0.193
1995-11-14,15.9,-1.0,6.5,79,29,57,1.18,12.83,0.0,905.5,1.88,0.186
1995-11-15,18.5,-0.2,7.2,91,26,65,2.11,12.0,0.0,905.5,2.07,0.176
1995-11-16,17.6,2.5,9.0,91,28,64,1.76,11.51,0.0,904.2,2.02,0.168
1995-11-17,18.2,1.2,8.8,90,27,62,1.43,12.44,0.0,902.3,2.02,0.163
1995-11-18,16.0,-0.4,7.4,92,24,62,2.35,8.41,0.0,898.3,1.86,0.158
1995-11-19,15.4,4.8,10.7,79,58,70,4.11,7.15,6.1,894.0,1.73,0.161
1995-11-20,15.1,6.6,10.6,91,41,69,2.79,9.22,8.0,891.5,1.83,0.296
1995-11-21,9.9,3.9,6.8,85,54,69,2.96,7.85,1.5,893.0,1.39,0.27
1995-11-22,4.3,-0.0,1.3,100,60,88,2.67,4.0,20.6,893.4,0.47,0.266
1995-11-23,0.5,-7.8,-2.0,85,77,81,3.74,7.86,1.9,898.2,0.76,0.259
1995-11-24,-4.8,-15.6,-8.2,85,67,79,2.09,11.46,0.0,902.2,0.75,0.244
1995-11-25,-6.0,-21.8,-14.3,88,69,78,1.54,12.68,0.0,904.8,0.74,0.234
1995-11-26,-4.5,-18.4,-12.2,84,53,72,0.8,12.44,0.0,905.4,0.81,0.231
1995-11-27,-0.7,-16.8,-9.6,83,53,72,1.09,12.16,0.0,904.0,0.94,0.227
1995-11-28,1.0,-14.8,-7.6,79,50,69,1.37,11.94,0.0,904.1,1.04,0.222
1995-11-29,3.7,-12.2,-4.6,84,44,70,1.54,10.07,0.0,902.1,0.99,0.227
1995-11-30,7.6,-5.7,-0.3,94,48,75,1.43,10.25,0.0,902.4,1.16,0.239
1995-12-01,5.2,-4.2,-0.1,94,70,87,1.14,8.98,0.0,907.4,0.94,0.252
1995-12-02,3.4,-1.4,1.2,95,78,87,1.0,4.59,0.0,909.5,0.55,0.26
1995-12-03,3.5,-1.7,0.7,93,57,77,0.88,9.54,0.0,905.8,0.98,0.261
1995-12-04,4.0,-3.1,0.2,85,45,67,0.72,9.64,0.0,900.2,1.02,0.259
1995-12-05,9.1,-3.5,1.7,94,46,72,1.39,10.49,0.0,898.2,1.21,0.26
1995-12-06,10.7,-0.7,4.0,84,50,70,1.17,9.4,0.0,904.2,1.25,0.257
1995-12-07,7.8,0.1,4.3,91,62,76,1.04,6.4,0.0,905.1,0.89,0.251
1995-12-08,4.8,0.2,2.9,87,59,73,2.6,5.59,0.5,906.4,0.91,0.251
1995-12-09,1.1,-3.6,-0.5,79,56,66,3.05,7.14,0.2,906.9,0.93,0.248
1995-12-10,3.0,-0.4,1.3,86,71,81,2.35,4.42,4.3,902.7,0.62,0.242
1995-12-11,3.2,0.7,1.6,87,67,79,1.81,6.18,2.0,901.2,0.73,0.242
1995-12-12,4.6,-0.3,1.9,91,63,79,1.2,6.52,0.0,901.2,0.81,0.248
1995-12-13,4.1,-1.0,2.0,89,68,80,1.25,5.94,0.0,906.0,0.72,0.265
1995-12-14,4.2,-2.7,0.1,92,64,82,0.96,7.87,0.0,906.5,0.85,0.274
1995-12-15,1.7,-3.9,-1.6,92,65,83,0.91,9.53,0.0,906.7,0.89,0.271
1995-12-16,3.7,-4.1,0.1,88,67,76,1.38,5.52,0.0,907.0,0.68,0.27
1995-12-17,1.9,-2.6,0.2,87,55,74,1.86,4.9,0.0,908.7,0.67,0.267
1995-12-18,4.2,-7.2,-2.2,90,50,74,1.3,10.47,0.0,906.5,1.04,0.26
1995-12-19,7.5,-5.8,-0.6,91,38,71,2.16,9.58,0.0,903.8,1.17,0.253
1995-12-20,8.7,-0.6,4.2,79,47,64,2.88,5.84,0.0,901.0,1.22,0.248
1995-12-21,11.2,3.1,6.4,87,59,75,2.89,7.69,0.4,900.1,1.24,0.248
1995-12-22,6.2,2.5,4.6,88,66,78,1.58,3.6,0.6,905.2,0.61,0.252
1995-12-23,10.9,-0.6,4.1,91,46,75,1.44,9.67,0.0,905.2,1.24,0.248
1995-12-24,11.2,1.2,5.5,89,52,75,2.61,7.27,0.0,903.0,1.19,0.242
1995-12-25,13.8,4.3,8.2,85,50,73,2.6,7.17,0.8,901.4,1.35,0.237
1995-12-26,13.2,5.5,8.8,91,57,78,2.56,5.79,0.0,901.2,1.09,0.234
1995-12-27,16.7,6.4,10.7,86,43,71,2.99,8.39,0.0,902.8,1.73,0.227
1995-12-28,13.8,3.5,7.9,90,43,72,2.34,8.36,0.1,902.9,1.45,0.219
1995-12-29,14.6,4.0,7.7,89,41,71,2.18,8.34,0.0,904.2,1.47,0.213
1995-12-30,14.9,2.6,7.6,94,32,66,3.48,9.49,0.0,898.8,2.0,0.208
1995-12-31,12.1,3.1,7.4,90,51,72,1.92,7.19,0.0,899.7,1.22,0.201
1996-01-01,13.0,1.3,5.9,94,47,74,3.24,8.12,0.0,898.9,1.49,0.197
1996-01-02,9.3,6.0,7.6,85,68,76,3.78,5.34,3.8,895.5,1.08,0.223
1996-01-03,9.3,5.2,6.9,89,67,83,3.27,4.28,2.5,891.0,0.78,0.249
1996-01-04,9.3,4.9,6.9,93,65,83,1.69,5.04,2.6,887.8,0.79,0.271
1996-01-05,10.2,3.2,6.0,95,48,76,2.77,6.25,0.1,888.0,1.07,0.27
1996-01-06,6.8,1.4,3.9,88,47,70,2.94,8.56,1.6,889.7,1.24,0.264
1996-01-07,5.3,0.8,2.8,79,56,68,1.23,6.89,0.4,900.2,0.94,0.261
1996-01-08,6.3,-0.3,2.5,84,60,73,0.97,10.79,0.0,903.8,1.21,0.253
1996-01-09,5.7,-1.1,2.4,89,53,72,1.25,9.05,0.3,905.3,1.07,0.248
1996-01-10,5.0,0.5,2.7,91,65,79,1.61,6.11,0.4,904.5,0.77,0.251
1996-01-11,4.8,-0.5,2.2,86,45,68,2.24,8.53,0.0,904.8,1.15,0.246
1996-01-12,4.4,-2.9,0.8,79,50,66,1.94,10.15,0.0,903.7,1.15,0.239
1996-01-13,6.0,-4.9,-0.2,82,44,67,0.84,11.49,0.0,902.7,1.23,0.237
1996-01-14,7.3,-5.8,0.2,85,45,65,1.21,11.73,0.0,901.0,1.37,0.236
1996-01-15,5.2,-1.9,1.2,78,54,67,1.3,11.24,0.0,898.1,1.25,0.233
1996-01-16,5.7,-1.9,1.5,88,60,77,1.42,6.45,3.2,894.4,0.8,0.236
1996-01-17,4.4,-1.0,1.3,95,77,88,1.97,6.68,5.1,891.1,0.75,0.256
1996-01-18,1.6,-1.9,0.2,90,81,86,3.58,6.35,7.1,893.4,0.62,0.264
1996-01-19,-0.4,-3.4,-1.7,88,76,83,0.85,8.4,0.0,898.4,0.79,0.264
1996-01-20,0.4,-10.6,-5.1,89,75,84,1.26,10.16,0.0,899.8,0.8,0.262
1996-01-21,1.1,-9.3,-3.8,91,80,84,1.61,8.91,0.0,898.7,0.8,0.261
1996-01-22,1.4,-8.0,-2.4,95,55,78,1.02,10.23,0.0,899.9,0.97,0.261
1996-01-23,-0.2,-8.7,-4.4,84,57,72,1.58,9.77,0.0,901.8,0.92,0.257
1996-01-24,-0.7,-12.5,-6.4,85,49,68,1.31,12.96,0.0,904.3,1.11,0.256
1996-01-25,3.8,-11.8,-4.9,82,32,59,1.27,12.03,0.0,906.8,1.24,0.259
1996-01-26,6.7,-6.2,-0.4,87,38,63,0.98,10.11,0.0,904.7,1.23,0.265
1996-01-27,7.8,-2.4,1.7,80,36,62,1.17,8.29,0.0,897.9,1.14,0.271
1996-01-28,10.1,-4.5,1.4,88,46,73,1.46,12.43,0.0,897.1,1.54,0.273
1996-01-29,8.9,-2.4,3.2,89,55,77,1.06,9.97,2.9,900.4,1.21,0.287
1996-01-30,10.5,-1.2,3.8,93,50,76,1.7,11.33,0.0,900.5,1.54,0.282
1996-01-31,7.1,1.8,4.1,89,68,82,1.19,6.31,1.8,896.7,0.85,0.284
1996-02-01,2.5,-2.6,1.3,96,53,76,3.53,4.33,2.5,899.2,0.82,0.304
1996-02-02,1.3,-6.8,-2.9,75,34,55,2.01,14.53,0.0,905.1,1.43,0.291
1996-02-03,4.6,-8.4,-2.7,68,28,51,0.91,14.77,0.0,900.0,1.56,0.284
1996-02-04,8.1,-7.5,-0.9,86,46,70,1.9,13.53,0.0,896.8,1.59,0.275
1996-02-05,8.6,-2.3,2.8,92,58,78,2.94,6.83,1.1,894.7,1.12,0.275
1996-02-06,11.8,6.1,8.1,81,54,71,5.23,8.97,0.6,887.5,1.81,0.28
1996-02-07,12.2,3.7,7.4,88,48,74,3.59,9.5,0.0,891.5,1.68,0.278
1996-02-08,11.9,4.6,7.6,85,58,74,4.39,9.06,4.0,886.3,1.61,0.284
1996-02-09,11.0,4.5,7.4,85,47,70,4.23,7.66,1.7,886.6,1.62,0.299
1996-02-10,10.1,3.4,5.7,94,61,83,1.39,10.51,3.6,891.6,1.38,0.303
1996-02-11,7.1,3.3,5.0,91,56,76,1.46,8.21,0.2,899.9,1.15,0.314
1996-02-12,12.4,1.6,6.7,86,44,67,1.58,14.07,0.0,902.9,2.02,0.297
1996-02-13,12.8,3.6,7.3,93,43,70,2.56,10.88,0.0,899.3,1.84,0.286
1996-02-14,14.1,3.2,8.4,85,36,62,1.26,13.78,0.2,895.6,2.11,0.277
1996-02-15,13.9,2.4,7.5,94,40,70,1.58,13.27,0.1,900.0,1.94,0.271
1996-02-16,10.5,4.7,6.9,89,63,79,1.22,11.49,5.6,897.6,1.56,0.283
1996-02-17,11.3,3.5,7.8,87,48,74,1.49,11.01,1.6,895.0,1.65,0.316
1996-02-18,11.7,2.3,6.0,91,42,73,2.13,12.95,1.0,895.8,1.89,0.3
1996-02-19,12.6,1.6,6.4,90,47,74,1.76,14.01,0.9,899.1,1.98,0.291
1996-02-20,13.8,-0.6,6.3,91,41,70,1.35,16.03,0.0,902.2,2.32,0.285
1996-02-21,16.7,-1.9,7.5,91,20,57,1.27,17.16,0.0,903.0,2.58,0.272
1996-02-22,16.5,-1.2,7.4,82,28,58,2.18,14.66,0.0,900.5,2.6,0.26
1996-02-23,17.1,3.7,9.4,88,19,56,4.01,14.54,0.0,896.9,3.3,0.251
1996-02-24,12.4,2.7,9.1,80,27,51,4.45,15.25,0.7,895.3,3.1,0.246
1996-02-25,11.9,-3.8,4.4,92,26,63,2.32,17.15,0.1,899.1,2.53,0.241
1996-02-26,5.6,1.2,3.1,85,67,74,2.05,12.33,4.2,897.8,1.43,0.247
1996-02-27,3.4,-1.6,1.3,88,58,74,3.13,12.18,1.1,897.8,1.37,0.265
1996-02-28,5.4,-0.6,2.2,82,49,68,1.76,12.84,0.1,901.1,1.58,0.267
1996-02-29,9.3,-2.2,3.3,81,43,63,1.44,17.37,1.6,897.8,2.17,0.268
1996-03-01,9.2,2.3,4.9,96,54,80,1.41,11.91,3.7,887.9,1.5,0.291
1996-03-02,7.4,-0.2,3.2,98,40,77,1.37,14.69,5.2,888.6,1.75,0.308
1996-03-03,10.8,-3.7,3.8,91,43,66,3.89,17.18,0.1,890.4,2.41,0.298
1996-03-04,7.9,2.0,4.7,96,60,79,1.79,12.02,6.2,893.2,1.61,0.306
1996-03-05,10.1,1.9,5.3,98,52,81,3.81,11.4,5.0,892.2,1.65,0.333
1996-03-06,7.9,0.6,4.6,92,80,85,3.39,6.39,21.6,885.3,0.92,0.391
1996-03-07,0.8,-0.8,0.0,90,76,83,3.54,9.84,4.4,891.9,0.92,0.357
1996-03-08,1.1,-1.4,0.0,92,79,86,1.24,13.6,0.3,900.8,1.27,0.351
1996-03-09,4.8,-2.6,1.2,92,69,83,1.03,18.17,0.0,900.1,1.9,0.366
1996-03-10,6.4,0.5,2.4,95,70,87,1.22,14.58,2.2,893.5,1.66,0.379
1996-03-11,5.8,0.9,2.6,92,68,82,1.91,12.87,1.0,896.0,1.47,0.379
1996-03-12,8.4,1.1,4.3,86,52,70,1.09,17.27,0.0,901.2,2.14,0.372
1996-03-13,13.4,-2.8,5.0,93,40,71,1.33,20.17,0.0,898.6,2.82,0.355
1996-03-14,13.3,1.0,7.0,88,51,70,1.36,12.66,0.2,897.6,2.02,0.337
1996-03-15,16.6,2.4,10.0,84,38,63,1.46,18.35,0.0,898.0,2.99,0.329
1996-03-16,19.3,3.1,11.0,89,32,62,1.5,18.56,0.0,897.2,3.19,0.32
1996-03-17,14.6,4.8,8.8,91,35,68,2.78,17.52,0.9,890.5,2.79,0.309
1996-03-18,7.2,0.9,4.6,83,52,66,2.81,13.41,0.3,891.0,1.86,0.303
1996-03-19,10.3,1.9,5.9,81,49,64,1.48,15.59,0.1,894.9,2.2,0.297
1996-03-20,9.5,3.1,5.7,93,67,81,0.88,11.76,8.9,894.3,1.63,0.332
1996-03-21,9.7,1.5,5.2,93,61,81,1.46,16.52,5.5,894.6,2.12,0.355
1996-03-22,10.9,1.9,5.7,94,51,78,1.25,17.96,3.2,894.8,2.43,0.365
1996-03-23,8.6,2.7,4.7,99,61,84,1.98,13.04,7.4,892.1,1.65,0.369
1996-03-24,7.3,0.5,3.6,90,63,78,2.91,18.07,6.2,894.9,2.06,0.366
1996-03-25,7.4,1.0,3.9,84,49,68,3.73,14.67,1.4,897.5,2.04,0.362
1996-03-26,9.6,-1.4,3.8,83,36,64,1.54,18.57,0.1,897.0,2.53,0.345
1996-03-27,8.6,0.2,4.3,86,35,61,1.99,17.68,2.9,899.2,2.24,0.341
1996-03-28,13.0,-1.3,5.9,80,49,64,3.24,18.86,0.5,898.8,2.76,0.339
1996-03-29,18.5,4.0,11.0,83,38,62,3.93,20.18,0.1,896.9,3.8,0.329
1996-03-30,17.6,5.3,11.2,88,30,62,2.3,21.56,0.2,895.0,3.67,0.312
1996-03-31,18.9,3.1,10.6,89,29,61,2.11,22.15,0.0,897.0,3.83,0.294
1996-04-01,15.5,6.9,10.7,87,46,68,2.53,16.32,3.1,897.7,2.74,0.302
1996-04-02,16.0,6.8,11.3,87,41,65,1.94,13.51,0.3,902.2,2.46,0.313
1996-04-03,18.9,2.3,11.4,88,33,59,1.47,24.04,0.0,903.8,4.03,0.295
1996-04-04,21.0,2.8,12.6,89,26,54,1.2,23.59,0.0,902.7,4.09,0.276
1996-04-05,20.6,6.2,13.7,89,28,54,3.79,23.44,1.5,894.5,4.65,0.264
1996-04-06,14.1,4.0,9.6,75,30,52,3.08,21.59,0.8,891.6,3.63,0.264
1996-04-07,13.8,2.1,7.8,81,36,63,2.54,16.54,6.2,892.5,2.7,0.265
1996-04-08,12.3,3.7,7.7,91,48,71,1.68,14.2,3.7,896.8,2.26,0.339
1996-04-09,12.6,5.5,8.6,80,54,68,1.65,17.34,2.9,898.5,2.52,0.323
1996-04-10,13.6,4.4,8.6,76,34,55,1.56,19.57,0.0,899.1,3.11,0.32
1996-04-11,15.8,4.8,9.5,76,34,61,1.55,18.18,2.5,894.1,2.95,0.3
1996-04-12,10.0,5.4,7.5,86,61,74,2.53,12.4,6.1,888.8,1.85,0.337
1996-04-13,12.1,4.3,8.0,86,49,71,1.96,17.57,1.8,893.6,2.53,0.326
1996-04-14,17.3,0.7,8.8,97,27,66,1.85,23.45,0.0,898.8,3.77,0.307
1996-04-15,17.1,4.0,10.9,88,31,55,3.41,23.34,0.0,898.5,4.16,0.288
1996-04-16,17.6,8.7,11.8,81,38,58,5.99,18.92,3.4,895.6,3.85,0.278
1996-04-17,11.8,3.9,8.2,85,43,71,2.97,11.05,7.8,891.9,1.85,0.339
1996-04-18,8.1,1.4,4.2,93,51,72,2.25,17.07,5.2,891.6,1.97,0.346
1996-04-19,10.1,-0.3,6.0,80,37,55,0.81,22.4,0.0,898.0,3.03,0.331
1996-04-20,12.3,1.9,7.0,67,34,51,2.4,21.37,0.0,896.5,3.3,0.307
1996-04-21,11.6,3.9,7.6,84,31,51,3.63,18.46,0.1,895.6,3.08,0.291
1996-04-22,11.4,1.6,6.5,90,46,71,1.61,21.1,4.6,899.7,2.87,0.29
1996-04-23,13.4,3.1,7.4,89,45,73,2.34,20.9,5.1,900.3,2.87,0.338
1996-04-24,14.4,2.7,8.9,84,46,68,1.64,22.84,3.2,901.1,3.43,0.326
1996-04-25,17.1,2.5,10.1,89,35,61,1.88,24.91,0.3,904.1,3.95,0.32
1996-04-26,19.1,3.8,11.7,82,29,53,2.09,27.45,0.0,907.1,4.65,0.295
1996-04-27,21.0,6.2,13.9,74,28,49,1.51,27.12,0.0,905.1,4.74,0.273
1996-04-28,24.2,4.0,15.6,78,22,45,2.21,27.53,0.0,900.7,5.53,0.252
1996-04-29,26.0,9.4,17.2,72,20,44,2.16,26.62,0.0,895.6,5.55,0.229
1996-04-30,24.8,6.5,16.6,84,23,49,1.06,27.76,0.0,898.2,5.03,0.209
1996-05-01,29.5,8.9,19.3,84,15,45,2.93,26.93,0.0,897.3,6.48,0.191
1996-05-02,28.0,7.0,17.7,83,14,45,2.44,28.3,0.0,895.7,6.17,0.171
1996-05-03,26.4,6.6,16.9,80,15,45,2.05,27.87,0.0,897.3,5.79,0.155
1996-05-04,26.5,9.4,18.6,80,19,45,1.73,27.17,0.0,902.4,5.55,0.142
1996-05-05,27.3,12.3,20.6,63,16,36,1.93,27.61,0.0,904.4,6.02,0.128
1996-05-06,28.3,13.0,21.4,56,17,34,2.26,26.16,0.2,903.8,6.07,0.114
1996-05-07,29.8,13.1,21.7,64,20,41,1.65,26.05,0.6,902.4,5.71,0.106
1996-05-08,29.7,15.2,22.2,61,21,38,1.81,25.29,0.3,900.8,5.85,0.105
1996-05-09,28.4,12.9,20.7,73,23,47,1.71,25.3,1.0,897.3,5.43,0.109
1996-05-10,28.2,11.3,20.4,88,22,47,1.45,23.03,1.2,895.8,4.93,0.122
1996-05-11,28.8,11.0,20.3,72,22,44,2.08,24.3,0.0,897.9,5.57,0.135
1996-05-12,29.2,14.0,22.1,80,16,42,3.46,27.13,0.0,898.4,6.8,0.129
1996-05-13,28.2,11.2,19.8,81,16,46,2.07,28.33,0.0,899.0,6.14,0.127
1996-05-14,27.1,10.7,19.2,83,18,43,4.07,27.15,0.5,896.5,6.63,0.118
1996-05-15,20.8,11.1,16.0,65,28,44,2.95,24.87,0.5,892.8,5.06,0.117
1996-05-16,22.1,9.2,15.7,86,33,56,1.94,23.68,1.5,896.6,4.52,0.117
1996-05-17,23.1,9.6,16.4,89,32,56,1.34,24.81,1.5,900.3,4.65,0.128
1996-05-18,26.4,10.8,19.2,77,20,44,1.7,25.43,0.0,902.4,5.39,0.125
1996-05-19,26.7,13.2,20.3,69,31,46,2.8,23.84,1.1,901.9,5.54,0.116
1996-05-20,28.9,13.2,21.6,75,13,41,2.53,29.34,0.0,903.1,6.59,0.128
1996-05-21,30.2,14.2,22.8,56,8,31,1.51,29.61,0.0,904.6,6.29,0.125
1996-05-22,31.2,15.5,24.0,59,16,34,1.95,26.06,0.0,904.8,6.23,0.117
1996-05-23,31.7,16.6,24.0,57,20,38,2.96,26.26,0.8,901.2,6.88,0.117
1996-05-24,25.9,15.5,20.5,75,17,45,2.88,26.62,0.9,902.0,5.89,0.135
1996-05-25,25.6,12.8,19.4,54,23,37,2.01,29.02,0.0,902.9,5.99,0.13
1996-05-26,28.5,12.4,20.4,46,16,32,2.87,28.86,0.0,899.5,6.82,0.127
1996-05-27,24.2,11.8,18.6,65,27,44,1.59,25.37,0.1,899.0,5.15,0.124
1996-05-28,26.5,10.9,19.4,65,22,42,2.08,27.6,0.1,897.0,5.97,0.123
1996-05-29,26.0,10.9,18.9,90,22,48,3.03,26.98,0.5,894.7,6.1,0.123
1996-05-30,24.6,11.8,16.7,65,23,48,2.06,23.65,3.0,894.8,4.72,0.127
1996-05-31,20.3,12.5,16.2,79,40,62,1.98,15.83,1.4,898.2,3.35,0.146
1996-06-01,23.6,13.2,18.5,72,32,51,2.59,18.02,0.1,901.8,4.23,0.144
1996-06-02,24.3,13.1,18.5,57,18,38,2.59,20.35,0.0,899.4,4.96,0.135
1996-06-03,25.8,10.3,18.2,41,16,28,2.22,29.03,0.0,899.4,6.28,0.129
1996-06-04,25.3,12.3,19.0,49,20,33,3.31,26.62,0.0,902.5,6.28,0.119
1996-06-05,25.7,12.7,19.4,58,17,36,3.13,29.04,0.0,904.3,6.55,0.11
1996-06-06,25.1,15.3,20.5,57,30,40,4.0,18.34,0.0,904.2,5.45,0.105
1996-06-07,26.4,15.0,20.9,65,22,41,3.5,24.86,0.0,904.2,6.16,0.103
1996-06-08,25.4,13.0,19.5,48,11,28,3.79,31.06,0.0,905.4,7.27,0.103
1996-06-09,28.3,12.5,20.9,43,12,26,3.53,31.22,0.0,904.7,7.69,0.103
1996-06-10,28.0,14.9,22.0,35,18,25,3.56,30.87,0.0,904.3,7.79,0.102
1996-06-11,28.0,12.9,20.8,50,9,26,3.29,31.5,0.0,904.4,7.45,0.102
1996-06-12,30.3,14.2,22.5,43,13,26,2.24,30.64,0.0,901.8,7.08,0.102
1996-06-13,31.4,14.7,24.1,36,12,21,1.96,30.85,0.0,899.7,7.12,0.102
1996-06-14,32.6,16.5,25.3,35,15,25,1.65,30.4,0.0,899.2,6.97,0.103
1996-06-15,33.0,18.3,25.8,44,14,30,2.19,29.92,0.0,898.7,7.24,0.104
1996-06-16,31.8,18.4,24.6,60,17,35,2.64,29.74,0.0,896.4,7.35,0.104
1996-06-17,27.3,17.2,22.1,67,28,47,3.06,20.17,0.2,897.9,5.31,0.103
1996-06-18,26.2,17.7,21.8,62,28,44,4.03,23.57,0.0,899.1,6.15,0.101
1996-06-19,26.4,15.4,20.8,57,29,41,2.21,26.61,0.3,898.0,5.88,0.107
1996-06-20,23.5,14.7,19.1,81,36,56,2.52,24.81,4.3,896.9,5.09,0.138
1996-06-21,27.5,12.5,20.1,69,14,40,1.99,30.24,0.0,901.5,6.41,0.152
1996-06-22,30.0,12.5,22.1,46,7,25,2.2,31.33,0.0,902.6,7.13,0.134
1996-06-23,33.3,13.5,24.0,38,3,20,1.85,31.64,0.0,901.5,7.27,0.12
1996-06-24,35.1,17.8,27.1,34,10,21,2.17,30.9,0.0,902.4,7.72,0.103
1996-06-25,34.7,19.8,27.9,29,8,19,3.22,30.97,0.0,903.8,8.66,0.097
1996-06-26,34.6,17.8,26.9,33,7,19,2.86,31.26,0.0,903.2,8.2,0.096
1996-06-27,37.7,16.1,28.1,32,11,19,2.17,31.26,0.0,901.1,8.12,0.094
1996-06-28,35.4,17.9,26.8,34,12,22,2.93,31.33,0.0,897.1,8.39,0.093
1996-06-29,28.5,16.7,22.8,59,22,41,3.39,20.76,0.0,900.7,5.65,0.092
1996-06-30,30.8,16.1,23.8,49,12,31,2.02,30.6,0.0,902.0,6.95,0.091
1996-07-01,33.5,16.4,26.3,35,11,20,1.55,30.32,0.0,900.2,6.93,0.091
1996-07-02,34.8,18.2,27.5,33,11,21,2.1,30.88,0.0,901.8,7.68,0.09
1996-07-03,36.9,19.6,29.0,27,9,18,2.13,30.93,0.0,902.7,7.89,0.09
1996-07-04,38.4,18.9,29.8,43,5,19,2.01,30.93,0.0,902.0,7.95,0.089
1996-07-05,37.4,23.4,31.0,33,8,19,2.98,30.04,0.0,900.7,8.66,0.088
1996-07-06,37.5,22.0,29.9,24,11,19,1.77,28.24,0.0,895.7,7.24,0.089
1996-07-07,35.5,23.0,29.1,34,19,26,2.64,27.76,0.0,894.5,7.68,0.09
1996-07-08,34.7,22.0,28.7,36,11,24,2.57,30.0,0.0,897.8,7.86,0.09
1996-07-09,37.1,19.9,29.4,26,10,18,1.6,30.61,0.0,899.0,7.31,0.09
1996-07-10,38.1,19.8,29.6,42,15,25,2.44,26.83,0.0,897.1,7.7,0.089
1996-07-11,37.2,19.9,29.0,58,15,32,2.01,28.22,0.0,896.5,7.35,0.088
1996-07-12,36.0,18.7,28.4,49,14,29,2.03,27.93,0.0,897.6,7.29,0.088
1996-07-13,35.3,20.2,28.5,44,18,30,2.24,26.77,0.0,899.4,7.1,0.088
1996-07-14,35.1,22.8,29.3,46,18,30,3.5,28.81,0.0,902.0,8.35,0.09
1996-07-15,34.7,23.2,29.1,57,21,36,3.2,27.37,0.0,901.3,7.55,0.09
1996-07-16,35.9,23.1,29.7,46,19,32,2.42,26.79,0.0,899.1,7.17,0.09
1996-07-17,34.7,21.9,28.5,63,23,34,2.42,23.79,0.3,896.9,6.51,0.088
1996-07-18,31.7,19.2,25.6,67,25,46,2.68,27.22,0.0,898.8,6.7,0.085
1996-07-19,32.3,19.8,25.8,61,25,43,2.98,25.5,0.0,899.9,6.6,0.087
1996-07-20,31.8,20.7,26.4,56,27,40,3.4,25.88,0.0,901.0,7.04,0.089
1996-07-21,31.9,19.4,26.0,56,24,38,3.74,26.76,0.0,902.0,7.32,0.088
1996-07-22,32.2,19.8,26.2,52,19,34,2.87,27.59,0.0,901.1,7.23,0.087
1996-07-23,31.9,19.3,25.5,49,21,34,2.74,26.88,0.0,896.5,6.99,0.087
1996-07-24,24.0,17.1,20.5,67,39,53,5.39,12.66,0.2,900.4,4.35,0.089
1996-07-25,28.7,14.9,21.7,60,21,40,2.93,29.47,0.0,900.9,6.58,0.091
1996-07-26,32.0,15.4,24.1,36,11,25,2.37,29.65,0.0,900.3,7.14,0.089
1996-07-27,32.2,17.7,25.4,36,17,25,3.16,29.08,0.0,902.1,7.82,0.089
1996-07-28,29.2,17.8,23.7,50,21,33,4.06,29.02,0.0,903.8,7.6,0.088
1996-07-29,28.3,16.9,22.8,49,16,30,3.89,29.56,0.0,902.0,7.5,0.089
1996-07-30,28.1,14.5,21.9,57,16,33,2.48,29.66,0.0,899.0,6.62,0.089
1996-07-31,33.5,14.0,24.9,35,11,23,1.28,29.24,0.0,898.7,6.35,0.088
1996-08-01,36.2,16.5,27.2,50,7,25,1.71,28.95,0.0,901.8,7.0,0.088
1996-08-02,36.7,17.5,28.1,40,4,21,1.83,29.27,0.0,901.0,7.29,0.086
1996-08-03,35.2,21.1,28.0,41,16,27,3.45,27.93,0.0,898.0,8.16,0.086
1996-08-04,32.6,21.1,27.2,45,25,32,2.43,25.69,0.1,897.3,6.67,0.087
1996-08-05,32.6,19.9,27.0,51,21,34,2.22,25.52,0.0,899.0,6.45,0.088
1996-08-06,33.6,19.9,27.3,41,17,29,2.21,26.78,0.0,900.4,6.86,0.087
1996-08-07,32.5,19.9,27.2,41,18,26,2.81,23.65,0.0,899.4,6.87,0.089
1996-08-08,31.8,19.5,26.0,38,19,30,2.45,27.86,0.0,899.0,6.97,0.091
1996-08-09,34.5,18.9,26.5,39,20,28,2.12,23.87,0.1,896.4,6.28,0.091
1996-08-10,28.8,19.3,23.6,62,32,50,2.45,22.11,1.3,897.1,5.26,0.094
1996-08-11,28.7,17.9,23.8,70,35,52,1.81,22.04,0.0,900.4,4.99,0.099
1996-08-12,33.0,18.4,26.3,63,21,38,2.09,25.94,0.0,902.8,6.44,0.097
1996-08-13,33.8,19.0,26.9,42,17,28,2.52,27.36,0.0,902.5,7.12,0.095
1996-08-14,33.5,19.6,26.9,38,16,28,2.33,27.45,0.0,899.5,6.95,0.093
1996-08-15,33.7,18.7,26.9,36,17,25,2.13,27.39,0.0,898.3,6.81,0.092
1996-08-16,34.6,18.3,27.2,39,16,26,1.85,27.06,0.0,899.1,6.62,0.091
1996-08-17,35.2,19.5,27.4,41,13,27,1.24,27.0,0.0,898.1,5.94,0.089
1996-08-18,32.7,20.1,26.5,48,23,35,2.5,25.74,0.0,896.5,6.7,0.088
1996-08-19,32.5,18.8,25.5,50,24,35,2.14,24.88,0.1,896.7,6.12,0.089
1996-08-20,28.3,19.0,23.3,68,31,50,1.96,20.59,1.0,895.7,4.86,0.093
1996-08-21,27.8,16.5,21.6,73,35,55,1.3,20.66,2.0,898.0,4.3,0.104
1996-08-22,29.8,17.4,23.0,70,17,39,1.63,24.65,0.0,899.7,5.37,0.124
1996-08-23,32.1,13.0,23.4,68,19,38,2.2,25.73,0.0,899.0,6.29,0.123
1996-08-24,33.8,15.1,24.0,62,18,40,2.96,24.25,0.1,897.2,6.47,0.118
1996-08-25,30.3,16.0,23.9,69,16,41,2.04,24.76,0.0,897.4,5.94,0.111
1996-08-26,29.2,18.0,24.0,50,23,36,2.27,20.5,0.0,900.8,5.29,0.107
1996-08-27,29.2,17.2,23.9,43,18,31,2.52,23.56,0.0,902.0,6.02,0.104
1996-08-28,29.5,16.9,23.6,46,20,30,2.62,25.0,0.0,902.2,6.28,0.103
1996-08-29,30.4,16.6,24.2,40,20,31,2.35,24.65,0.0,902.1,6.18,0.103
1996-08-30,31.3,16.9,24.7,39,18,29,1.57,24.57,0.0,901.5,5.58,0.103
1996-08-31,32.0,17.3,25.3,44,19,30,1.8,23.83,0.0,900.8,5.83,0.104
1996-09-01,33.3,17.6,25.8,51,17,33,1.74,24.44,0.0,900.3,5.93,0.103
1996-09-02,31.4,16.2,24.0,60,21,37,1.87,23.52,0.0,898.2,5.63,0.102
1996-09-03,30.2,17.3,23.9,58,18,39,1.71,23.74,0.0,900.1,5.55,0.101
1996-09-04,30.4,16.7,23.8,60,19,36,2.28,22.18,0.0,899.2,5.59,0.101
1996-09-05,33.1,14.1,24.4,51,18,31,5.03,22.93,0.0,896.8,7.86,0.099
1996-09-06,28.4,18.0,23.5,57,23,39,3.65,18.6,0.6,894.7,5.57,0.101
1996-09-07,25.5,14.2,19.8,75,25,50,3.18,20.66,0.0,892.8,4.99,0.105
1996-09-08,24.5,12.7,18.2,75,24,52,4.19,19.43,0.0,891.7,4.92,0.106
1996-09-09,20.4,11.8,15.8,70,35,52,2.53,16.58,0.0,896.4,3.59,0.107
1996-09-10,25.2,9.4,17.1,51,22,37,1.52,23.49,0.0,900.6,4.58,0.11
1996-09-11,25.2,10.8,18.3,62,18,38,2.16,23.11,0.0,901.2,4.99,0.109
1996-09-12,26.8,12.2,19.7,47,18,34,1.92,22.95,0.0,902.4,5.05,0.105
1996-09-13,31.4,11.3,21.9,48,14,32,1.82,22.8,0.0,902.6,5.37,0.103
1996-09-14,33.2,15.9,24.7,61,19,37,3.4,21.41,0.0,901.8,6.41,0.099
1996-09-15,29.7,14.7,22.6,58,18,36,2.83,22.25,0.0,899.2,5.82,0.097
1996-09-16,24.0,14.1,19.0,54,28,39,2.32,20.07,0.0,899.7,4.48,0.097
1996-09-17,25.6,11.5,18.4,41,19,30,1.76,22.2,0.0,900.0,4.72,0.097
1996-09-18,25.0,10.2,18.2,41,18,27,1.78,22.4,0.0,901.5,4.79,0.097
1996-09-19,28.0,9.2,19.3,38,19,28,1.9,20.75,0.0,901.0,4.85,0.096
1996-09-20,30.9,12.1,21.2,64,25,41,1.89,19.46,0.5,897.5,4.69,0.093
1996-09-21,22.8,13.9,18.6,79,35,52,3.5,15.69,0.0,895.1,3.93,0.099
1996-09-22,24.9,11.8,18.5,64,27,46,1.61,19.84,0.0,899.5,4.12,0.098
1996-09-23,30.1,12.0,21.1,57,22,39,1.68,20.28,0.0,901.6,4.64,0.095
1996-09-24,29.4,16.7,22.6,72,19,42,4.38,19.92,0.4,899.5,6.09,0.095
1996-09-25,29.2,12.4,20.6,72,21,45,2.43,18.16,0.0,900.6,4.67,0.095
1996-09-26,26.8,13.0,20.3,70,27,48,1.8,20.21,0.0,903.0,4.33,0.093
1996-09-27,30.7,11.3,20.8,71,18,43,1.81,20.24,0.0,900.0,4.61,0.09
1996-09-28,24.6,14.4,18.9,68,17,45,3.97,18.55,0.0,897.5,4.88,0.092
1996-09-29,22.4,11.1,16.4,74,33,53,2.53,14.73,0.0,900.9,3.4,0.093
1996-09-30,23.2,9.1,16.7,70,33,49,2.17,18.13,0.0,902.6,3.81,0.094
1996-10-01,26.2,9.8,18.3,75,20,46,1.92,19.5,0.0,904.5,4.2,0.094
1996-10-02,25.2,10.6,17.4,82,21,49,2.76,17.72,0.0,904.4,4.24,0.093
1996-10-03,23.9,9.3,17.4,74,25,46,1.67,19.13,0.0,906.0,3.87,0.095
1996-10-04,25.6,9.4,17.8,61,23,40,1.97,19.17,0.0,904.8,4.24,0.093
1996-10-05,25.3,10.2,18.2,61,24,40,2.05,18.88,0.0,902.6,4.21,0.089
1996-10-06,27.2,9.9,18.5,59,23,40,1.48,18.8,0.0,901.0,3.95,0.086
1996-10-07,27.0,9.8,18.6,57,18,34,1.91,18.63,0.0,900.0,4.28,0.084
1996-10-08,23.9,10.8,17.8,72,28,45,2.13,17.2,0.0,900.2,3.84,0.084
1996-10-09,26.6,10.7,17.8,58,25,43,1.41,16.84,0.0,900.3,3.59,0.085
1996-10-10,21.0,9.8,15.3,88,39,60,3.46,10.22,0.5,898.2,2.87,0.088
1996-10-11,21.2,10.2,14.6,87,37,68,1.9,13.19,2.2,896.8,2.59,0.1
1996-10-12,18.1,11.4,14.3,82,39,58,1.83,10.81,0.1,900.2,2.32,0.117
1996-10-13,14.9,9.8,12.4,78,52,66,2.29,7.8,1.3,902.3,1.69,0.125
1996-10-14,16.2,8.5,11.9,70,34,54,2.35,10.92,0.0,906.4,2.39,0.127
1996-10-15,17.4,6.4,11.8,78,36,57,2.13,12.6,0.0,906.3,2.52,0.123
1996-10-16,19.6,5.2,12.6,78,32,53,1.52,16.99,0.0,906.6,3.03,0.121
1996-10-17,23.2,4.1,13.7,81,14,45,1.18,16.83,0.0,907.7,3.18,0.123
1996-10-18,26.5,6.2,15.4,52,10,32,1.79,15.95,0.0,906.1,3.69,0.124
1996-10-19,25.9,5.6,15.2,71,15,41,1.83,15.36,0.0,902.8,3.52,0.125
1996-10-20,24.3,8.8,15.9,64,22,41,2.23,13.6,0.0,901.0,3.47,0.12
1996-10-21,22.4,7.9,14.5,82,22,51,2.52,15.2,0.0,897.7,3.36,0.116
1996-10-22,16.0,10.2,12.8,83,48,69,1.77,9.04,5.2,894.0,1.76,0.151
1996-10-23,10.6,6.2,8.5,85,57,71,2.06,8.37,1.5,898.1,1.42,0.223
1996-10-24,13.5,6.3,9.4,86,55,70,1.4,10.95,2.0,898.6,1.69,0.222
1996-10-25,9.2,6.1,7.6,91,74,84,2.03,5.92,8.0,895.1,0.84,0.272
1996-10-26,8.7,5.9,7.2,87,60,73,2.25,6.35,1.1,899.8,1.1,0.275
1996-10-27,9.8,5.1,7.1,81,48,66,2.3,6.87,0.7,902.8,1.3,0.256
1996-10-28,11.4,2.1,6.6,79,44,61,1.26,10.78,0.0,901.2,1.63,0.24
1996-10-29,11.9,0.7,6.0,85,41,64,1.84,13.37,0.1,899.4,2.01,0.228
1996-10-30,14.5,0.6,7.0,80,31,57,1.44,14.95,0.0,903.8,2.26,0.216
1996-10-31,18.2,1.0,9.1,88,30,59,1.28,13.49,0.0,904.0,2.15,0.208
1996-11-01,16.9,4.6,10.1,94,40,68,1.9,11.84,0.0,902.2,2.08,0.198
1996-11-02,16.2,5.3,9.8,82,40,65,2.02,13.3,0.0,902.7,2.22,0.189
1996-11-03,15.8,1.9,8.8,88,35,62,1.42,14.25,0.0,905.3,2.22,0.181
1996-11-04,15.8,1.4,8.1,82,33,60,1.7,14.11,0.0,904.1,2.3,0.172
1996-11-05,16.2,3.7,9.3,76,35,56,1.78,13.64,0.0,901.8,2.26,0.163
1996-11-06,16.7,1.1,8.6,80,27,54,1.7,13.86,0.0,902.7,2.32,0.156
1996-11-07,17.4,1.3,8.8,76,28,52,1.44,13.68,0.0,904.8,2.25,0.148
1996-11-08,20.0,0.4,9.3,77,22,50,1.24,13.68,0.0,905.2,2.27,0.145
1996-11-09,19.6,0.6,9.4,92,21,57,1.59,13.46,0.0,906.4,2.41,0.14
1996-11-10,15.6,3.5,9.2,76,39,58,2.17,13.12,0.0,910.1,2.24,0.131
1996-11-11,16.6,2.2,8.7,87,32,60,1.35,13.2,0.0,909.9,2.06,0.127
1996-11-12,18.1,0.6,9.0,81,20,51,1.22,13.2,0.0,906.8,2.22,0.127
1996-11-13,18.0,1.4,9.0,71,23,47,1.2,12.79,0.0,903.4,2.14,0.125
1996-11-14,19.1,0.7,9.0,68,18,43,1.24,12.99,0.0,902.6,2.24,0.123
1996-11-15,18.6,0.1,8.6,70,15,41,1.33,13.08,0.0,906.8,2.27,0.12
1996-11-16,17.7,-0.4,8.2,59,17,37,1.54,12.92,0.0,909.3,2.3,0.113
1996-11-17,17.9,-0.7,8.1,59,18,38,1.27,12.37,0.0,907.6,2.12,0.109
1996-11-18,20.3,4.6,11.2,56,29,42,1.13,11.44,0.0,906.5,2.05,0.105
1996-11-19,21.5,2.8,11.7,92,24,55,1.56,11.03,0.0,905.0,2.23,0.102
1996-11-20,19.1,7.9,12.7,77,40,61,2.34,8.01,0.0,902.4,1.95,0.1
1996-11-21,21.0,6.9,13.3,89,29,62,2.86,10.26,0.0,902.1,2.4,0.102
1996-11-22,17.8,7.6,11.9,86,32,59,2.46,9.42,0.0,901.6,2.06,0.101
1996-11-23,18.0,2.0,10.0,92,33,61,1.59,10.56,0.0,904.3,1.84,0.1
1996-11-24,18.9,2.1,9.5,89,28,59,1.48,10.79,0.0,904.8,1.86,0.1
1996-11-25,19.3,2.3,9.0,92,27,62,2.36,10.4,0.0,900.2,2.14,0.096
1996-11-26,17.3,6.1,11.3,84,42,64,3.66,8.5,0.0,897.6,2.11,0.095
1996-11-27,18.3,9.2,12.5,81,34,62,4.15,8.59,0.0,899.4,2.44,0.095
1996-11-28,13.9,5.5,11.4,80,48,65,4.08,6.71,1.3,897.5,1.85,0.101
1996-11-29,16.0,2.5,7.6,95,34,68,1.61,9.58,0.0,902.1,1.59,0.104
1996-11-30,16.3,4.7,9.5,87,41,68,2.3,7.28,0.0,901.1,1.61,0.103
1996-12-01,12.7,7.6,10.5,81,56,71,3.07,4.96,5.0,897.0,1.23,0.141
1996-12-02,16.8,6.4,10.5,85,40,70,3.34,8.09,0.0,900.7,1.86,0.175
1996-12-03,16.2,9.0,11.6,83,31,62,3.54,7.82,2.0,896.6,2.07,0.17
1996-12-04,13.3,6.8,9.3,90,57,79,3.12,6.04,9.5,894.3,1.18,0.29
1996-12-05,11.9,5.9,8.8,90,58,75,1.24,6.93,0.1,897.8,1.11,0.269
1996-12-06,12.1,4.7,7.9,92,56,77,1.35,6.64,0.1,900.9,1.06,0.25
1996-12-07,12.2,6.1,8.5,91,53,76,1.51,7.34,0.2,903.3,1.15,0.239
1996-12-08,9.8,4.8,7.0,89,65,79,2.08,5.7,0.2,905.3,0.94,0.231
1996-12-09,8.9,6.1,7.4,85,59,73,3.57,3.64,0.8,907.2,1.06,0.23
1996-12-10,9.2,2.9,6.3,79,53,67,1.82,5.13,0.0,906.3,0.98,0.227
1996-12-11,12.9,0.2,5.9,83,38,66,1.36,10.24,1.1,902.6,1.47,0.221
1996-12-12,10.2,4.2,7.1,93,55,78,1.87,5.27,4.5,897.4,0.9,0.268
1996-12-13,8.2,3.4,5.3,88,62,79,1.1,6.15,0.8,897.7,0.84,0.263
1996-12-14,11.8,-0.4,4.9,95,41,72,1.58,9.69,0.0,900.8,1.34,0.251
1996-12-15,8.6,1.3,5.1,89,64,80,2.33,3.76,1.8,900.4,0.72,0.244
1996-12-16,11.1,3.8,7.0,94,55,79,1.49,6.27,1.2,898.8,0.96,0.262
1996-12-17,10.7,3.0,6.1,85,51,73,1.26,7.75,0.0,905.4,1.1,0.244
1996-12-18,9.3,-0.7,3.5,91,57,78,1.64,7.48,0.0,903.9,0.96,0.235
1996-12-19,12.7,1.0,5.8,91,46,74,2.0,8.28,0.5,901.6,1.28,0.23
1996-12-20,14.0,1.7,7.6,94,48,74,2.1,7.76,0.0,901.2,1.34,0.228
1996-12-21,13.3,3.1,8.0,91,49,74,2.33,6.82,0.2,901.7,1.25,0.221
1996-12-22,13.4,3.7,8.1,93,45,73,1.9,8.74,0.0,902.1,1.39,0.216
1996-12-23,15.6,0.1,6.9,85,35,65,2.05,9.91,0.0,901.4,1.68,0.21
1996-12-24,17.1,5.8,10.9,83,42,65,3.84,8.09,0.0,900.4,2.07,0.202
1996-12-25,17.7,7.8,11.4,76,28,53,3.42,8.75,0.0,895.8,2.39,0.196
1996-12-26,13.6,5.7,9.0,81,37,63,3.91,8.19,0.0,891.6,1.9,0.191
1996-12-27,11.2,5.6,8.0,85,52,72,3.28,7.41,0.5,893.4,1.38,0.188
1996-12-28,12.5,4.1,8.0,93,50,77,3.55,7.84,11.1,891.2,1.42,0.215
1996-12-29,9.1,1.5,4.6,94,45,73,2.22,9.27,0.0,894.4,1.26,0.304
1996-12-30,10.8,0.9,4.6,89,44,72,1.94,9.22,0.0,900.7,1.33,0.276
1996-12-31,11.7,3.0,6.9,89,52,73,2.22,6.95,0.1,903.1,1.18,0.261
1997-01-01,12.2,2.3,5.8,95,52,78,1.36,9.65,0.0,906.1,1.29,0.251
1997-01-02,13.4,-1.2,5.0,88,43,67,1.13,10.53,0.0,906.0,1.38,0.243
1997-01-03,11.5,-2.3,4.0,87,41,68,1.23,9.66,0.0,903.3,1.27,0.239
1997-01-04,13.7,-1.4,5.0,90,39,68,1.64,10.29,0.0,900.3,1.54,0.237
1997-01-05,16.1,0.4,6.8,93,27,66,2.61,8.56,0.0,899.2,1.73,0.23
1997-01-06,13.1,2.2,7.0,86,43,68,1.36,8.41,0.0,901.0,1.26,0.225
1997-01-07,11.3,-0.5,5.6,93,57,77,1.15,7.49,0.0,900.1,1.06,0.222
1997-01-08,14.2,2.4,8.0,89,39,70,3.81,9.03,0.5,896.9,1.84,0.219
1997-01-09,9.8,4.3,6.8,90,54,74,2.25,8.77,8.6,894.8,1.24,0.309
1997-01-10,12.0,-1.5,5.0,87,46,70,1.65,10.71,0.0,900.6,1.49,0.287
1997-01-11,11.8,-0.6,4.5,97,54,81,1.39,9.96,0.0,904.6,1.32,0.271
1997-01-12,10.8,-0.5,5.3,92,58,77,1.18,10.39,0.0,903.9,1.35,0.265
1997-01-13,11.6,3.0,7.3,90,55,74,1.72,8.02,0.1,900.8,1.29,0.26
1997-01-14,10.3,4.0,6.9,90,53,76,1.83,8.12,7.5,898.4,1.18,0.321
1997-01-15,7.3,2.1,4.5,95,62,82,3.55,6.76,1.2,898.6,1.01,0.318
1997-01-16,4.7,-1.7,1.9,84,40,65,4.43,10.09,0.3,900.9,1.41,0.305
1997-01-17,8.2,-3.2,1.9,79,43,65,1.42,11.94,0.0,903.1,1.42,0.288
1997-01-18,8.0,-3.1,1.8,83,50,70,1.26,12.11,0.0,904.9,1.44,0.279
1997-01-19,8.9,-5.7,1.2,86,46,69,1.06,12.37,0.0,903.4,1.45,0.273
1997-01-20,8.8,-5.1,1.3,87,51,71,1.11,12.47,0.0,903.6,1.48,0.27
1997-01-21,9.0,-5.5,2.2,87,40,64,1.18,10.77,0.0,904.1,1.38,0.265
1997-01-22,3.2,-0.4,2.1,89,63,73,4.05,6.53,2.6,906.1,0.92,0.263
1997-01-23,3.0,-3.2,-0.3,80,45,66,3.69,10.4,0.0,909.6,1.28,0.26
1997-01-24,4.6,-5.7,-1.0,81,49,68,1.3,13.09,0.0,909.0,1.39,0.257
1997-01-25,9.4,-6.8,1.0,84,35,59,1.41,12.89,0.0,903.8,1.67,0.259
1997-01-26,2.6,-4.7,0.0,86,47,64,3.35,6.97,0.0,903.3,1.05,0.258
1997-01-27,0.9,-7.5,-3.8,64,28,48,1.61,13.67,0.0,905.4,1.41,0.257
1997-01-28,2.0,-5.9,-2.9,62,39,47,1.05,13.55,0.0,906.6,1.37,0.257
1997-01-29,9.2,-8.6,-0.5,71,28,53,1.67,13.74,0.0,901.3,1.83,0.258
1997-01-30,2.4,-5.1,-1.9,75,28,57,3.12,12.4,0.0,903.5,1.47,0.258
1997-01-31,0.7,-7.9,-3.5,67,35,52,2.86,13.81,0.0,906.0,1.49,0.256
1997-02-01,8.7,-9.1,-1.5,78,34,54,2.68,13.93,0.0,901.7,1.86,0.258
1997-02-02,7.0,-2.6,1.6,91,48,74,2.97,11.6,2.2,896.3,1.45,0.264
1997-02-03,-1.8,-7.2,-4.8,80,34,55,3.82,12.53,1.2,899.3,1.32,0.268
1997-02-04,-4.0,-8.7,-6.4,63,32,49,4.94,11.65,0.0,903.8,1.23,0.263
1997-02-05,-2.5,-10.5,-7.1,58,35,49,1.72,15.1,0.0,907.4,1.35,0.263
1997-02-06,3.3,-11.6,-4.9,59,24,42,1.44,15.31,0.0,908.3,1.66,0.263
1997-02-07,5.8,-8.2,-1.9,63,29,47,1.41,15.05,0.0,908.8,1.76,0.263
1997-02-08,6.1,-3.5,0.2,79,46,60,1.9,14.0,0.0,909.3,1.68,0.262
1997-02-09,4.4,-4.7,-0.6,80,37,60,1.75,15.45,0.0,907.2,1.73,0.258
1997-02-10,5.7,-5.1,-0.2,71,32,52,1.63,15.69,0.0,906.3,1.85,0.255
1997-02-11,8.4,-7.0,-0.2,68,26,49,1.2,16.05,0.0,904.9,1.96,0.255
1997-02-12,9.7,-5.8,0.9,79,27,52,1.26,16.1,0.0,904.1,2.09,0.256
1997-02-13,10.9,-4.4,1.8,96,40,67,2.05,12.1,0.0,902.0,1.71,0.261
1997-02-14,12.2,-1.8,5.1,90,46,73,3.67,9.8,0.3,899.5,1.76,0.258
1997-02-15,13.5,1.9,7.6,92,43,73,3.0,11.22,0.0,898.8,1.89,0.256
1997-02-16,15.2,1.6,7.2,95,41,74,2.61,10.63,0.0,902.5,1.89,0.246
1997-02-17,14.8,4.6,9.0,86,36,67,1.9,10.49,0.0,901.7,1.78,0.235
1997-02-18,12.4,4.9,7.9,89,51,74,1.72,9.76,2.2,900.7,1.56,0.248
1997-02-19,12.4,1.6,6.6,97,37,73,0.97,11.62,0.1,897.9,1.6,0.257
1997-02-20,11.5,2.2,5.7,94,52,78,1.66,12.38,8.5,894.1,1.67,0.269
1997-02-21,4.3,0.4,2.6,96,81,90,3.79,5.96,17.2,891.9,0.71,0.367
1997-02-22,4.3,-2.0,0.6,87,44,67,4.54,9.48,3.7,898.9,1.29,0.334
1997-02-23,3.7,-3.9,-0.3,80,45,66,3.58,12.59,2.3,899.5,1.44,0.313
1997-02-24,2.5,-5.7,-1.3,79,43,63,2.95,14.02,0.9,903.1,1.57,0.302
1997-02-25,4.7,-3.8,0.3,76,46,62,2.34,12.96,0.0,907.6,1.62,0.298
1997-02-26,7.8,-5.0,0.4,80,43,67,1.73,18.45,0.0,904.7,2.18,0.303
1997-02-27,12.7,-7.8,1.6,86,23,61,1.98,18.95,0.0,900.2,2.58,0.306
1997-02-28,12.7,0.0,6.1,86,50,70,2.34,13.67,0.0,902.3,2.07,0.306
1997-03-01,13.5,4.2,8.2,93,47,72,1.21,13.32,0.0,903.9,1.96,0.303
1997-03-02,10.0,3.5,6.4,91,55,73,2.86,11.25,1.3,902.5,1.73,0.298
1997-03-03,9.4,1.7,4.9,70,35,52,3.01,15.93,2.2,902.5,2.37,0.316
1997-03-04,12.6,-2.7,4.9,68,19,43,2.24,19.72,0.0,905.1,2.87,0.296
1997-03-05,11.3,-0.3,5.4,68,42,55,1.9,15.79,0.0,900.6,2.37,0.283
1997-03-06,6.3,-3.0,2.3,67,29,47,3.89,15.72,0.2,899.6,2.38,0.276
1997-03-07,5.4,-3.9,0.5,71,31,51,3.35,18.63,0.0,905.0,2.24,0.269
1997-03-08,7.8,-4.9,1.2,62,31,47,1.4,20.12,0.0,903.6,2.52,0.26
1997-03-09,9.4,-2.1,3.0,69,34,53,2.32,16.7,0.0,903.3,2.38,0.25
1997-03-10,11.4,-2.0,4.3,70,22,49,1.63,19.13,0.0,902.7,2.69,0.245
1997-03-11,12.9,-0.8,5.9,75,26,49,1.78,20.49,0.0,906.5,3.04,0.238
1997-03-12,13.2,-1.0,6.1,68,25,47,1.91,19.14,0.0,904.9,2.93,0.223
1997-03-13,13.4,-0.9,6.5,66,24,44,2.22,18.56,0.0,899.7,3.02,0.21
1997-03-14,14.1,1.0,6.8,88,29,50,2.03,18.18,3.1,895.3,2.96,0.2
1997-03-15,13.0,0.5,6.5,93,46,72,1.52,15.2,2.3,894.4,2.26,0.232
1997-03-16,14.5,-0.6,7.3,87,25,60,1.62,19.84,1.0,894.2,3.04,0.257
1997-03-17,13.6,-0.6,6.8,86,27,59,1.9,19.23,0.2,893.3,2.93,0.25
1997-03-18,9.2,-1.1,4.3,95,45,69,3.6,12.37,5.9,891.0,1.8,0.264
1997-03-19,1.2,-5.5,-2.5,62,33,50,3.57,22.17,0.0,899.4,2.32,0.286
1997-03-20,13.4,-6.9,2.9,69,30,51,3.12,22.54,0.0,897.9,3.27,0.275
1997-03-21,13.3,3.5,7.4,78,43,60,3.67,15.91,0.3,891.7,2.71,0.267
1997-03-22,6.1,0.2,3.5,92,45,66,4.01,15.19,3.3,886.9,1.98,0.28
1997-03-23,3.6,-3.7,0.1,70,32,50,2.66,17.32,0.0,895.0,2.03,0.273
1997-03-24,3.2,-3.9,-1.1,67,44,57,1.93,17.88,3.0,893.0,1.88,0.264
1997-03-25,4.6,-6.2,-0.8,70,32,50,2.12,22.82,0.0,895.6,2.52,0.258
1997-03-26,9.7,-3.6,2.8,65,27,47,1.35,21.72,0.0,896.3,2.89,0.253
1997-03-27,6.5,0.6,3.3,81,38,59,2.31,10.73,0.8,896.9,1.7,0.25
1997-03-28,9.1,-3.9,2.8,61,24,45,2.9,22.84,0.0,894.5,3.08,0.245
1997-03-29,16.4,-4.0,5.9,81,27,54,2.52,23.8,0.0,894.1,3.73,0.236
1997-03-30,15.7,0.9,7.9,87,29,61,3.36,18.08,0.0,895.4,3.15,0.224
1997-03-31,15.5,4.2,9.6,88,36,62,3.25,14.9,0.1,897.6,2.85,0.211
1997-04-01,13.2,6.6,9.5,83,59,71,3.89,11.26,2.0,896.5,2.03,0.218
1997-04-02,17.7,7.3,11.8,85,30,62,3.63,19.79,0.9,894.7,3.62,0.226
1997-04-03,14.0,3.3,8.6,87,23,56,3.59,21.95,0.0,892.7,3.59,0.22
1997-04-04,13.1,0.9,6.4,83,40,68,2.04,17.14,4.3,891.0,2.54,0.22
1997-04-05,13.3,3.3,7.6,91,39,67,1.99,20.6,1.1,888.4,3.11,0.241
1997-04-06,8.1,1.0,4.7,84,63,70,4.96,14.24,7.4,884.2,2.0,0.262
1997-04-07,9.3,-1.5,3.5,76,30,53,2.08,24.31,0.2,891.0,3.16,0.274
1997-04-08,6.9,0.4,3.3,82,46,66,4.88,18.75,3.5,886.7,2.28,0.268
1997-04-09,2.9,-3.3,0.2,73,41,58,5.53,21.81,1.0,899.4,2.26,0.266
1997-04-10,2.5,-6.0,-1.6,70,39,56,4.98,23.16,0.4,905.5,2.15,0.256
1997-04-11,6.9,-6.8,0.1,71,32,52,1.33,26.38,0.0,904.2,3.09,0.25
1997-04-12,11.6,-4.9,3.6,78,35,57,2.85,25.31,0.0,899.7,3.4,0.24
1997-04-13,15.6,-0.3,7.4,88,29,60,2.81,19.39,0.7,898.3,3.25,0.233
1997-04-14,15.0,2.3,8.8,88,39,63,3.23,20.42,0.0,890.6,3.33,0.232
1997-04-15,12.5,3.4,6.8,71,20,49,1.76,21.7,0.1,895.8,3.16,0.224
1997-04-16,15.4,-1.8,7.2,71,26,49,2.73,23.71,0.0,896.6,3.79,0.217
1997-04-17,17.2,1.2,8.8,88,27,59,2.98,24.32,0.0,898.4,4.06,0.208
1997-04-18,14.3,6.5,10.6,72,40,55,5.15,21.26,0.5,896.8,3.58,0.2
1997-04-19,18.1,-0.1,9.5,91,27,57,1.73,25.27,0.0,899.7,4.09,0.196
1997-04-20,19.2,6.1,12.6,88,34,58,2.58,17.19,1.0,897.7,3.47,0.198
1997-04-21,25.1,5.3,15.0,82,17,50,1.85,26.55,0.0,896.6,5.13,0.192
1997-04-22,27.8,7.4,17.5,87,20,50,2.97,25.19,0.0,898.3,5.78,0.179
1997-04-23,29.8,13.8,21.4,56,16,34,4.37,25.74,0.0,897.6,7.19,0.155
1997-04-24,18.4,10.2,15.0,88,51,69,2.37,8.81,11.5,898.3,1.96,0.198
1997-04-25,20.9,5.5,11.8,93,23,62,2.17,21.5,0.0,897.6,4.03,0.248
1997-04-26,21.0,3.2,11.8,89,22,54,1.61,26.88,0.0,896.3,4.73,0.228
1997-04-27,15.7,7.1,10.4,78,42,66,2.28,17.64,4.8,896.2,2.88,0.224
1997-04-28,14.9,6.4,10.3,77,32,53,2.12,21.78,0.0,900.7,3.61,0.242
1997-04-29,18.3,5.3,12.1,69,30,51,0.99,22.39,0.0,900.0,3.78,0.225
1997-04-30,19.6,7.9,13.6,80,22,50,2.59,24.59,0.0,897.1,4.76,0.207
1997-05-01,18.3,9.0,13.4,71,29,49,2.07,24.42,0.4,898.4,4.41,0.191
1997-05-02,16.0,4.8,10.4,85,32,66,2.07,17.72,6.2,896.9,3.03,0.194
1997-05-03,10.6,6.5,8.6,91,66,79,2.87,8.72,14.9,893.3,1.47,0.323
1997-05-04,17.4,6.9,12.0,88,26,57,2.63,22.69,0.0,897.3,3.92,0.313
1997-05-05,21.4,6.5,14.2,77,31,53,1.34,27.27,0.0,903.1,4.82,0.272
1997-05-06,24.8,6.8,16.2,81,24,53,1.84,26.17,0.0,904.6,5.21,0.239
1997-05-07,26.1,7.0,16.9,90,20,53,1.6,27.31,0.0,904.5,5.29,0.212
1997-05-08,28.3,10.9,20.3,76,19,44,1.4,28.1,0.0,906.5,5.58,0.189
1997-05-09,30.5,9.2,20.7,85,17,46,1.86,27.01,0.0,904.6,6.01,0.168
1997-05-10,31.6,11.5,22.0,84,13,43,1.74,26.96,0.4,903.9,5.95,0.152
1997-05-11,31.6,12.1,22.1,64,15,35,1.87,25.37,0.5,903.4,5.93,0.143
1997-05-12,31.3,12.7,22.9,56,12,28,1.9,28.25,0.0,904.6,6.45,0.144
1997-05-13,29.2,15.0,21.6,47,20,33,2.21,23.27,1.5,905.1,5.66,0.147
1997-05-14,30.0,14.7,22.3,61,18,38,1.75,27.09,0.0,905.0,6.07,0.15
1997-05-15,31.4,15.0,22.4,60,22,42,2.18,25.72,1.1,904.6,6.07,0.139
1997-05-16,29.3,15.0,21.4,70,22,46,1.68,25.03,0.2,904.0,5.53,0.14
1997-05-17,28.9,12.4,20.8,85,24,51,1.6,24.87,1.3,901.6,5.32,0.15
1997-05-18,27.2,13.5,20.4,70,27,49,1.59,21.29,2.1,900.8,4.65,0.168
1997-05-19,25.3,12.1,18.8,87,35,61,1.52,22.37,1.2,899.5,4.51,0.179
1997-05-20,27.8,10.2,19.3,90,24,55,1.54,26.79,0.0,898.1,5.49,0.176
1997-05-21,27.9,13.3,20.4,80,28,52,2.04,23.22,1.5,898.2,5.04,0.158
1997-05-22,29.0,13.2,21.9,79,12,41,2.1,28.52,0.0,900.0,6.28,0.151
1997-05-23,29.6,12.3,21.5,66,21,39,2.19,26.81,0.0,899.8,6.3,0.142
1997-05-24,28.4,11.5,19.5,86,24,51,2.42,24.92,0.4,900.0,5.57,0.132
1997-05-25,26.7,12.3,19.4,82,22,51,1.96,24.67,0.0,901.7,5.33,0.129
1997-05-26,27.1,13.2,20.8,68,21,41,1.6,23.91,0.0,902.0,5.21,0.12
1997-05-27,29.7,13.7,21.5,56,19,38,2.98,28.18,0.3,898.0,6.7,0.116
1997-05-28,26.9,12.2,19.5,64,23,42,1.97,28.2,0.0,899.6,5.68,0.115
1997-05-29,29.9,13.0,21.5,50,20,31,2.79,29.2,0.3,899.9,7.02,0.113
1997-05-30,26.4,12.6,18.4,76,18,48,3.67,26.86,0.7,896.4,6.06,0.117
1997-05-31,22.7,10.7,16.4,61,24,43,2.86,23.29,0.0,895.1,5.15,0.129
1997-06-01,23.1,10.1,16.3,73,22,42,2.12,22.96,0.0,900.4,4.85,0.125
1997-06-02,25.8,8.4,17.7,43,11,27,1.52,30.7,0.0,904.8,5.96,0.12
1997-06-03,28.9,12.4,21.2,48,17,30,1.84,27.65,0.0,902.6,6.27,0.116
1997-06-04,27.7,15.1,20.9,66,22,42,2.43,21.96,3.0,900.2,5.22,0.13
1997-06-05,25.0,14.1,19.5,72,35,50,1.82,23.17,1.1,900.6,4.89,0.162
1997-06-06,27.1,13.1,20.5,73,20,43,2.0,29.23,0.0,900.6,6.19,0.156
1997-06-07,24.5,15.9,20.2,62,31,45,1.91,20.19,2.8,897.9,4.46,0.15
1997-06-08,27.1,13.3,20.4,84,21,48,2.42,27.03,0.6,898.9,6.03,0.153
1997-06-09,24.1,14.9,19.6,78,39,59,2.6,22.03,2.6,899.2,4.76,0.148
1997-06-10,23.8,14.8,18.3,82,39,67,1.52,18.52,6.3,895.7,3.76,0.227
1997-06-11,22.7,13.3,17.9,85,39,64,1.17,19.08,3.3,894.8,3.7,0.26
1997-06-12,21.4,13.6,17.4,85,51,69,0.98,16.44,3.0,896.0,3.17,0.267
1997-06-13,22.4,13.3,18.0,92,48,73,1.16,21.11,4.6,898.4,3.99,0.274
1997-06-14,24.8,13.3,18.9,92,42,70,1.4,21.97,2.1,899.5,4.34,0.278
1997-06-15,27.4,13.3,21.0,86,31,56,1.74,25.22,0.1,900.3,5.38,0.263
1997-06-16,28.1,16.8,22.6,70,31,49,2.67,24.11,0.0,902.1,5.75,0.223
1997-06-17,26.9,14.6,21.0,67,24,43,2.96,30.86,0.0,904.0,6.66,0.191
1997-06-18,29.7,14.3,22.5,62,22,42,2.42,30.46,0.0,902.9,6.75,0.168
1997-06-19,33.6,15.1,24.7,53,13,32,2.09,30.71,0.0,902.9,7.06,0.152
1997-06-20,35.1,18.3,26.7,56,20,35,1.94,26.67,1.3,901.3,6.7,0.139
1997-06-21,37.1,16.6,27.5,63,12,32,2.93,27.39,0.2,899.2,7.83,0.135
1997-06-22,33.8,19.9,26.7,54,15,31,2.66,30.14,0.0,899.9,7.63,0.12
1997-06-23,33.3,18.7,26.6,41,15,24,2.31,30.54,0.0,898.9,7.62,0.107
1997-06-24,33.5,18.8,26.6,36,11,23,2.21,30.58,0.0,894.7,7.54,0.104
1997-06-25,33.6,16.9,26.0,33,15,23,2.22,28.24,0.2,891.2,7.34,0.103
1997-06-26,32.7,18.0,24.8,55,16,35,2.4,27.01,0.4,892.1,6.82,0.105
1997-06-27,31.8,16.5,23.8,60,23,44,2.44,25.27,0.7,896.7,6.24,0.11
1997-06-28,31.5,17.5,24.8,66,25,43,2.83,26.64,0.0,898.7,6.67,0.114
1997-06-29,31.3,19.0,24.8,56,22,37,3.54,28.98,0.0,897.3,7.43,0.11
1997-06-30,30.0,17.0,24.0,59,25,40,2.3,26.23,0.0,895.1,6.25,0.106
1997-07-01,32.8,18.7,26.2,48,21,34,2.11,27.69,0.0,895.7,6.83,0.105
1997-07-02,32.9,18.7,27.2,46,20,31,2.79,26.46,0.0,898.9,7.2,0.103
1997-07-03,30.7,20.2,26.4,52,22,34,5.13,28.79,0.0,902.1,8.46,0.102
1997-07-04,31.1,18.7,25.2,49,13,29,4.27,30.89,0.0,903.7,8.37,0.101
1997-07-05,30.0,18.3,24.8,47,16,32,4.83,30.37,0.0,903.1,8.28,0.101
1997-07-06,32.2,18.7,25.7,50,19,32,3.95,30.46,0.0,902.5,8.13,0.101
1997-07-07,35.2,16.5,26.8,39,13,25,1.48,30.89,0.0,899.0,7.0,0.1
1997-07-08,36.2,17.3,27.4,47,12,25,3.24,30.77,0.0,896.5,8.66,0.099
1997-07-09,33.1,14.8,25.1,43,11,23,2.0,31.2,0.0,896.5,7.39,0.099
1997-07-10,32.6,18.5,25.7,52,21,34,2.13,27.46,0.0,897.8,6.74,0.099
1997-07-11,31.2,18.3,25.6,54,19,33,2.6,29.47,0.0,900.2,7.3,0.098
1997-07-12,33.5,17.8,25.9,45,16,30,2.38,29.92,0.0,899.9,7.59,0.098
1997-07-13,33.9,18.0,25.8,40,18,29,2.8,28.34,0.1,896.4,7.52,0.098
1997-07-14,30.5,17.2,24.3,58,23,40,2.37,26.65,0.8,898.9,6.49,0.102
1997-07-15,27.8,17.8,23.2,52,19,34,3.2,29.62,0.0,900.7,7.24,0.107
1997-07-16,29.2,15.9,22.4,44,21,31,2.54,27.19,0.0,897.1,6.76,0.106
1997-07-17,26.9,16.4,22.0,53,25,36,2.76,20.41,0.0,898.4,5.4,0.103
1997-07-18,29.4,16.0,23.0,46,22,32,2.33,29.86,0.0,903.3,6.84,0.102
1997-07-19,34.8,15.8,25.8,37,14,25,1.52,29.8,0.0,903.7,6.87,0.1
1997-07-20,35.8,17.2,27.4,49,12,27,2.34,30.21,0.0,901.4,7.89,0.098
1997-07-21,33.1,19.9,27.1,42,15,24,2.93,29.48,0.0,901.1,7.92,0.098
1997-07-22,32.8,19.0,26.5,49,19,28,2.22,29.31,0.0,900.6,7.22,0.097
1997-07-23,29.7,20.8,25.5,41,19,29,3.33,26.05,0.0,899.4,7.13,0.095
1997-07-24,28.3,16.3,22.8,56,22,37,4.28,28.68,0.0,900.4,7.43,0.095
1997-07-25,28.8,17.8,23.3,53,23,38,2.32,28.57,0.0,900.3,6.38,0.095
1997-07-26,33.5,15.9,25.4,42,21,30,2.76,28.38,0.1,898.5,7.4,0.093
1997-07-27,32.7,18.3,25.4,52,22,33,2.6,28.72,0.0,896.6,7.2,0.095
1997-07-28,32.0,18.7,25.3,55,25,40,2.19,25.75,0.0,899.1,6.35,0.095
1997-07-29,30.0,18.0,24.6,53,25,37,2.69,28.66,0.0,901.2,6.95,0.094
1997-07-30,31.8,18.5,25.5,44,22,32,2.46,28.71,0.0,898.8,7.08,0.094
1997-07-31,33.2,18.8,26.3,39,21,29,2.69,27.17,0.0,896.4,7.19,0.094
1997-08-01,31.1,19.1,25.5,44,21,32,2.0,25.0,0.0,895.8,6.1,0.094
1997-08-02,35.2,18.2,26.5,59,18,38,1.83,26.34,0.0,897.6,6.47,0.093
1997-08-03,34.8,16.4,26.0,83,14,43,2.55,28.54,0.0,897.7,7.28,0.089
1997-08-04,30.8,18.4,24.6,58,22,39,2.38,27.77,0.0,898.1,6.71,0.089
1997-08-05,29.8,17.7,24.1,56,23,37,3.3,27.98,0.0,899.2,6.98,0.09
1997-08-06,30.5,20.5,25.2,48,26,36,3.24,25.38,0.0,899.3,6.7,0.09
1997-08-07,32.0,17.8,25.4,43,16,30,2.32,28.33,0.0,899.1,6.89,0.09
1997-08-08,32.8,20.6,26.9,30,14,23,2.25,27.07,0.0,898.5,6.98,0.089
1997-08-09,31.7,20.6,25.4,52,27,38,3.07,22.52,1.6,898.4,6.29,0.094
1997-08-10,30.0,17.5,23.6,68,30,46,1.75,23.22,1.4,898.1,5.25,0.118
1997-08-11,27.4,18.0,22.1,71,34,51,1.78,20.43,3.8,898.2,4.55,0.149
1997-08-12,26.6,17.3,21.2,72,28,52,1.48,19.39,0.0,900.2,4.3,0.171
1997-08-13,26.4,15.7,20.8,68,33,50,1.8,22.11,0.0,899.2,4.78,0.158
1997-08-14,26.5,15.8,21.3,67,30,47,2.24,20.09,0.0,899.8,4.82,0.143
1997-08-15,29.2,15.7,22.6,69,24,46,2.08,23.06,0.0,902.1,5.42,0.129
1997-08-16,29.8,15.4,23.3,59,25,40,2.13,23.98,0.2,901.1,5.81,0.119
1997-08-17,29.1,16.4,23.0,71,28,47,2.46,23.31,0.0,902.2,5.67,0.113
1997-08-18,29.3,19.3,23.8,51,18,35,2.96,25.1,0.0,901.7,6.35,0.106
1997-08-19,28.0,17.1,22.5,58,23,38,3.29,23.53,0.0,901.9,6.03,0.103
1997-08-20,27.2,15.7,21.5,48,18,33,2.82,26.42,0.0,902.4,6.21,0.103
1997-08-21,27.9,14.5,21.6,36,18,27,2.51,25.99,0.0,902.1,6.25,0.103
1997-08-22,28.8,15.4,22.7,40,19,29,2.39,25.27,0.0,900.8,6.19,0.104
1997-08-23,30.4,16.1,23.4,49,19,34,1.8,24.49,0.0,899.7,5.6,0.104
1997-08-24,31.7,16.4,23.7,78,20,47,2.16,25.89,0.0,898.7,6.05,0.104
1997-08-25,29.2,15.0,22.0,77,25,49,2.4,22.89,0.0,898.0,5.49,0.105
1997-08-26,25.6,16.0,20.9,74,30,51,1.64,19.31,0.1,899.5,4.2,0.104
1997-08-27,29.0,13.9,21.7,50,15,34,1.63,25.77,0.0,900.8,5.59,0.104
1997-08-28,30.0,14.9,22.7,43,15,29,1.92,25.6,0.0,901.6,5.92,0.105
1997-08-29,32.0,16.2,24.4,35,14,25,1.92,25.16,0.0,900.7,6.07,0.103
1997-08-30,34.2,16.7,25.6,39,17,27,1.65,25.29,0.0,898.0,6.05,0.1
1997-08-31,32.4,15.9,24.0,67,19,43,2.43,24.42,0.0,896.8,6.02,0.099
1997-09-01,27.3,16.8,22.5,56,24,38,2.15,20.35,0.0,898.2,5.07,0.098
1997-09-02,24.0,15.7,20.2,55,26,40,3.26,17.03,0.0,900.9,4.56,0.098
1997-09-03,25.9,13.2,19.9,54,25,38,2.82,22.49,0.0,901.6,5.34,0.098
1997-09-04,22.2,13.0,17.7,65,21,39,3.51,22.74,0.0,904.4,5.18,0.099
1997-09-05,24.0,9.3,16.5,43,17,30,2.55,25.33,0.0,905.2,5.39,0.1
1997-09-06,24.7,9.0,17.2,35,18,26,2.85,25.06,0.0,905.4,5.7,0.1
1997-09-07,24.1,10.7,17.0,46,16,29,2.96,24.44,0.0,906.2,5.53,0.101
1997-09-08,25.6,10.6,17.9,34,10,23,2.28,25.0,0.0,905.4,5.53,0.102
1997-09-09,27.8,8.1,18.9,28,8,17,1.59,24.66,0.0,901.9,5.32,0.101
1997-09-10,30.2,11.9,21.1,33,12,19,1.48,23.94,0.0,899.8,5.29,0.099
1997-09-11,27.9,14.9,21.3,53,22,36,2.69,20.79,0.0,900.8,5.4,0.097
1997-09-12,22.5,11.9,17.2,49,25,35,3.24,23.3,0.0,903.5,5.27,0.096
1997-09-13,23.4,11.2,16.4,41,18,30,2.83,23.6,0.0,903.5,5.19,0.097
1997-09-14,29.3,8.8,19.0,37,11,26,1.6,23.23,0.0,903.0,5.01,0.097
1997-09-15,30.5,8.9,20.3,46,12,25,1.52,22.98,0.0,901.8,5.05,0.095
1997-09-16,29.4,15.3,21.6,31,19,24,2.58,21.68,0.0,903.1,5.65,0.094
1997-09-17,27.3,15.6,20.9,52,20,34,2.59,21.98,0.0,905.1,5.3,0.092
1997-09-18,27.4,12.3,20.3,53,24,37,2.24,21.34,0.0,903.8,5.0,0.092
1997-09-19,30.2,11.8,21.5,57,22,37,1.78,20.52,0.0,901.3,4.82,0.091
1997-09-20,26.0,14.3,19.7,81,34,57,2.41,17.49,0.2,899.9,4.08,0.107
1997-09-21,20.5,13.5,16.8,82,49,63,3.18,12.44,0.4,902.6,3.03,0.111
1997-09-22,20.7,11.8,15.6,73,33,52,2.75,18.23,0.0,905.4,3.78,0.114
1997-09-23,21.1,7.7,14.2,58,26,43,2.0,21.31,0.0,904.4,4.1,0.112
1997-09-24,25.4,6.2,16.1,61,23,39,1.2,21.3,0.0,902.4,4.08,0.114
1997-09-25,26.9,9.2,17.1,76,18,47,1.96,18.85,0.0,899.4,4.16,0.115
1997-09-26,19.7,10.9,15.5,55,34,46,1.66,18.41,0.0,899.5,3.48,0.115
1997-09-27,15.0,10.1,13.0,89,43,72,1.99,7.17,22.2,894.8,1.46,0.175
1997-09-28,19.0,8.5,14.2,93,44,67,1.19,17.77,5.8,896.9,3.01,0.33
1997-09-29,19.3,8.7,14.4,71,42,54,1.61,15.4,0.0,902.3,2.91,0.274
1997-09-30,20.3,7.8,14.4,76,39,56,1.24,16.03,0.0,902.8,2.89,0.247
1997-10-01,20.7,6.0,13.2,99,30,64,1.51,17.09,0.0,898.7,3.12,0.229
1997-10-02,21.9,8.6,15.2,81,29,51,1.58,17.83,0.0,899.4,3.33,0.214
1997-10-03,25.2,7.5,15.6,87,29,58,2.89,18.78,0.0,901.1,4.09,0.201
1997-10-04,23.2,11.3,16.2,82,36,61,2.4,17.23,0.2,902.0,3.5,0.189
1997-10-05,18.3,11.6,14.4,87,58,77,1.52,10.06,1.7,901.3,1.87,0.192
1997-10-06,19.9,8.6,13.9,89,38,64,1.54,15.27,0.0,901.7,2.74,0.194
1997-10-07,21.6,7.3,14.0,79,30,52,1.51,18.8,0.0,905.4,3.44,0.187
1997-10-08,23.1,6.4,14.7,75,30,51,1.45,18.59,0.0,906.5,3.51,0.184
1997-10-09,24.5,6.6,15.9,77,33,52,1.37,18.06,0.0,906.7,3.5,0.179
1997-10-10,26.1,8.4,16.9,77,28,51,1.45,18.07,0.0,903.6,3.59,0.175
1997-10-11,27.6,6.5,16.5,87,22,51,2.26,18.06,0.0,899.2,4.09,0.169
1997-10-12,23.6,9.8,16.0,83,39,62,2.89,12.27,0.0,899.0,2.96,0.16
1997-10-13,25.4,12.9,18.2,81,36,60,3.56,14.42,0.0,900.9,3.71,0.16
1997-10-14,27.7,10.9,18.7,83,23,54,2.37,17.01,0.0,902.6,3.98,0.147
1997-10-15,28.8,9.9,18.5,81,18,48,2.11,17.24,0.0,901.1,4.07,0.133
1997-10-16,27.3,9.8,17.9,78,27,52,2.35,14.62,1.0,898.3,3.63,0.133
1997-10-17,25.8,9.6,17.5,89,29,60,2.29,13.84,1.9,899.4,3.3,0.138
1997-10-18,19.9,12.4,15.2,93,45,75,1.54,11.6,5.7,898.9,2.23,0.206
1997-10-19,17.2,11.1,13.0,89,60,77,1.81,9.31,9.0,898.0,1.64,0.271
1997-10-20,15.3,9.5,12.1,84,50,70,2.84,11.57,1.7,895.2,2.17,0.298
1997-10-21,16.7,8.8,11.8,87,40,67,2.51,12.09,0.4,896.2,2.27,0.269
1997-10-22,17.7,7.2,11.5,85,39,64,1.34,12.25,0.0,900.3,2.12,0.251
1997-10-23,19.1,5.7,11.5,89,37,66,1.75,12.56,0.1,901.3,2.21,0.238
1997-10-24,19.2,9.9,13.9,88,48,69,3.11,8.9,3.2,901.4,2.1,0.254
1997-10-25,22.1,11.9,16.1,85,32,57,4.87,14.04,0.1,900.1,3.79,0.246
1997-10-26,17.9,9.0,13.8,88,44,65,3.46,9.65,0.7,897.0,2.31,0.235
1997-10-27,16.1,7.7,10.2,91,52,79,2.12,8.11,0.0,899.9,1.46,0.233
1997-10-28,16.4,7.7,11.0,81,48,68,1.1,11.48,0.0,902.5,1.91,0.226
1997-10-29,17.3,4.5,10.3,91,46,71,1.66,14.47,0.0,903.7,2.37,0.22
1997-10-30,14.5,4.6,9.9,85,43,66,2.59,11.54,0.0,907.4,2.12,0.213
1997-10-31,11.8,3.9,7.6,86,46,66,2.2,12.81,0.0,908.4,1.89,0.206
1997-11-01,12.2,3.6,7.4,77,45,62,1.67,14.02,0.0,904.9,2.05,0.199
1997-11-02,17.1,3.3,9.1,83,37,62,0.97,13.43,0.0,899.7,2.08,0.194
1997-11-03,15.4,6.7,10.5,84,53,71,1.18,8.88,3.5,895.8,1.51,0.201
1997-11-04,16.9,6.7,10.7,94,48,76,1.38,10.85,0.3,897.7,1.81,0.211
1997-11-05,10.7,1.9,6.7,78,40,61,2.46,11.66,0.0,907.2,1.87,0.208
1997-11-06,13.4,0.0,5.8,87,35,61,1.26,13.69,0.0,907.0,1.95,0.204
1997-11-07,14.9,1.0,7.1,86,37,60,1.1,13.91,0.0,908.9,2.03,0.2
1997-11-08,15.6,0.4,7.3,87,35,61,1.07,13.87,0.0,909.8,2.02,0.196
1997-11-09,18.3,-0.5,8.1,88,29,58,1.24,13.92,0.0,904.7,2.21,0.192
1997-11-10,17.7,0.7,8.0,79,26,55,1.15,13.38,0.0,902.3,2.06,0.191
1997-11-11,19.4,-0.4,8.2,87,25,59,1.16,13.37,0.0,902.8,2.11,0.188
1997-11-12,18.9,1.3,9.2,84,21,52,1.14,13.07,0.0,904.1,2.14,0.183
1997-11-13,19.1,2.8,10.1,73,20,46,1.2,12.94,0.0,903.5,2.21,0.175
1997-11-14,21.4,2.3,10.5,93,19,59,1.85,12.45,0.0,900.7,2.33,0.164
1997-11-15,20.0,4.8,10.5,95,28,65,1.3,11.8,0.0,901.0,1.88,0.157
1997-11-16,20.0,4.6,10.6,85,22,56,2.25,11.36,0.0,898.1,2.44,0.151
1997-11-17,16.0,6.8,10.4,83,41,61,2.77,8.0,0.0,895.1,1.88,0.147
1997-11-18,13.7,4.6,8.8,94,50,77,2.46,7.1,0.8,893.3,1.33,0.149
1997-11-19,12.9,9.6,10.6,82,72,78,3.88,4.58,7.0,892.0,1.12,0.202
1997-11-20,15.5,5.6,9.8,99,41,72,2.1,8.18,0.0,898.3,1.54,0.224
1997-11-21,15.9,4.0,8.6,90,36,70,2.05,9.52,0.0,899.1,1.69,0.217
1997-11-22,14.1,5.7,9.9,86,52,71,1.35,8.04,0.5,900.3,1.3,0.216
1997-11-23,15.1,2.5,8.9,92,50,72,1.23,11.34,0.0,905.7,1.69,0.211
1997-11-24,12.5,2.5,6.9,95,60,81,1.19,8.07,0.0,901.6,1.14,0.205
1997-11-25,11.3,4.9,7.5,92,61,79,1.35,10.17,0.0,898.5,1.35,0.203
1997-11-26,12.7,3.0,7.1,92,50,74,0.95,10.53,0.0,900.9,1.43,0.202
1997-11-27,14.1,2.5,7.7,86,40,67,1.03,11.0,0.0,903.2,1.51,0.2
1997-11-28,13.5,1.8,7.4,85,49,67,1.39,10.45,0.0,903.1,1.57,0.198
1997-11-29,12.8,4.1,7.8,83,47,67,1.03,8.29,0.0,899.2,1.29,0.196
1997-11-30,12.8,1.4,6.6,87,42,66,1.24,10.8,0.0,896.9,1.54,0.194
1997-12-01,14.0,1.1,6.8,93,43,72,2.72,10.03,0.0,898.1,1.7,0.193
1997-12-02,11.6,8.0,9.1,81,62,75,4.4,6.09,0.8,896.7,1.38,0.195
1997-12-03,14.1,5.2,8.9,85,39,70,2.88,8.86,0.8,895.5,1.62,0.208
1997-12-04,13.8,4.3,9.1,85,51,67,4.02,6.89,0.0,896.7,1.82,0.205
1997-12-05,14.7,6.3,10.6,85,45,65,1.83,8.13,0.0,898.7,1.45,0.204
1997-12-06,14.2,4.4,8.3,94,52,75,1.78,6.5,0.1,900.3,1.21,0.201
1997-12-07,14.1,6.3,9.1,87,50,72,2.36,5.9,0.1,897.3,1.32,0.198
1997-12-08,11.4,7.1,9.4,86,60,70,3.6,4.61,2.9,888.8,1.34,0.204
1997-12-09,7.6,4.9,6.2,91,78,86,2.36,2.77,4.7,890.6,0.56,0.253
1997-12-10,6.0,2.8,4.3,79,56,71,1.78,4.55,0.0,899.3,0.8,0.27
1997-12-11,10.9,-3.5,3.4,93,44,72,1.22,8.8,0.0,899.9,1.19,0.256
1997-12-12,11.8,1.3,5.2,93,44,77,1.89,6.38,0.0,898.2,1.03,0.246
1997-12-13,12.9,0.6,5.4,93,42,74,2.11,8.9,0.0,898.0,1.36,0.239
1997-12-14,13.3,5.3,9.2,86,58,75,2.99,4.37,0.8,900.8,1.15,0.232
1997-12-15,11.8,6.3,9.6,85,64,80,3.08,6.35,3.5,896.5,1.11,0.256
1997-12-16,10.9,2.5,6.0,94,60,81,1.64,7.31,2.7,896.7,1.01,0.279
1997-12-17,2.9,-0.8,1.0,83,59,70,2.29,5.19,0.1,905.7,0.76,0.282
1997-12-18,-1.4,-4.3,-2.6,80,56,69,1.98,6.11,0.0,906.0,0.67,0.268
1997-12-19,0.1,-5.7,-2.9,72,45,60,2.25,9.15,0.0,905.3,0.97,0.257
1997-12-20,4.9,-6.3,-1.8,70,36,55,1.3,10.72,0.0,906.3,1.18,0.252
1997-12-21,9.9,-6.1,0.8,75,23,54,1.45,10.3,0.0,903.3,1.4,0.25
1997-12-22,9.7,-0.8,3.6,89,57,77,1.98,5.95,0.0,900.9,0.89,0.246
1997-12-23,9.6,1.0,5.5,89,61,80,1.6,6.49,3.4,900.8,0.88,0.274
1997-12-24,7.8,-0.3,3.1,95,67,84,1.33,8.15,0.0,904.1,0.94,0.278
1997-12-25,6.4,0.5,3.3,90,61,79,1.21,5.42,0.0,905.7,0.73,0.272
1997-12-26,5.1,-1.2,1.4,85,57,73,1.25,10.17,0.0,904.8,1.09,0.266
1997-12-27,8.9,-2.8,1.7,85,42,69,1.75,10.31,0.0,903.8,1.29,0.259
1997-12-28,9.3,-2.3,2.3,93,40,70,2.27,9.78,0.0,901.5,1.39,0.251
1997-12-29,7.9,2.7,5.2,84,57,72,3.47,5.47,0.3,897.0,1.06,0.247
1997-12-30,8.3,2.3,5.0,88,56,76,2.57,7.99,2.9,899.4,1.1,0.262
1997-12-31,5.2,-2.0,1.1,83,48,68,1.16,8.88,0.0,904.6,1.04,0.268
1998-01-01,4.8,-1.9,1.0,74,44,59,1.1,10.79,0.0,905.2,1.17,0.259
1998-01-02,5.9,-4.0,-0.1,76,45,63,1.36,10.74,0.0,902.6,1.23,0.253
1998-01-03,6.3,-3.3,0.4,76,46,65,0.95,7.53,0.0,900.1,0.91,0.251
1998-01-04,7.6,-1.8,2.0,77,43,64,0.9,9.62,0.0,900.7,1.16,0.248
1998-01-05,8.2,-3.5,2.0,84,52,70,1.74,8.41,0.0,901.9,1.1,0.245
1998-01-06,8.0,-3.7,2.3,85,49,68,1.15,9.36,0.0,903.0,1.15,0.242
1998-01-07,12.7,-2.5,3.6,89,42,70,2.29,10.63,0.1,902.1,1.53,0.238
1998-01-08,3.6,-2.8,0.8,87,49,70,0.84,7.37,0.0,910.2,0.81,0.238
1998-01-09,6.1,-4.7,-0.1,74,39,61,1.1,11.35,0.0,907.8,1.28,0.236
1998-01-10,4.1,-4.2,-0.5,82,51,70,1.54,4.84,0.2,900.0,0.7,0.235
1998-01-11,0.1,-3.9,-1.9,73,40,57,6.56,9.61,0.2,901.2,1.45,0.236
1998-01-12,2.2,-6.1,-2.1,72,38,55,3.37,10.24,0.0,905.3,1.23,0.233
1998-01-13,9.4,-2.1,2.5,79,48,63,1.33,9.81,0.0,905.0,1.32,0.23
1998-01-14,12.8,-3.1,3.9,86,40,66,1.28,11.56,0.0,904.6,1.51,0.225
1998-01-15,13.1,-3.2,3.7,90,41,69,1.26,11.84,0.0,906.4,1.57,0.222
1998-01-16,13.0,-3.7,3.4,83,28,59,1.29,11.87,0.0,904.4,1.63,0.218
1998-01-17,11.9,-0.9,4.5,91,46,69,1.4,9.88,0.0,898.0,1.41,0.215
1998-01-18,11.1,-1.6,4.5,92,42,69,1.18,11.61,0.0,897.2,1.54,0.212
1998-01-19,9.2,-1.4,3.1,88,45,71,1.75,10.29,0.0,898.1,1.38,0.207
1998-01-20,10.9,-0.2,4.7,89,48,72,2.88,8.88,1.8,897.1,1.46,0.221
1998-01-21,12.4,4.1,7.1,79,46,68,3.85,6.87,0.0,900.9,1.57,0.224
1998-01-22,12.2,4.7,8.1,84,50,69,4.56,9.1,0.0,901.7,1.81,0.22
1998-01-23,9.9,1.9,6.1,85,46,68,2.3,8.74,2.1,894.6,1.36,0.24
1998-01-24,6.0,0.1,2.8,93,69,83,1.06,5.76,0.4,893.1,0.73,0.241
1998-01-25,6.2,0.0,3.2,93,58,81,1.15,8.82,1.2,895.2,1.07,0.249
1998-01-26,5.2,0.1,2.4,88,54,71,1.25,7.92,0.0,900.5,1.03,0.251
1998-01-27,6.6,-1.2,2.7,79,55,66,1.26,9.74,0.0,899.5,1.2,0.246
1998-01-28,6.8,0.3,3.6,90,70,82,1.28,5.77,4.8,892.9,0.79,0.255
1998-01-29,3.1,-1.3,1.3,94,56,76,2.53,7.39,8.8,893.4,0.87,0.3
1998-01-30,3.0,-5.1,-1.4,77,44,62,2.09,12.43,0.0,897.1,1.37,0.28
1998-01-31,3.2,-7.8,-2.7,80,40,64,1.08,14.14,0.0,900.1,1.34,0.269
1998-02-01,4.8,-8.0,-2.1,86,48,70,1.45,11.22,0.0,903.0,1.26,0.266
1998-02-02,7.9,-2.0,2.7,83,52,70,2.57,9.37,0.0,901.1,1.36,0.264
1998-02-03,13.5,-0.3,5.5,88,43,72,2.29,12.81,0.0,899.4,1.9,0.262
1998-02-04,15.1,1.0,6.7,91,38,70,1.99,12.51,0.0,903.2,1.98,0.248
1998-02-05,13.9,4.5,8.4,83,41,65,2.58,6.37,0.0,900.5,1.6,0.24
1998-02-06,9.7,5.1,8.1,90,62,75,1.82,5.74,11.0,894.0,1.06,0.275
1998-02-07,5.5,1.8,3.6,95,56,77,3.13,4.78,5.0,896.5,0.86,0.342
1998-02-08,3.2,-3.1,0.3,77,45,59,2.12,14.0,0.0,901.5,1.58,0.309
1998-02-09,5.5,-5.1,-0.9,74,34,57,2.08,15.68,0.0,903.2,1.75,0.292
1998-02-10,5.0,-5.2,-0.9,76,36,57,2.28,15.85,0.0,904.4,1.81,0.283
1998-02-11,4.1,-4.6,-0.4,70,43,56,2.9,15.45,0.0,905.9,1.79,0.276
1998-02-12,6.5,-2.8,1.2,79,51,65,1.8,15.24,0.0,906.7,1.8,0.27
1998-02-13,11.5,-2.6,4.8,85,42,65,1.99,10.86,0.0,901.6,1.76,0.264
1998-02-14,10.1,1.7,6.7,80,39,61,3.94,12.25,0.3,901.5,2.1,0.263
1998-02-15,8.7,-4.3,2.2,66,26,47,1.59,16.46,0.0,905.0,2.11,0.256
1998-02-16,10.6,2.9,6.5,69,43,55,1.64,9.1,0.0,904.3,1.6,0.249
1998-02-17,14.6,-1.2,6.1,82,34,60,2.15,16.34,0.0,900.6,2.5,0.242
1998-02-18,6.5,-0.1,4.1,87,46,70,3.58,6.43,3.9,901.4,1.22,0.258
1998-02-19,3.0,-4.1,-1.1,71,36,53,3.54,16.86,0.0,908.2,1.92,0.27
1998-02-20,6.6,-4.7,0.3,71,30,51,1.83,17.46,0.0,907.2,2.07,0.263
1998-02-21,11.7,-2.5,4.0,74,37,54,2.22,17.21,0.0,910.3,2.46,0.255
1998-02-22,13.8,0.4,7.0,80,36,60,1.52,17.38,0.0,911.1,2.52,0.243
1998-02-23,15.3,-0.4,6.9,91,31,60,1.34,17.77,0.0,908.0,2.71,0.235
1998-02-24,15.8,1.3,8.3,76,28,52,1.92,17.73,0.0,905.2,2.87,0.226
1998-02-25,16.3,-0.5,8.0,77,19,51,1.3,16.97,0.0,902.5,2.67,0.215
1998-02-26,11.3,2.5,6.9,70,35,53,2.88,13.91,0.0,903.7,2.42,0.205
1998-02-27,9.2,-0.8,4.2,76,30,55,2.42,16.21,0.0,902.9,2.33,0.198
1998-02-28,11.8,-2.1,3.6,72,28,52,1.47,18.51,0.0,897.3,2.52,0.192
1998-03-01,14.6,-2.7,5.7,80,27,52,1.35,18.69,0.0,896.9,2.78,0.186
1998-03-02,16.5,-1.4,6.8,76,19,50,1.58,19.14,0.0,898.1,3.08,0.177
1998-03-03,11.9,0.8,5.9,82,26,56,2.26,16.29,0.0,905.2,2.51,0.168
1998-03-04,14.5,-2.6,5.5,79,22,47,1.31,19.74,0.0,906.7,2.98,0.167
1998-03-05,18.8,-0.4,8.4,72,16,42,1.19,19.46,0.0,904.2,3.09,0.165
1998-03-06,20.2,-0.2,9.2,86,20,52,2.64,19.48,0.0,899.6,3.73,0.159
1998-03-07,10.5,1.9,6.2,80,27,54,2.83,11.59,0.4,901.4,2.08,0.153
1998-03-08,14.6,-2.2,5.5,62,22,40,1.7,20.4,0.0,899.5,3.17,0.153
1998-03-09,16.6,0.8,8.7,85,27,54,3.31,18.33,0.0,897.0,3.36,0.142
1998-03-10,15.6,7.9,11.2,77,43,59,3.92,10.18,0.0,898.9,2.52,0.137
1998-03-11,16.0,7.2,11.3,83,29,59,5.5,17.59,0.5,894.0,3.59,0.137
1998-03-12,10.6,4.5,7.5,85,35,57,3.75,18.82,1.8,893.1,2.83,0.172
1998-03-13,14.0,1.3,7.1,74,33,54,1.69,19.77,0.0,901.4,2.95,0.172
1998-03-14,10.5,2.7,6.0,88,32,59,1.74,13.11,0.0,900.0,2.0,0.171
1998-03-15,12.6,-0.3,5.3,86,27,59,1.65,14.06,2.7,891.9,2.13,0.175
1998-03-16,4.5,-1.1,1.6,100,77,87,3.97,6.48,10.8,881.0,0.7,0.24
1998-03-17,5.0,-2.3,0.2,86,53,73,2.96,14.74,3.6,886.5,1.66,0.25
1998-03-18,1.3,-2.7,-1.3,89,62,79,3.08,16.87,8.9,888.7,1.45,0.251
1998-03-19,1.4,-2.5,-0.2,79,64,73,2.11,14.97,0.2,898.1,1.52,0.25
1998-03-20,4.6,-2.0,1.2,77,49,65,0.97,15.97,0.0,900.4,1.88,0.257
1998-03-21,8.7,-0.3,4.4,76,50,64,3.48,14.38,0.2,895.9,2.01,0.256
1998-03-22,10.9,0.5,6.1,76,28,51,3.64,22.58,0.0,897.3,3.35,0.251
1998-03-23,6.4,-1.0,4.3,64,41,55,4.08,14.32,3.1,895.2,2.23,0.255
1998-03-24,3.6,-3.1,-0.2,67,28,50,2.55,19.07,0.0,901.4,2.27,0.261
1998-03-25,6.3,-4.4,0.8,65,35,49,2.04,23.65,0.0,903.0,2.75,0.251
1998-03-26,14.6,1.3,7.3,71,36,51,3.4,19.66,0.2,897.0,3.32,0.242
1998-03-27,13.2,3.0,8.4,80,45,62,4.15,19.2,3.7,893.3,2.9,0.245
1998-03-28,13.5,2.7,7.9,87,37,64,2.1,20.61,0.7,895.9,3.11,0.254
1998-03-29,12.4,3.5,7.2,84,40,67,1.5,18.77,0.3,891.4,2.69,0.252
1998-03-30,8.9,2.7,5.0,96,54,80,3.6,9.8,13.0,893.4,1.31,0.304
1998-03-31,10.0,3.6,6.0,77,40,60,2.29,19.22,0.0,903.0,2.67,0.314
1998-04-01,14.4,0.0,7.0,78,26,55,1.26,22.16,0.0,903.2,3.34,0.291
1998-04-02,13.1,2.6,7.3,90,44,72,2.52,15.33,2.5,900.1,2.37,0.283
1998-04-03,13.0,3.9,7.7,94,41,70,2.11,19.56,0.0,897.5,2.79,0.294
1998-04-04,15.2,4.4,9.7,81,39,59,2.91,15.02,0.1,901.7,2.69,0.276
1998-04-05,19.1,2.7,10.7,82,29,55,1.72,24.76,0.0,906.2,4.2,0.26
1998-04-06,22.4,3.6,12.7,87,23,50,1.29,25.05,0.0,906.2,4.38,0.244
1998-04-07,22.9,5.0,13.5,92,21,55,1.56,25.08,0.0,903.7,4.46,0.226
1998-04-08,26.1,8.1,16.1,83,21,50,1.67,24.8,0.0,903.1,4.84,0.208
1998-04-09,26.8,9.7,17.5,84,24,52,1.4,24.63,0.0,903.8,4.72,0.191
1998-04-10,28.6,10.1,19.3,81,20,45,1.48,22.74,0.0,904.4,4.72,0.181
1998-04-11,31.4,11.5,21.2,77,20,41,2.05,24.86,0.0,906.1,5.8,0.168
1998-04-12,30.7,13.2,21.6,61,15,34,3.46,25.45,0.0,904.8,6.74,0.148
1998-04-13,31.8,12.0,21.5,65,13,32,3.4,25.36,0.0,901.6,6.95,0.131
1998-04-14,31.1,11.1,20.6,60,16,34,3.17,24.71,0.0,900.2,6.48,0.124
1998-04-15,28.0,13.8,20.8,59,25,39,2.63,21.76,0.1,901.3,5.31,0.123
1998-04-16,24.5,14.6,18.0,86,32,56,1.9,19.18,3.9,896.4,3.98,0.134
1998-04-17,21.3,11.6,15.8,94,40,66,2.31,19.36,0.4,889.5,3.72,0.165
1998-04-18,25.5,8.4,16.5,92,19,52,3.25,26.0,0.0,892.6,5.65,0.168
1998-04-19,22.1,11.5,15.8,75,25,47,4.24,21.43,0.2,895.6,4.98,0.156
1998-04-20,16.8,9.6,12.8,85,23,47,1.63,26.06,2.3,896.8,4.21,0.174
1998-04-21,12.7,6.6,8.9,71,45,60,2.69,15.5,2.2,894.6,2.44,0.188
1998-04-22,12.7,6.8,9.0,82,42,65,1.78,21.03,2.6,895.8,3.11,0.2
1998-04-23,13.6,5.4,9.0,82,35,60,3.28,20.97,1.5,898.2,3.2,0.214
1998-04-24,19.4,3.9,11.5,72,29,50,1.54,25.0,0.0,900.5,4.28,0.209
1998-04-25,18.5,7.9,12.5,78,43,56,2.58,19.06,0.3,897.4,3.6,0.201
1998-04-26,14.8,9.6,11.8,82,68,77,2.49,13.28,12.1,889.8,2.27,0.257
1998-04-27,15.7,8.4,11.6,86,47,69,2.77,20.83,2.3,891.4,3.35,0.297
1998-04-28,17.9,7.0,12.3,89,37,65,1.9,21.16,0.0,896.9,3.65,0.284
1998-04-29,21.8,7.7,13.9,94,26,63,2.05,24.08,0.0,900.5,4.43,0.257
1998-04-30,22.9,10.1,15.6,80,28,55,1.88,24.37,0.0,901.2,4.73,0.229
1998-05-01,23.9,7.9,15.9,82,24,51,1.36,27.47,0.0,902.6,5.06,0.208
1998-05-02,25.3,10.1,17.4,73,24,46,1.63,25.09,0.0,903.9,5.05,0.191
1998-05-03,26.7,10.9,18.6,73,25,47,1.04,27.25,0.0,904.6,5.13,0.181
1998-05-04,30.1,13.0,21.2,80,25,48,1.83,26.25,0.0,902.8,5.68,0.171
1998-05-05,28.0,16.3,20.9,77,30,52,2.94,18.4,1.1,899.3,4.72,0.161
1998-05-06,28.1,13.1,20.7,77,10,38,3.93,28.31,0.0,896.9,6.95,0.154
1998-05-07,27.7,10.0,18.7,64,10,36,2.13,26.05,0.0,901.5,5.82,0.145
1998-05-08,26.4,11.4,18.1,76,26,52,1.8,19.95,2.6,904.9,4.31,0.141
1998-05-09,21.3,15.0,17.3,90,61,78,1.58,14.45,8.1,903.2,2.74,0.204
1998-05-10,23.3,15.1,17.9,96,47,74,2.32,20.61,0.4,898.5,3.88,0.262
1998-05-11,24.4,11.0,16.8,91,23,58,2.38,25.39,0.2,894.9,5.07,0.24
1998-05-12,21.0,10.7,15.0,82,35,61,2.03,22.51,2.2,893.2,4.17,0.234
1998-05-13,20.3,12.3,15.3,86,42,63,1.83,15.92,3.1,894.8,3.21,0.245
1998-05-14,17.1,11.5,13.7,87,53,71,1.56,8.27,0.4,896.9,1.74,0.269
1998-05-15,19.0,12.3,14.9,83,49,69,1.55,14.04,3.5,898.7,2.6,0.271
1998-05-16,24.8,10.6,17.5,81,36,58,1.74,26.28,0.0,901.2,5.07,0.251
1998-05-17,26.0,11.9,18.2,91,28,58,3.68,26.18,0.6,899.1,5.62,0.228
1998-05-18,25.7,10.5,17.1,82,28,57,2.24,25.05,3.0,898.5,4.98,0.226
1998-05-19,23.8,11.0,16.0,90,21,58,3.68,27.84,0.1,895.2,5.55,0.243
1998-05-20,17.7,9.4,13.4,76,37,55,2.91,22.95,0.2,893.3,4.14,0.223
1998-05-21,20.3,9.1,14.9,83,34,53,2.58,19.8,0.0,896.4,4.01,0.21
1998-05-22,22.1,10.5,16.3,73,34,52,1.08,25.44,0.0,899.0,4.67,0.196
1998-05-23,21.5,10.8,16.2,92,39,62,1.68,25.52,0.1,899.2,4.75,0.189
1998-05-24,22.6,11.8,17.3,84,34,57,1.47,25.71,0.1,900.5,4.8,0.177
1998-05-25,25.7,11.8,19.0,75,24,49,1.55,24.85,0.0,903.5,5.09,0.162
1998-05-26,29.0,13.6,21.4,81,22,49,1.98,28.7,0.0,903.0,6.2,0.15
1998-05-27,27.7,13.4,20.2,88,28,54,1.97,26.02,3.5,901.1,5.39,0.158
1998-05-28,25.7,14.5,19.3,80,23,54,1.35,25.67,1.8,900.0,5.14,0.175
1998-05-29,25.0,12.5,19.1,76,26,50,2.16,25.41,0.0,901.4,5.22,0.185
1998-05-30,26.9,14.6,20.2,62,28,44,1.72,25.1,0.0,898.5,5.31,0.172
1998-05-31,23.6,15.6,19.5,74,43,58,2.64,21.49,0.0,899.0,4.63,0.161
1998-06-01,24.6,14.6,19.8,82,30,53,1.86,21.71,0.0,901.6,4.74,0.153
1998-06-02,25.8,13.5,19.7,67,26,43,2.55,23.35,0.0,900.2,5.4,0.14
1998-06-03,25.0,14.3,19.1,69,35,52,2.57,24.53,2.1,900.6,5.22,0.138
1998-06-04,23.9,13.6,17.9,73,36,55,2.81,25.29,1.1,901.9,5.15,0.145
1998-06-05,24.1,13.8,18.3,76,40,58,2.68,23.72,0.7,903.3,4.91,0.141
1998-06-06,23.7,14.0,18.7,78,37,57,2.71,21.01,0.4,903.1,4.53,0.141
1998-06-07,25.6,13.7,19.8,78,36,54,1.38,23.75,0.3,902.2,4.85,0.138
1998-06-08,26.1,13.4,19.8,85,34,57,1.7,23.74,3.2,901.7,4.91,0.153
1998-06-09,26.3,15.0,21.1,82,35,55,1.46,23.73,0.0,901.1,4.99,0.17
1998-06-10,29.1,15.7,22.6,77,24,50,1.7,25.83,0.0,901.2,5.79,0.157
1998-06-11,30.9,15.6,22.6,80,28,53,1.94,25.87,1.6,901.8,5.79,0.156
1998-06-12,29.1,16.7,22.8,80,30,52,1.92,26.85,0.1,902.3,5.93,0.162
1998-06-13,31.8,16.8,24.9,66,20,40,1.28,30.18,0.0,901.8,6.44,0.147
1998-06-14,33.2,17.7,25.6,68,19,38,3.19,30.54,0.0,898.4,7.95,0.139
1998-06-15,31.5,15.0,24.0,68,21,40,2.33,30.44,0.0,902.0,7.05,0.128
1998-06-16,32.1,17.4,24.9,45,20,31,2.64,30.89,0.0,905.1,7.63,0.12
1998-06-17,33.7,19.6,26.2,50,14,31,2.08,30.58,0.0,903.7,7.33,0.117
1998-06-18,34.8,20.2,27.8,39,21,30,1.68,29.48,0.0,900.0,7.06,0.115
1998-06-19,33.3,20.7,26.9,54,27,38,2.45,27.02,1.0,899.3,6.89,0.118
1998-06-20,33.5,19.6,25.6,74,18,48,1.93,29.59,0.1,899.8,6.71,0.13
1998-06-21,30.7,18.2,23.0,73,16,52,2.64,27.88,0.0,899.7,6.35,0.13
1998-06-22,24.8,15.9,19.6,76,31,53,3.31,17.77,0.7,901.1,4.6,0.129
1998-06-23,26.6,15.2,21.0,57,22,40,3.98,28.08,0.0,902.9,6.71,0.122
1998-06-24,30.6,16.0,23.6,50,22,35,2.53,30.27,0.0,903.0,7.1,0.114
1998-06-25,32.5,17.5,25.5,52,18,34,2.04,30.29,0.0,901.8,7.12,0.111
1998-06-26,32.9,19.9,26.6,46,19,31,2.57,28.65,0.0,901.7,7.45,0.107
1998-06-27,29.2,19.8,23.7,58,36,46,2.63,23.55,1.2,901.1,5.67,0.113
1998-06-28,29.7,17.8,23.2,68,27,45,3.04,30.28,0.0,902.9,6.91,0.128
1998-06-29,30.2,16.8,23.8,51,23,35,2.93,30.93,0.0,902.4,7.36,0.126
1998-06-30,32.3,17.5,25.1,42,16,29,3.36,30.99,0.0,900.4,8.04,0.121
1998-07-01,31.6,18.3,25.2,53,18,32,3.42,30.66,0.0,899.7,7.89,0.113
1998-07-02,32.4,20.1,26.2,44,24,30,3.92,30.41,0.0,899.6,8.24,0.108
1998-07-03,36.1,21.3,28.9,52,16,31,3.7,30.34,0.0,900.0,8.69,0.105
1998-07-04,35.3,21.9,28.2,44,14,30,2.7,30.57,0.0,897.8,7.94,0.103
1998-07-05,29.8,19.0,24.6,49,25,37,3.65,27.34,0.0,891.9,7.2,0.105
1998-07-06,27.4,17.2,21.8,58,38,48,2.56,24.79,1.9,894.7,5.72,0.116
1998-07-07,27.6,18.3,22.5,72,28,44,2.56,28.19,0.0,897.7,6.18,0.14
1998-07-08,32.4,15.3,23.9,53,20,36,1.32,30.56,0.0,897.0,6.49,0.137
1998-07-09,35.5,17.3,26.8,74,17,37,3.95,30.26,0.0,894.4,8.58,0.128
1998-07-10,28.8,16.3,22.9,56,29,39,2.37,25.41,0.0,897.2,6.09,0.117
1998-07-11,29.9,15.4,22.7,37,17,27,2.42,30.63,0.0,900.0,7.12,0.117
1998-07-12,31.2,16.6,24.0,35,15,25,2.77,30.75,0.0,901.6,7.6,0.111
1998-07-13,31.6,18.9,25.2,41,17,28,3.46,30.27,0.0,901.7,8.0,0.108
1998-07-14,34.0,18.1,26.3,40,12,26,2.9,30.7,0.0,901.0,8.0,0.106
1998-07-15,36.9,18.3,27.9,32,12,22,1.72,30.57,0.0,899.3,7.28,0.106
1998-07-16,37.8,19.3,29.0,56,18,31,1.79,29.96,0.0,897.0,7.45,0.106
1998-07-17,33.9,21.5,28.1,63,21,37,2.54,29.41,0.0,896.8,7.58,0.104
1998-07-18,31.2,20.3,25.5,52,25,38,3.28,29.67,0.0,900.9,7.51,0.103
1998-07-19,31.5,20.5,25.7,52,24,35,3.02,30.25,0.0,903.3,7.44,0.103
1998-07-20,33.3,20.9,26.4,54,23,37,2.5,29.74,0.0,902.7,7.29,0.102
1998-07-21,34.7,22.2,28.1,49,25,37,3.04,29.22,0.0,900.2,7.71,0.103
1998-07-22,34.0,22.1,28.3,61,30,43,3.35,28.72,0.0,900.7,7.55,0.102
1998-07-23,35.7,22.8,29.3,58,28,42,3.0,26.97,0.9,899.9,7.29,0.102
1998-07-24,39.0,26.0,31.1,45,19,32,2.57,28.02,0.0,898.0,7.85,0.103
1998-07-25,37.0,21.9,29.9,76,19,41,1.5,28.34,0.0,897.3,6.76,0.102
1998-07-26,36.1,24.9,30.1,41,19,30,3.6,28.44,0.0,898.0,8.37,0.101
1998-07-27,34.3,22.1,28.5,48,16,29,3.32,29.19,0.0,899.2,8.1,0.101
1998-07-28,33.2,22.6,27.8,48,19,31,3.39,29.13,0.0,899.0,7.95,0.102
1998-07-29,35.4,20.1,28.0,40,23,29,1.75,29.0,0.0,896.9,7.05,0.104
1998-07-30,36.4,20.9,28.7,54,21,32,1.77,24.35,0.1,897.2,6.36,0.104
1998-07-31,36.2,22.4,29.0,47,21,31,3.57,27.67,0.0,900.0,8.22,0.103
1998-08-01,34.2,22.7,28.1,45,20,31,3.46,28.72,0.0,901.5,8.02,0.102
1998-08-02,33.1,21.8,27.6,55,27,38,3.44,28.29,0.0,902.8,7.53,0.102
1998-08-03,34.8,23.5,29.0,52,19,35,3.47,27.16,0.0,903.1,7.68,0.101
1998-08-04,34.4,23.5,29.0,47,22,33,4.36,28.26,0.0,902.3,8.61,0.101
1998-08-05,33.7,22.7,28.2,50,22,35,4.13,28.17,0.0,901.3,8.1,0.102
1998-08-06,33.8,21.2,27.5,58,24,38,2.85,28.03,0.0,901.5,7.25,0.102
1998-08-07,33.4,23.3,28.2,56,31,40,4.46,27.57,0.0,904.5,8.01,0.102
1998-08-08,32.3,21.7,26.6,61,26,43,3.65,27.85,0.0,904.3,7.28,0.102
1998-08-09,35.1,18.8,26.9,43,16,31,1.96,28.21,0.0,900.7,6.81,0.103
1998-08-10,36.2,20.4,28.5,38,19,27,2.62,27.76,0.0,899.0,7.6,0.104
1998-08-11,33.1,23.2,27.4,41,22,31,4.07,27.65,0.0,902.7,8.04,0.103
1998-08-12,31.0,19.0,24.6,53,21,33,3.39,28.16,0.0,901.6,7.22,0.103
1998-08-13,30.1,16.9,23.6,48,22,31,3.29,28.44,0.0,900.4,7.11,0.104
1998-08-14,32.8,17.0,25.1,54,19,36,1.9,27.66,0.0,898.8,6.41,0.104
1998-08-15,33.8,18.7,26.6,42,16,28,2.36,27.43,0.0,900.3,7.03,0.104
1998-08-16,30.5,20.2,24.9,48,15,28,4.06,27.6,0.0,902.6,7.67,0.103
1998-08-17,28.3,17.4,22.4,50,23,33,3.55,27.53,0.0,900.7,6.79,0.103
1998-08-18,28.7,15.4,21.7,57,20,37,2.68,27.48,0.0,900.1,6.26,0.103
1998-08-19,31.9,15.8,23.6,49,13,31,2.06,26.9,0.0,900.6,6.3,0.103
1998-08-20,32.9,16.5,25.2,38,12,26,1.77,26.98,0.0,900.7,6.34,0.103
1998-08-21,33.8,18.5,26.3,33,19,24,1.91,26.62,0.0,899.3,6.52,0.103
1998-08-22,36.5,18.9,27.6,50,18,30,2.05,26.38,0.0,897.0,6.83,0.102
1998-08-23,34.4,19.7,27.1,53,15,33,2.06,26.23,0.0,900.1,6.47,0.101
1998-08-24,35.9,20.0,27.7,38,11,26,2.38,26.44,0.0,902.1,7.03,0.101
1998-08-25,36.7,20.4,28.7,39,15,27,2.09,25.81,0.0,900.4,6.73,0.101
1998-08-26,36.3,21.3,29.0,43,15,28,2.22,25.6,0.0,899.0,6.79,0.101
1998-08-27,36.3,21.2,28.7,52,16,31,2.05,25.08,0.0,898.4,6.5,0.099
1998-08-28,37.3,21.7,29.5,44,21,30,1.76,24.48,0.0,898.1,6.3,0.096
1998-08-29,37.0,20.7,28.6,64,21,40,1.68,24.53,0.0,900.7,6.04,0.094
1998-08-30,37.2,19.8,28.8,75,14,39,2.15,24.62,0.0,901.3,6.58,0.093
1998-08-31,34.1,19.6,26.8,52,23,36,1.72,24.89,0.0,900.4,5.96,0.092
1998-09-01,30.9,19.8,25.4,56,26,40,2.18,23.46,0.0,900.8,5.65,0.091
1998-09-02,26.8,18.0,22.4,58,22,36,3.5,23.71,0.0,903.8,6.12,0.091
1998-09-03,25.9,14.8,20.3,56,24,35,3.1,24.67,0.0,904.3,5.87,0.091
1998-09-04,27.8,13.9,21.1,41,18,29,2.08,24.58,0.0,901.9,5.6,0.093
1998-09-05,29.7,15.0,22.1,42,25,32,2.24,22.28,0.0,900.6,5.51,0.092
1998-09-06,28.0,15.0,21.5,58,29,43,1.98,22.33,0.0,900.8,5.07,0.093
1998-09-07,31.3,15.0,22.9,57,28,40,1.63,20.43,0.0,899.5,4.87,0.093
1998-09-08,31.8,16.4,24.4,76,27,49,1.54,23.12,0.0,900.3,5.2,0.093
1998-09-09,32.4,17.3,24.8,52,22,37,2.0,23.28,0.0,902.1,5.66,0.092
1998-09-10,32.9,18.3,25.2,53,25,37,2.47,22.5,0.0,902.2,5.93,0.091
1998-09-11,31.7,18.0,24.1,48,22,35,2.39,21.12,0.1,900.1,5.53,0.093
1998-09-12,31.6,17.2,24.4,43,18,32,1.78,21.94,0.0,896.6,5.27,0.096
1998-09-13,33.3,15.3,23.9,67,20,42,2.68,21.54,0.0,897.0,5.76,0.096
1998-09-14,34.7,17.2,25.0,83,20,49,2.47,22.34,0.0,901.0,5.76,0.093
1998-09-15,33.0,16.2,24.4,80,26,48,2.07,21.97,0.0,899.7,5.42,0.089
1998-09-16,31.6,15.7,22.8,83,22,50,2.67,21.54,0.0,895.6,5.51,0.088
1998-09-17,27.1,14.0,20.5,75,28,51,1.44,18.15,0.0,897.8,3.79,0.088
1998-09-18,29.6,12.7,21.4,74,21,45,1.41,22.19,0.0,900.8,4.6,0.086
1998-09-19,29.2,14.8,21.7,77,23,49,1.85,21.39,0.0,901.4,4.64,0.085
1998-09-20,27.4,15.3,20.9,81,31,53,2.87,18.12,0.0,900.5,4.52,0.084
1998-09-21,27.1,13.3,19.9,76,26,52,1.22,20.3,0.0,898.9,4.01,0.087
1998-09-22,23.0,14.8,18.0,75,31,54,2.55,16.42,0.0,897.3,3.72,0.089
1998-09-23,22.6,12.4,17.4,62,32,49,1.75,16.65,0.0,899.8,3.55,0.091
1998-09-24,20.5,13.4,16.2,73,37,56,2.96,10.24,0.0,903.2,2.86,0.092
1998-09-25,21.8,13.5,17.0,70,34,52,2.31,14.37,0.0,906.0,3.24,0.094
1998-09-26,25.2,10.7,17.2,59,25,43,1.75,20.7,0.0,905.1,4.25,0.095
1998-09-27,26.4,10.6,18.3,61,14,36,1.63,20.67,0.0,904.6,4.39,0.095
1998-09-28,29.1,10.0,19.4,48,17,33,1.23,20.58,0.0,902.7,4.22,0.094
1998-09-29,30.4,11.3,20.5,71,18,42,1.94,19.38,0.0,900.7,4.59,0.092
1998-09-30,24.4,14.1,19.0,75,29,47,3.75,16.33,3.6,897.9,4.37,0.099
1998-10-01,21.6,10.5,15.7,92,33,62,1.4,19.46,0.1,901.5,3.58,0.15
1998-10-02,26.6,9.2,16.9,76,23,47,1.05,19.66,0.0,902.0,3.66,0.151
1998-10-03,29.5,9.5,19.4,84,20,45,0.99,19.39,0.0,900.5,3.73,0.151
1998-10-04,32.3,11.5,21.1,84,16,44,2.92,19.12,0.0,898.1,5.27,0.139
1998-10-05,27.0,11.1,18.7,79,30,50,1.57,18.09,0.0,901.5,3.82,0.125
1998-10-06,27.6,13.0,19.7,66,25,44,2.01,18.53,0.0,904.0,4.18,0.119
1998-10-07,25.6,12.5,18.6,60,31,44,2.84,18.49,0.0,905.6,4.46,0.112
1998-10-08,22.7,11.7,16.8,64,33,48,3.3,18.29,0.0,908.5,4.16,0.107
1998-10-09,21.9,8.5,14.4,70,15,39,2.9,19.26,0.0,911.0,4.19,0.106
1998-10-10,25.1,6.2,14.5,35,13,24,2.2,19.04,0.0,909.4,4.29,0.109
1998-10-11,27.4,8.8,17.3,26,8,18,1.62,18.55,0.0,905.7,4.09,0.111
1998-10-12,30.2,7.7,18.1,33,9,20,2.27,17.03,0.0,902.4,4.63,0.11
1998-10-13,29.4,10.0,19.4,39,13,24,3.7,14.27,0.0,902.9,5.26,0.107
1998-10-14,29.2,10.3,20.1,54,17,31,2.75,17.48,0.0,903.7,4.85,0.1
1998-10-15,26.5,11.3,17.9,64,30,45,2.59,16.51,0.0,902.2,4.01,0.098
1998-10-16,18.5,11.1,14.1,78,32,57,2.26,12.34,0.0,900.8,2.73,0.099
1998-10-17,16.0,8.1,12.1,81,52,65,2.16,6.57,0.4,906.5,1.64,0.103
1998-10-18,18.8,7.4,12.8,83,40,59,2.05,15.94,0.0,906.3,2.9,0.106
1998-10-19,21.8,5.2,13.0,84,31,55,1.43,16.72,0.0,905.0,3.03,0.107
1998-10-20,24.2,7.0,14.3,64,18,43,1.32,16.6,0.0,905.7,3.2,0.11
1998-10-21,24.5,6.5,15.0,63,23,40,1.5,16.48,0.0,908.0,3.37,0.117
1998-10-22,22.1,7.8,14.2,75,35,51,2.31,15.91,0.0,910.1,3.27,0.109
1998-10-23,20.7,6.8,13.0,87,33,58,2.19,16.06,0.0,906.5,3.06,0.104
1998-10-24,23.7,5.8,14.0,65,19,41,1.79,15.98,0.0,901.8,3.36,0.103
1998-10-25,24.9,5.8,14.9,76,23,48,2.79,15.33,0.0,899.4,3.72,0.1
1998-10-26,22.3,10.3,15.8,86,34,59,3.1,11.83,0.0,900.2,2.95,0.101
1998-10-27,23.5,12.5,17.3,83,35,58,3.82,12.59,0.0,900.8,3.46,0.101
1998-10-28,18.4,8.9,13.3,90,57,77,2.6,10.15,18.8,900.8,1.85,0.169
1998-10-29,14.5,7.4,10.6,86,42,66,3.47,10.56,8.7,903.2,1.94,0.33
1998-10-30,21.3,3.0,11.2,90,29,59,1.51,14.97,0.0,902.0,2.53,0.28
1998-10-31,20.9,6.3,12.4,95,32,67,2.08,14.0,0.0,899.6,2.59,0.255
1998-11-01,20.1,9.5,14.1,87,44,67,1.3,9.95,0.0,900.3,1.82,0.237
1998-11-02,19.9,8.9,13.6,90,37,67,2.16,11.3,0.0,900.6,2.26,0.224
1998-11-03,20.4,9.6,13.9,91,40,67,1.35,12.18,0.0,904.0,2.18,0.211
1998-11-04,22.2,7.6,13.5,93,30,62,1.25,13.68,0.0,906.3,2.27,0.201
1998-11-05,23.0,4.7,12.6,93,21,57,1.35,14.17,0.0,905.4,2.44,0.191
1998-11-06,21.1,5.4,12.4,82,34,59,1.38,12.52,0.0,906.6,2.29,0.189
1998-11-07,20.9,6.2,12.7,81,34,58,1.33,13.38,0.0,905.5,2.38,0.187
1998-11-08,21.8,4.8,12.5,89,33,63,1.77,13.33,0.0,901.7,2.51,0.182
1998-11-09,14.3,8.6,11.0,84,57,73,1.47,5.86,0.2,900.9,1.13,0.178
1998-11-10,11.4,6.6,9.1,82,51,68,2.41,5.56,0.0,899.2,1.25,0.18
1998-11-11,15.1,3.0,8.0,80,40,60,1.29,13.19,0.0,900.1,1.93,0.178
1998-11-12,19.5,2.8,10.4,88,36,65,2.12,10.36,0.0,901.5,2.09,0.17
1998-11-13,17.0,10.7,13.1,89,50,70,3.18,8.09,0.0,900.1,1.84,0.163
1998-11-14,13.2,10.1,11.5,81,57,70,3.39,6.27,0.4,896.5,1.49,0.16
1998-11-15,16.3,7.5,11.6,87,39,67,2.23,9.42,0.4,898.1,1.83,0.164
1998-11-16,16.6,5.2,10.3,90,41,67,2.94,9.8,0.0,899.7,2.04,0.161
1998-11-17,17.7,10.2,12.7,80,36,63,2.94,8.99,0.1,898.3,2.08,0.156
1998-11-18,15.4,6.3,11.3,78,44,63,2.99,7.82,0.0,897.0,1.87,0.155
1998-11-19,10.5,5.1,7.0,78,56,69,1.99,7.57,0.0,902.1,1.28,0.156
1998-11-20,17.9,2.6,9.1,85,28,60,1.69,11.73,0.0,903.2,2.09,0.154
1998-11-21,22.2,2.8,11.0,88,27,60,1.61,11.94,0.0,903.4,2.16,0.147
1998-11-22,19.0,5.4,11.4,87,37,64,1.78,11.47,0.0,906.0,2.11,0.142
1998-11-23,17.2,5.9,10.6,84,48,66,1.31,10.65,0.0,903.5,1.69,0.14
1998-11-24,20.0,5.7,11.9,85,35,65,3.09,9.37,0.0,900.7,2.22,0.139
1998-11-25,14.6,6.2,9.1,96,51,77,1.25,8.12,0.0,903.0,1.29,0.142
1998-11-26,14.6,3.7,8.6,93,43,72,1.32,9.67,0.5,900.9,1.54,0.144
1998-11-27,16.3,7.2,11.5,88,42,66,3.18,8.88,0.0,897.2,1.93,0.147
1998-11-28,16.2,5.0,9.9,94,35,69,2.3,9.98,0.0,899.8,1.81,0.147
1998-11-29,14.1,6.2,9.8,90,41,69,1.87,7.3,0.0,895.4,1.39,0.151
1998-11-30,13.4,5.3,8.6,88,42,67,1.71,8.85,0.0,897.5,1.5,0.154
1998-12-01,11.5,4.9,7.9,87,51,70,1.48,5.5,0.0,905.9,0.99,0.153
1998-12-02,11.3,3.6,6.8,85,50,68,1.39,7.74,0.0,906.4,1.2,0.153
1998-12-03,10.5,2.0,5.5,82,50,67,1.18,10.57,0.0,904.6,1.39,0.155
1998-12-04,13.5,-1.2,5.5,90,40,66,1.51,10.72,0.0,905.7,1.58,0.155
1998-12-05,13.6,2.3,7.3,92,44,71,2.42,5.42,0.0,904.7,1.25,0.152
1998-12-06,13.3,6.0,10.2,81,49,66,4.29,5.88,0.1,900.5,1.81,0.15
1998-12-07,15.3,6.8,11.3,85,47,71,3.13,7.78,2.4,898.8,1.68,0.173
1998-12-08,14.9,4.6,8.7,94,34,69,2.74,8.15,0.0,901.2,1.65,0.178
1998-12-09,9.9,7.2,8.7,87,68,81,3.45,3.98,16.9,898.8,0.83,0.244
1998-12-10,7.7,-1.9,3.8,98,65,77,2.43,5.92,11.5,899.1,0.8,0.35
1998-12-11,6.7,-6.4,-1.1,82,38,66,1.81,10.77,0.0,907.5,1.24,0.312
1998-12-12,9.2,-3.4,1.7,87,45,70,1.41,10.47,0.0,907.3,1.23,0.291
1998-12-13,10.1,-1.6,3.8,84,49,69,1.09,10.25,0.0,907.3,1.28,0.28
1998-12-14,9.0,-2.0,3.3,88,61,76,1.04,10.0,0.0,901.5,1.18,0.274
1998-12-15,8.8,-2.0,3.4,92,53,73,1.24,7.73,0.0,896.9,1.02,0.273
1998-12-16,6.8,3.3,5.0,93,68,86,1.33,3.9,5.2,898.3,0.54,0.304
1998-12-17,6.6,3.9,5.4,95,76,86,1.5,3.07,0.0,898.6,0.49,0.31
1998-12-18,9.5,5.2,6.8,91,63,82,1.33,5.36,0.4,900.6,0.78,0.3
1998-12-19,9.9,4.7,7.0,95,71,83,2.8,4.59,4.3,899.3,0.83,0.311
1998-12-20,9.7,2.3,6.3,85,52,74,2.58,7.23,1.7,895.7,1.18,0.341
1998-12-21,11.2,-1.4,3.7,95,49,76,1.76,9.46,0.0,900.1,1.24,0.313
1998-12-22,13.0,-0.0,5.6,91,46,74,2.1,9.3,0.0,899.9,1.41,0.297
1998-12-23,5.5,2.8,4.2,91,79,86,1.46,2.4,4.8,893.8,0.41,0.31
1998-12-24,9.3,1.1,4.7,96,65,85,2.12,5.26,3.6,895.5,0.79,0.322
1998-12-25,5.5,3.1,3.9,96,73,85,2.18,4.06,8.0,897.6,0.6,0.373
1998-12-26,4.6,2.5,3.5,88,70,78,1.84,4.22,0.0,905.4,0.66,0.339
1998-12-27,5.7,1.3,3.6,95,62,78,1.4,7.35,0.0,906.2,0.92,0.326
1998-12-28,5.7,-0.4,2.9,88,62,77,1.61,9.12,0.0,907.2,1.04,0.316
1998-12-29,6.8,1.7,3.7,96,72,85,0.96,6.81,1.2,903.7,0.8,0.321
1998-12-30,8.5,1.0,4.2,95,70,86,1.38,8.26,0.0,902.9,0.98,0.315
1998-12-31,3.9,0.1,2.7,96,66,81,1.9,5.6,0.0,905.2,0.7,0.309
1999-01-01,5.1,0.3,3.1,85,60,73,1.22,7.42,0.0,910.7,0.88,0.303
1999-01-02,10.6,-2.3,3.2,95,46,74,0.8,10.66,0.0,907.7,1.25,0.297
1999-01-03,10.7,-3.2,2.9,93,53,77,1.14,9.27,0.0,902.6,1.15,0.294
1999-01-04,12.7,-0.2,4.6,96,36,71,2.18,9.7,0.0,897.5,1.53,0.291
1999-01-05,10.4,1.2,5.3,79,46,65,1.43,8.92,0.0,897.2,1.3,0.285
1999-01-06,9.7,0.5,4.3,87,55,74,1.98,9.97,0.0,899.7,1.3,0.281
1999-01-07,5.1,-1.0,2.0,88,63,76,1.81,8.5,0.0,900.4,0.97,0.278
1999-01-08,8.5,-0.7,2.9,88,48,74,0.95,10.72,0.0,895.4,1.2,0.276
1999-01-09,11.1,-3.9,3.1,93,53,76,1.83,10.4,0.0,892.7,1.33,0.272
1999-01-10,13.6,2.7,7.3,88,49,75,2.02,7.71,0.0,899.7,1.27,0.268
1999-01-11,15.4,4.8,8.8,97,49,76,1.37,8.88,0.0,908.3,1.36,0.263
1999-01-12,13.8,2.2,7.6,97,59,78,1.0,8.69,0.0,907.4,1.22,0.26
1999-01-13,15.1,0.5,6.7,95,37,72,1.56,11.43,0.0,901.1,1.65,0.257
1999-01-14,13.6,2.9,6.6,92,41,71,2.14,8.95,0.0,898.8,1.48,0.255
1999-01-15,14.3,2.4,7.5,93,34,68,2.32,9.36,0.0,899.5,1.64,0.249
1999-01-16,7.9,4.4,6.1,93,76,85,2.23,3.78,10.0,899.4,0.65,0.279
1999-01-17,6.1,1.8,4.1,92,50,70,3.37,7.97,1.2,901.7,1.22,0.341
1999-01-18,1.9,-2.4,-0.2,79,50,67,2.97,9.07,2.2,898.7,1.05,0.312
1999-01-19,2.8,-2.2,0.1,87,80,83,4.5,4.41,11.3,895.0,0.61,0.3
1999-01-20,2.6,-0.3,1.5,88,78,84,2.71,6.09,1.3,903.5,0.69,0.299
1999-01-21,1.9,-1.5,0.2,94,70,86,1.22,10.47,0.0,906.4,1.02,0.309
1999-01-22,2.0,-4.8,-0.9,93,68,81,0.84,8.46,0.3,903.7,0.84,0.313
1999-01-23,3.6,-7.8,-1.8,96,70,85,1.08,12.02,0.0,899.9,1.14,0.313
1999-01-24,4.5,-1.5,1.1,88,56,74,1.18,9.25,0.0,902.8,1.05,0.314
1999-01-25,4.2,-4.0,-0.3,89,51,73,1.23,11.63,0.0,906.6,1.23,0.313
1999-01-26,5.9,-7.0,-0.5,91,48,72,1.25,12.88,0.0,902.8,1.4,0.306
1999-01-27,5.2,-0.8,1.5,92,75,84,0.75,5.01,2.2,895.1,0.63,0.307
1999-01-28,9.7,-2.7,3.9,97,53,78,2.62,11.25,0.0,896.3,1.51,0.31
1999-01-29,9.6,4.2,6.6,85,56,72,4.87,7.52,2.3,894.4,1.52,0.313
1999-01-30,11.4,5.0,7.6,84,60,72,5.46,7.19,4.0,894.4,1.62,0.335
1999-01-31,13.1,6.0,9.4,78,40,61,4.89,10.12,1.3,899.4,2.32,0.337
1999-02-01,14.6,0.8,6.7,88,35,67,1.75,13.18,0.0,902.2,1.94,0.315
1999-02-02,13.8,-1.2,5.4,88,33,64,2.23,13.77,0.0,899.6,2.17,0.301
1999-02-03,6.6,0.0,3.1,90,50,75,2.09,11.74,3.3,901.1,1.41,0.309
1999-02-04,6.8,-2.3,2.1,81,44,60,1.14,13.71,0.0,898.1,1.56,0.306
1999-02-05,4.0,-3.0,0.2,86,54,70,2.23,7.83,3.4,891.9,0.95,0.299
1999-02-06,7.8,-5.1,1.6,87,55,73,3.15,9.93,0.0,892.9,1.43,0.298
1999-02-07,7.4,2.9,5.3,87,72,81,3.76,6.6,12.4,887.0,0.96,0.354
1999-02-08,7.1,0.9,3.3,89,64,81,1.9,9.33,1.2,894.3,1.14,0.36
1999-02-09,9.5,-0.8,4.1,89,37,71,3.57,9.82,2.6,896.8,1.53,0.346
1999-02-10,10.7,-3.3,2.9,89,40,71,2.02,13.18,0.0,901.2,1.79,0.337
1999-02-11,11.8,-1.7,4.3,100,46,77,2.36,14.61,0.0,900.0,1.97,0.325
1999-02-12,13.5,-0.7,6.4,86,45,67,3.85,14.4,0.0,897.0,2.4,0.314
1999-02-13,13.6,5.2,8.4,83,38,67,3.4,13.19,0.0,901.4,2.22,0.304
1999-02-14,12.8,3.4,7.4,91,39,69,2.31,11.97,0.0,903.9,1.96,0.295
1999-02-15,11.8,1.0,5.3,95,44,72,2.47,11.66,0.1,903.0,1.78,0.289
1999-02-16,10.6,1.5,5.4,93,45,73,1.72,12.46,0.1,900.3,1.77,0.282
1999-02-17,10.9,0.8,4.9,87,56,76,2.47,5.77,2.4,890.4,1.05,0.29
1999-02-18,11.0,1.3,6.2,88,38,67,2.09,15.49,2.3,889.3,2.21,0.32
1999-02-19,7.7,-1.8,4.0,69,37,55,5.36,13.01,1.1,889.0,2.07,0.311
1999-02-20,1.9,-4.2,-1.5,62,31,49,3.63,14.91,0.0,900.0,1.8,0.302
1999-02-21,9.5,-2.7,2.6,75,38,52,2.04,16.82,0.0,901.0,2.27,0.292
1999-02-22,11.0,0.3,6.0,83,58,70,3.35,8.5,0.0,900.8,1.61,0.283
1999-02-23,13.8,7.4,9.6,74,42,61,5.91,9.63,0.0,898.5,2.54,0.277
1999-02-24,11.9,5.6,8.7,73,49,63,6.93,10.8,3.2,894.3,2.41,0.281
1999-02-25,7.0,-1.0,3.1,88,33,61,1.71,17.68,1.9,902.3,2.15,0.298
1999-02-26,11.2,-1.8,4.2,82,33,54,1.06,17.31,0.0,900.0,2.38,0.287
1999-02-27,10.7,-0.3,4.9,77,37,56,2.16,17.88,0.0,900.8,2.55,0.276
1999-02-28,12.3,-0.5,5.4,82,31,61,2.3,18.46,0.0,905.2,2.62,0.267
1999-03-01,15.9,0.7,7.9,82,32,57,1.44,18.68,0.0,905.9,2.84,0.257
1999-03-02,19.1,-1.5,7.9,89,16,56,2.04,19.08,0.0,897.5,3.33,0.246
1999-03-03,14.3,3.0,7.8,86,24,58,2.86,15.59,0.0,896.7,2.77,0.237
1999-03-04,15.8,1.8,8.5,79,33,55,1.79,19.41,0.0,902.9,3.09,0.227
1999-03-05,18.4,4.2,9.3,81,22,53,2.12,13.75,0.0,901.3,2.77,0.219
1999-03-06,19.5,-0.2,9.6,86,17,52,1.2,19.77,0.0,900.1,3.18,0.214
1999-03-07,20.0,1.2,10.7,88,22,54,1.42,19.89,0.0,898.8,3.39,0.209
1999-03-08,19.2,1.3,9.8,89,20,54,2.17,17.88,0.0,896.9,3.37,0.201
1999-03-09,9.5,1.5,5.1,87,44,69,2.54,14.07,5.0,894.0,1.86,0.218
1999-03-10,9.8,-0.4,4.8,76,36,57,3.04,14.76,0.2,899.6,2.25,0.247
1999-03-11,12.0,0.1,5.9,78,38,59,1.48,19.24,0.0,900.6,2.64,0.241
1999-03-12,16.0,-0.6,7.7,83,29,54,1.16,20.75,0.0,898.9,3.18,0.233
1999-03-13,17.0,1.7,9.3,77,31,54,1.26,20.04,0.0,898.4,3.16,0.225
1999-03-14,15.4,4.2,8.7,88,47,72,1.34,16.93,4.2,898.0,2.62,0.225
1999-03-15,7.0,1.0,3.9,77,33,52,3.18,20.02,0.0,901.2,2.61,0.242
1999-03-16,10.3,-1.4,3.4,60,33,48,1.36,20.33,0.0,901.7,2.64,0.237
1999-03-17,13.3,2.1,6.9,72,39,55,2.23,16.39,0.0,901.8,2.56,0.231
1999-03-18,15.8,4.7,9.8,87,40,61,3.25,14.15,0.0,899.6,2.87,0.225
1999-03-19,17.2,9.2,12.9,60,34,48,4.12,18.98,1.5,890.8,3.93,0.22
1999-03-20,13.5,4.3,8.2,83,35,64,2.4,16.38,1.5,886.4,2.58,0.218
1999-03-21,9.0,1.6,4.6,87,55,77,1.61,14.59,6.1,888.6,1.87,0.236
1999-03-22,9.7,2.8,5.9,89,56,71,1.18,17.22,0.3,894.6,2.24,0.275
1999-03-23,11.6,1.4,6.1,94,44,72,1.16,12.35,0.8,899.7,1.85,0.273
1999-03-24,14.9,3.1,8.3,89,34,63,2.41,18.38,0.1,899.0,2.97,0.266
1999-03-25,10.5,3.5,6.9,96,60,80,2.25,9.62,9.0,898.6,1.52,0.322
1999-03-26,10.7,0.5,5.3,73,30,53,2.1,23.28,0.0,900.7,3.23,0.311
1999-03-27,14.7,-1.3,6.6,75,27,46,1.43,23.72,0.0,901.0,3.6,0.284
1999-03-28,11.5,5.6,8.5,91,52,75,2.91,8.28,3.9,896.6,1.49,0.29
1999-03-29,17.1,4.7,10.6,90,35,64,3.11,20.27,0.0,893.7,3.56,0.288
1999-03-30,14.1,6.7,10.0,84,44,67,2.89,13.52,1.2,894.1,2.45,0.275
1999-03-31,15.6,4.7,9.3,89,29,63,3.03,21.7,2.2,892.2,3.4,0.291
1999-04-01,13.4,4.2,8.0,87,50,73,1.84,18.41,3.4,892.0,2.7,0.286
1999-04-02,13.7,4.3,8.5,93,47,71,1.58,19.34,1.6,895.2,2.83,0.311
1999-04-03,14.0,3.5,8.4,91,37,65,2.26,21.79,0.0,896.5,3.28,0.289
1999-04-04,14.4,3.6,8.6,92,34,66,2.14,22.22,0.0,900.7,3.34,0.271
1999-04-05,13.5,4.8,8.0,88,56,77,1.32,15.78,5.4,901.4,2.28,0.274
1999-04-06,14.2,5.8,9.4,89,54,78,1.93,18.55,9.0,901.5,2.62,0.316
1999-04-07,16.1,7.5,11.1,90,34,61,2.58,18.85,0.8,897.8,3.14,0.342
1999-04-08,17.1,3.0,10.9,79,30,50,2.13,25.27,0.0,898.7,4.11,0.303
1999-04-09,20.0,3.4,11.6,82,25,51,1.54,25.48,0.0,903.6,4.4,0.281
1999-04-10,22.2,5.9,13.1,93,26,60,1.95,24.71,0.0,906.0,4.47,0.259
1999-04-11,22.3,4.1,12.8,92,29,63,2.59,22.41,0.8,902.2,4.33,0.246
1999-04-12,15.0,7.3,10.7,88,42,66,2.37,20.4,3.0,895.5,3.24,0.26
1999-04-13,16.0,3.4,9.9,86,46,67,1.4,21.76,1.7,895.8,3.41,0.277
1999-04-14,18.1,3.0,10.3,92,33,64,3.63,23.26,0.1,896.0,3.95,0.281
1999-04-15,19.3,7.8,12.9,81,31,56,1.52,22.62,0.0,901.5,4.0,0.263
1999-04-16,20.7,5.6,13.4,77,30,52,1.1,24.49,0.0,904.6,4.2,0.247
1999-04-17,24.1,7.8,15.6,83,29,56,1.92,22.5,0.4,904.2,4.45,0.233
1999-04-18,26.9,8.2,17.5,90,20,50,3.35,24.34,0.0,902.4,5.76,0.218
1999-04-19,23.9,8.8,16.7,65,26,41,2.93,26.33,0.0,897.4,5.61,0.199
1999-04-20,21.0,8.6,14.7,61,32,43,2.03,23.71,0.0,898.7,4.61,0.184
1999-04-21,19.2,7.6,13.9,86,31,54,1.83,22.28,0.6,901.3,4.22,0.179
1999-04-22,17.4,7.0,11.9,70,22,44,2.58,26.92,0.0,905.4,4.62,0.18
1999-04-23,20.5,3.7,12.6,62,25,38,1.18,26.76,0.0,902.7,4.64,0.172
1999-04-24,22.7,7.5,15.3,76,25,47,1.42,23.67,0.0,899.3,4.47,0.165
1999-04-25,26.3,9.2,17.4,84,21,51,1.76,25.8,0.0,901.0,5.2,0.155
1999-04-26,26.6,10.1,17.9,78,15,45,2.15,23.14,0.0,900.6,5.18,0.143
1999-04-27,26.0,7.7,17.7,74,14,40,1.75,27.64,0.0,899.7,5.72,0.131
1999-04-28,24.7,10.7,17.9,62,28,42,2.21,25.46,0.2,900.1,5.38,0.122
1999-04-29,21.7,11.0,16.1,76,31,49,2.17,23.7,0.9,901.1,4.65,0.132
1999-04-30,23.6,10.0,16.9,64,27,45,1.5,27.51,0.0,904.5,5.2,0.133
1999-05-01,28.6,10.7,19.0,71,24,47,2.73,24.08,0.6,906.3,5.69,0.132
1999-05-02,28.3,11.6,20.0,80,23,49,2.51,25.46,0.0,906.4,5.85,0.131
1999-05-03,29.3,12.1,20.6,86,17,46,2.7,26.47,0.0,903.4,6.21,0.133
1999-05-04,26.5,13.3,19.9,68,22,43,2.27,27.82,0.0,904.3,5.83,0.126
1999-05-05,28.9,11.1,20.5,71,20,41,1.56,27.43,0.0,902.4,5.79,0.126
1999-05-06,30.5,11.9,21.5,82,20,44,4.19,27.65,0.0,896.6,7.23,0.124
1999-05-07,15.4,9.9,12.3,75,46,60,4.66,10.3,0.1,898.2,2.74,0.125
1999-05-08,17.2,6.4,11.8,67,28,46,2.63,26.58,0.0,900.4,4.57,0.129
1999-05-09,21.6,5.5,13.8,51,13,30,2.41,29.34,0.0,902.1,5.58,0.127
1999-05-10,25.0,6.6,16.6,54,17,30,1.13,29.49,0.0,902.7,5.45,0.124
1999-05-11,27.1,10.1,18.4,64,16,37,1.92,27.87,0.0,900.7,5.89,0.121
1999-05-12,27.4,9.1,19.2,72,16,38,1.68,28.67,0.0,898.9,5.8,0.113
1999-05-13,27.9,12.4,20.7,59,22,37,1.88,25.58,0.0,899.2,5.67,0.106
1999-05-14,28.7,14.6,21.5,71,30,48,1.48,25.45,0.4,900.4,5.42,0.102
1999-05-15,29.9,14.1,22.1,78,27,47,2.27,26.19,0.1,898.8,6.06,0.101
1999-05-16,32.1,13.0,22.8,80,15,45,2.95,27.33,0.0,897.4,6.9,0.097
1999-05-17,29.5,14.3,22.1,85,20,45,2.26,27.54,0.0,899.1,6.3,0.095
1999-05-18,25.0,13.7,19.1,72,22,45,2.74,26.99,0.0,903.1,5.65,0.095
1999-05-19,28.1,12.0,18.5,69,22,36,2.81,26.86,0.7,903.4,6.04,0.096
1999-05-20,21.6,8.3,14.8,68,14,39,2.5,30.05,0.0,905.5,5.63,0.102
1999-05-21,28.9,8.9,19.0,41,16,29,1.15,29.61,0.0,903.0,5.79,0.103
1999-05-22,32.0,13.3,22.6,72,22,40,2.25,24.2,0.8,902.2,5.9,0.109
1999-05-23,32.4,15.0,23.8,71,17,38,2.88,26.02,0.2,902.4,6.78,0.119
1999-05-24,29.7,13.9,22.0,68,21,39,3.83,24.47,0.2,900.9,6.52,0.119
1999-05-25,25.4,12.7,18.9,72,22,46,2.26,26.95,0.2,897.4,5.81,0.119
1999-05-26,19.6,12.5,15.9,81,36,58,2.2,19.3,0.9,898.7,3.77,0.131
1999-05-27,24.9,10.6,18.3,65,23,43,1.76,24.17,0.0,904.2,5.0,0.133
1999-05-28,27.1,12.4,20.1,61,21,38,2.3,29.6,0.0,906.4,6.37,0.129
1999-05-29,27.6,14.1,20.4,68,23,39,3.2,25.69,0.7,903.9,6.22,0.126
1999-05-30,25.4,13.7,18.6,77,32,55,2.12,24.73,1.6,901.8,5.02,0.138
1999-05-31,26.6,11.2,18.3,91,31,61,1.69,25.94,1.4,901.7,5.15,0.152
1999-06-01,26.2,11.8,19.4,80,22,48,2.27,28.05,0.0,902.9,5.88,0.153
1999-06-02,27.7,12.5,20.5,56,22,37,2.13,30.45,0.0,902.8,6.61,0.143
1999-06-03,22.8,14.4,18.5,82,43,62,2.27,20.38,2.4,901.4,4.19,0.153
1999-06-04,27.3,13.3,20.7,84,26,52,2.17,26.68,0.0,900.4,5.75,0.147
1999-06-05,28.6,14.5,22.0,74,31,50,2.09,24.76,0.4,900.0,5.63,0.135
1999-06-06,29.5,16.0,21.9,81,31,55,1.51,24.07,4.5,900.6,5.16,0.146
1999-06-07,25.7,15.2,20.8,86,33,55,2.12,18.31,0.0,901.3,4.37,0.175
1999-06-08,25.6,15.5,21.0,63,34,45,2.67,22.97,0.0,901.8,5.42,0.159
1999-06-09,24.6,14.3,19.9,70,36,50,2.18,23.85,0.0,899.8,5.17,0.147
1999-06-10,23.9,15.7,18.9,81,38,61,2.35,17.79,0.9,898.9,3.87,0.149
1999-06-11,22.2,14.6,17.8,86,51,71,2.12,16.53,8.4,898.5,3.33,0.192
1999-06-12,24.9,15.2,19.2,85,44,69,2.26,19.87,1.8,899.0,4.04,0.258
1999-06-13,25.2,14.8,19.3,88,40,68,1.45,21.58,1.6,897.3,4.34,0.246
1999-06-14,24.3,14.4,18.8,88,43,70,1.66,23.09,5.5,897.5,4.42,0.239
1999-06-15,25.3,15.5,19.6,87,46,71,1.84,18.13,4.4,901.8,3.79,0.273
1999-06-16,27.6,14.8,21.9,85,37,60,2.38,23.67,0.0,904.4,5.14,0.246
1999-06-17,30.1,16.6,23.9,73,30,49,1.56,25.92,0.0,902.6,5.66,0.21
1999-06-18,33.8,15.2,25.0,79,19,42,2.02,29.64,0.0,899.6,7.01,0.179
1999-06-19,34.3,13.4,24.5,71,14,38,2.02,31.28,0.0,898.5,7.3,0.153
1999-06-20,31.2,16.9,24.4,69,28,44,2.01,28.81,0.0,900.1,6.57,0.131
1999-06-21,31.7,19.0,25.1,53,25,39,1.59,30.32,0.0,899.6,6.64,0.121
1999-06-22,33.5,17.5,25.5,64,23,38,3.52,28.47,0.0,896.2,7.64,0.121
1999-06-23,33.2,15.6,24.6,64,23,43,3.05,30.22,0.0,893.6,7.45,0.114
1999-06-24,28.4,18.0,22.3,73,27,47,3.14,28.46,0.0,894.4,6.59,0.114
1999-06-25,25.6,17.4,21.3,62,32,47,2.15,18.33,0.1,894.0,4.52,0.112
1999-06-26,24.7,16.9,20.1,74,38,59,2.43,19.33,3.6,895.1,4.28,0.121
1999-06-27,25.2,16.6,20.8,78,36,57,2.99,23.67,0.6,898.1,5.28,0.16
1999-06-28,28.9,16.1,22.9,71,29,49,2.22,26.3,0.0,902.3,5.75,0.152
1999-06-29,31.0,17.0,24.2,65,25,43,1.73,26.73,0.0,902.7,6.12,0.141
1999-06-30,28.9,17.8,23.6,74,32,49,1.78,25.71,0.3,900.3,5.68,0.133
1999-07-01,30.6,17.8,24.0,64,27,44,1.78,25.38,0.0,898.4,5.84,0.13
1999-07-02,30.0,15.8,23.6,84,25,47,1.53,27.88,0.0,897.9,6.18,0.13
1999-07-03,29.9,17.9,24.6,65,28,43,2.05,23.75,0.0,898.9,5.77,0.121
1999-07-04,32.1,19.3,25.9,50,22,36,2.42,25.53,0.0,899.7,6.45,0.113
1999-07-05,32.7,19.2,26.1,51,22,35,2.35,28.43,0.0,900.7,7.04,0.11
1999-07-06,31.0,19.8,25.9,52,32,40,2.63,25.71,0.0,900.3,6.44,0.11
1999-07-07,31.0,20.3,25.6,59,25,42,2.8,26.1,0.0,899.4,6.45,0.108
1999-07-08,30.2,19.1,25.2,62,28,42,2.06,23.47,0.0,899.0,5.69,0.104
1999-07-09,33.6,19.4,27.3,59,26,39,1.83,23.15,0.0,899.8,5.88,0.099
1999-07-10,35.6,21.1,29.0,55,25,37,1.57,24.57,0.0,900.2,6.2,0.096
1999-07-11,37.0,23.2,30.1,50,21,32,2.34,29.29,0.0,900.1,7.69,0.097
1999-07-12,35.3,22.5,29.6,40,23,30,3.28,29.74,0.0,899.7,8.39,0.098
1999-07-13,34.7,21.8,28.1,39,21,29,2.54,29.57,0.0,896.2,7.72,0.098
1999-07-14,32.2,21.5,26.6,43,21,28,3.11,30.09,0.0,895.0,7.87,0.097
1999-07-15,33.7,18.7,26.5,39,18,28,1.77,28.25,0.0,893.3,6.93,0.096
1999-07-16,31.9,19.9,25.1,52,25,40,1.85,25.66,1.1,894.8,6.06,0.098
1999-07-17,31.2,17.7,25.1,74,27,44,1.69,24.43,0.0,898.2,5.75,0.102
1999-07-18,33.1,21.1,26.4,54,28,40,2.4,25.51,2.0,899.4,6.53,0.101
1999-07-19,30.1,18.3,23.9,79,30,55,2.5,20.19,0.5,901.5,5.17,0.127
1999-07-20,29.4,19.4,24.7,70,31,47,3.33,24.96,0.0,901.1,6.38,0.122
1999-07-21,29.6,19.4,24.4,51,25,37,3.59,29.79,0.0,899.5,7.43,0.121
1999-07-22,29.8,17.8,23.9,44,19,31,3.33,30.02,0.0,898.3,7.5,0.119
1999-07-23,30.6,17.8,24.3,48,16,31,2.65,30.03,0.0,897.2,7.25,0.118
1999-07-24,32.6,16.9,25.1,43,13,29,2.62,29.89,0.0,899.0,7.41,0.119
1999-07-25,33.7,18.4,26.3,51,15,30,2.24,29.5,0.0,899.9,7.21,0.114
1999-07-26,35.9,19.5,28.3,45,19,29,1.79,29.2,0.0,898.1,7.0,0.107
1999-07-27,38.0,21.9,30.4,45,17,29,1.7,27.66,0.0,896.3,6.98,0.105
1999-07-28,35.9,21.7,28.6,77,15,41,2.37,29.22,0.0,895.6,7.4,0.105
1999-07-29,32.9,20.1,26.8,53,27,40,2.16,22.14,0.0,896.5,5.75,0.103
1999-07-30,34.4,22.5,28.0,54,26,39,1.94,23.91,0.0,895.3,6.08,0.103
1999-07-31,33.4,19.1,26.3,80,25,50,2.52,26.62,0.0,895.9,6.7,0.104
1999-08-01,33.8,19.9,27.0,71,21,45,1.67,25.63,0.0,898.9,6.2,0.103
1999-08-02,33.5,21.9,27.9,62,27,43,2.2,24.19,0.0,899.1,6.28,0.1
1999-08-03,33.9,22.8,27.8,64,30,46,2.42,24.57,0.1,897.6,6.29,0.099
1999-08-04,32.2,21.4,26.9,75,36,52,2.72,23.0,0.0,898.5,5.95,0.101
1999-08-05,31.9,22.1,26.8,64,31,48,3.21,23.23,0.0,898.9,6.24,0.101
1999-08-06,31.0,21.2,26.1,66,34,49,3.19,23.2,0.0,900.2,6.11,0.102
1999-08-07,32.0,20.2,26.0,57,18,37,2.56,28.21,0.0,899.5,6.91,0.102
1999-08-08,33.2,17.7,26.1,41,20,29,2.09,27.89,0.0,898.2,6.81,0.1
1999-08-09,34.0,20.1,26.7,54,20,35,2.52,26.13,1.0,898.1,6.83,0.101
1999-08-10,33.4,20.1,26.6,60,19,35,2.85,27.32,0.0,899.1,7.15,0.105
1999-08-11,32.2,19.1,26.4,43,22,32,1.95,26.89,0.0,900.3,6.46,0.106
1999-08-12,35.2,19.2,27.4,48,16,32,1.89,27.1,0.0,900.1,6.65,0.11
1999-08-13,36.8,19.7,28.9,47,14,29,1.48,27.65,0.0,900.0,6.49,0.113
1999-08-14,38.1,19.7,29.4,52,16,30,1.69,27.14,0.0,897.9,6.83,0.11
1999-08-15,35.1,23.1,29.0,48,20,34,2.25,26.25,0.0,897.6,6.82,0.104
1999-08-16,34.0,23.0,28.1,58,23,41,3.38,24.87,0.0,898.7,6.97,0.101
1999-08-17,34.3,21.4,27.9,50,17,34,2.45,26.79,0.0,899.3,6.88,0.102
1999-08-18,35.9,20.0,28.1,44,18,28,1.91,27.25,0.0,901.0,6.78,0.101
1999-08-19,38.1,21.7,29.8,37,17,27,2.4,25.87,0.0,903.5,7.17,0.101
1999-08-20,37.6,24.6,30.4,39,18,25,2.39,23.76,0.4,903.2,6.9,0.101
1999-08-21,37.3,22.7,29.6,48,17,31,2.57,23.96,0.0,900.2,6.82,0.101
1999-08-22,36.3,21.2,28.2,46,18,29,2.17,24.75,0.1,898.0,6.67,0.101
1999-08-23,35.5,19.7,26.6,67,22,42,2.3,21.01,1.1,897.0,5.64,0.112
1999-08-24,29.1,18.0,21.9,83,36,63,2.07,20.09,6.7,899.3,4.38,0.137
1999-08-25,24.8,17.3,20.7,82,46,64,2.38,17.1,0.6,900.3,3.9,0.164
1999-08-26,25.2,15.2,19.9,65,31,51,2.46,21.39,0.0,902.6,4.72,0.158
1999-08-27,25.9,13.6,19.8,62,30,45,2.53,21.86,0.0,900.7,5.13,0.15
1999-08-28,23.6,13.1,18.4,64,33,48,2.91,24.17,0.0,901.8,5.11,0.141
1999-08-29,25.8,13.8,19.7,72,32,48,2.4,23.61,0.0,901.8,5.09,0.133
1999-08-30,28.9,14.7,21.3,55,26,41,1.83,25.08,0.0,900.6,5.45,0.13
1999-08-31,30.2,15.6,22.4,54,27,38,1.35,23.84,0.0,899.3,5.08,0.128
1999-09-01,32.6,15.8,24.4,69,21,42,1.92,23.11,0.0,897.9,5.61,0.121
1999-09-02,29.3,16.1,22.0,86,20,51,2.63,23.38,0.3,897.8,5.52,0.114
1999-09-03,29.8,15.0,22.6,79,27,50,1.24,23.11,0.0,901.3,4.89,0.114
1999-09-04,31.3,18.2,24.7,61,23,41,1.8,20.61,0.0,901.1,5.08,0.112
1999-09-05,30.9,18.4,24.6,67,30,46,2.01,20.7,0.0,900.6,5.18,0.106
1999-09-06,26.3,18.4,22.3,61,35,48,2.81,14.65,0.0,900.2,4.25,0.105
1999-09-07,25.7,16.0,20.8,55,31,41,2.8,20.73,0.0,899.6,5.1,0.105
1999-09-08,28.2,14.3,20.8,59,28,43,1.46,22.68,0.0,899.9,4.74,0.104
1999-09-09,30.4,15.3,22.8,53,21,37,1.68,21.54,0.0,900.7,4.98,0.104
1999-09-10,29.1,16.6,23.3,66,27,41,2.05,17.9,0.0,900.3,4.69,0.103
1999-09-11,28.3,18.3,23.4,57,29,40,2.61,19.32,0.0,900.9,5.13,0.103
1999-09-12,27.4,19.1,22.6,55,33,44,2.51,18.79,0.3,898.4,4.76,0.103
1999-09-13,27.7,15.9,21.4,74,33,53,1.7,19.89,0.0,898.9,4.43,0.104
1999-09-14,27.0,15.8,20.9,81,35,58,2.03,18.5,0.0,899.8,4.12,0.099
1999-09-15,23.6,14.7,19.1,85,36,60,2.18,17.2,0.0,900.2,3.67,0.102
1999-09-16,24.4,12.6,18.8,55,21,37,2.15,22.51,0.0,900.9,4.84,0.104
1999-09-17,26.5,11.3,18.6,52,21,36,1.48,22.52,0.0,901.7,4.58,0.107
1999-09-18,27.8,12.0,19.7,51,17,33,1.32,21.88,0.0,901.7,4.6,0.121
1999-09-19,30.0,12.8,21.5,61,21,36,1.26,20.28,0.0,900.6,4.41,0.127
1999-09-20,29.0,15.2,21.8,73,23,44,1.72,19.93,0.0,900.2,4.5,0.122
1999-09-21,26.1,14.4,20.6,73,37,51,2.27,17.42,0.0,901.7,4.12,0.115
1999-09-22,26.4,13.7,19.4,75,17,43,2.22,21.73,0.0,903.4,4.81,0.109
1999-09-23,28.1,10.4,18.8,47,8,27,1.45,21.9,0.0,903.2,4.6,0.112
1999-09-24,29.1,11.8,20.1,41,21,29,1.72,21.02,0.0,902.2,4.78,0.116
1999-09-25,26.7,12.9,19.9,54,30,41,2.57,20.66,0.0,902.8,4.85,0.11
1999-09-26,26.0,11.5,18.6,56,21,38,2.67,20.89,0.0,904.0,4.86,0.109
1999-09-27,28.5,11.8,19.7,49,18,33,2.01,20.74,0.0,904.2,4.74,0.11
1999-09-28,31.6,11.9,21.0,51,17,33,1.42,20.59,0.0,901.9,4.5,0.122
1999-09-29,33.5,11.3,21.9,73,13,36,2.23,20.31,0.0,898.9,5.25,0.127
1999-09-30,33.1,12.1,21.9,61,10,33,2.1,20.08,0.0,899.6,5.11,0.126
1999-10-01,33.1,15.0,23.3,47,17,29,2.32,19.19,0.0,901.1,5.25,0.125
1999-10-02,30.6,14.7,22.0,82,22,48,1.56,19.1,0.0,902.9,4.24,0.12
1999-10-03,30.4,13.9,21.9,65,22,39,1.69,19.03,0.0,901.8,4.41,0.123
1999-10-04,31.5,14.2,22.5,53,17,31,1.65,19.04,0.0,899.8,4.52,0.124
1999-10-05,31.1,11.5,21.2,75,22,43,1.99,17.64,0.0,900.0,4.38,0.118
1999-10-06,29.6,13.0,20.5,84,30,54,2.13,16.58,0.0,902.5,3.98,0.112
1999-10-07,29.4,12.6,20.4,88,18,53,1.65,18.57,0.0,903.0,3.96,0.121
1999-10-08,28.4,12.6,19.6,91,30,57,1.78,17.1,0.0,900.9,3.77,0.115
1999-10-09,19.5,13.5,15.9,90,65,76,1.98,6.62,12.9,899.5,1.49,0.166
1999-10-10,18.8,12.1,14.7,85,51,67,1.68,7.87,0.0,899.9,1.78,0.237
1999-10-11,19.4,10.1,14.1,74,38,58,2.72,14.96,0.0,903.5,3.13,0.22
1999-10-12,16.9,6.0,11.4,81,29,55,2.29,17.75,0.0,909.0,3.08,0.204
1999-10-13,20.6,4.5,11.8,68,26,47,1.39,18.17,0.0,908.1,3.21,0.196
1999-10-14,21.6,4.8,12.9,72,25,48,1.36,17.83,0.0,902.8,3.25,0.19
1999-10-15,25.4,5.7,14.7,80,20,49,2.11,17.35,0.0,898.2,3.75,0.182
1999-10-16,22.2,8.1,14.4,82,36,59,1.55,14.04,0.0,900.0,2.79,0.168
1999-10-17,21.9,9.8,14.7,80,35,62,2.29,11.33,0.0,900.1,2.54,0.16
1999-10-18,17.9,10.7,14.1,90,56,70,1.94,8.98,0.0,902.3,1.85,0.155
1999-10-19,20.8,10.0,14.4,68,40,57,1.64,13.89,0.0,904.0,2.71,0.15
1999-10-20,26.3,7.9,16.3,89,24,55,2.02,16.08,0.0,903.5,3.54,0.147
1999-10-21,26.2,9.0,16.3,90,25,56,2.02,15.11,0.0,904.4,3.38,0.144
1999-10-22,25.2,8.8,16.1,81,27,57,1.78,15.08,0.3,905.3,3.17,0.14
1999-10-23,20.8,11.0,16.0,83,46,62,1.1,6.94,0.2,903.0,1.5,0.146
1999-10-24,18.3,10.4,14.2,90,54,73,1.98,8.44,0.1,901.6,1.71,0.152
1999-10-25,17.8,9.9,13.2,90,46,69,2.22,7.39,0.0,903.4,1.77,0.152
1999-10-26,18.5,5.7,11.6,84,26,51,2.19,15.73,0.0,906.2,2.92,0.15
1999-10-27,20.0,4.1,11.5,57,26,44,1.52,15.4,0.0,905.1,2.82,0.151
1999-10-28,17.6,6.5,12.5,83,52,62,2.51,9.9,0.0,901.5,2.16,0.149
1999-10-29,16.2,8.4,11.4,64,37,52,2.62,14.29,0.0,906.1,2.74,0.146
1999-10-30,15.5,4.2,9.8,80,45,63,3.12,10.42,0.0,904.8,2.22,0.142
1999-10-31,14.0,4.7,9.2,76,33,56,3.21,13.54,0.0,905.7,2.44,0.139
1999-11-01,16.0,0.7,7.4,70,16,47,1.68,15.0,0.0,906.6,2.47,0.139
1999-11-02,16.3,0.1,8.2,60,24,42,1.63,14.94,0.0,906.5,2.59,0.142
1999-11-03,19.0,1.8,9.8,64,22,41,1.36,14.84,0.0,906.3,2.6,0.14
1999-11-04,19.3,2.3,9.9,56,24,40,1.69,14.38,0.0,903.1,2.68,0.137
1999-11-05,17.1,3.7,9.7,73,34,54,2.09,13.79,0.0,901.4,2.49,0.13
1999-11-06,13.8,5.4,9.2,79,44,64,1.67,11.96,0.1,901.3,1.84,0.131
1999-11-07,17.4,2.5,9.3,84,30,59,1.28,13.68,0.0,900.7,2.21,0.13
1999-11-08,17.9,1.6,9.3,83,28,55,1.3,13.72,0.0,902.6,2.27,0.129
1999-11-09,18.5,3.8,10.1,70,23,48,1.56,13.12,0.0,901.9,2.42,0.124
1999-11-10,13.9,3.8,8.3,85,48,63,2.26,10.78,0.0,901.7,1.89,0.119
1999-11-11,10.6,1.3,5.1,79,22,52,1.73,13.17,0.0,905.3,1.92,0.117
1999-11-12,10.6,-3.7,2.8,62,28,45,1.05,13.7,0.0,905.5,1.79,0.119
1999-11-13,10.9,-4.1,2.7,64,30,49,0.87,13.11,0.0,903.5,1.69,0.124
1999-11-14,16.7,-2.2,6.3,89,39,63,1.86,10.13,0.0,900.8,1.76,0.125
1999-11-15,18.7,6.5,11.8,87,41,70,3.56,8.52,0.0,902.8,2.02,0.122
1999-11-16,21.6,5.4,12.1,95,27,64,2.5,10.81,0.0,907.2,2.39,0.111
1999-11-17,22.6,5.6,13.2,94,21,56,2.28,7.79,0.0,906.8,2.19,0.104
1999-11-18,23.6,7.4,14.9,80,13,40,3.66,10.37,0.0,903.3,3.79,0.099
1999-11-19,18.8,11.2,15.4,67,19,45,3.35,7.23,0.0,898.9,2.76,0.099
1999-11-20,20.8,8.3,13.4,88,29,59,2.14,9.2,0.0,901.6,2.19,0.098
1999-11-21,21.4,7.9,14.0,91,30,59,1.48,10.69,0.0,903.7,1.97,0.095
1999-11-22,17.5,7.0,11.9,84,44,64,1.04,6.75,0.0,903.0,1.25,0.093
1999-11-23,19.7,8.9,14.1,84,35,57,2.64,4.81,0.0,898.8,1.98,0.093
1999-11-24,17.1,4.5,12.9,69,36,53,4.44,10.25,0.0,894.9,2.79,0.09
1999-11-25,9.4,1.1,4.5,81,36,67,2.6,8.63,0.3,900.9,1.35,0.094
1999-11-26,1.8,-2.5,-0.3,79,49,61,2.88,7.18,0.0,907.9,1.06,0.098
1999-11-27,3.4,-6.2,-1.7,69,33,51,1.43,11.77,0.0,910.2,1.25,0.1
1999-11-28,7.1,-4.7,0.3,59,28,45,1.18,11.55,0.0,911.9,1.4,0.102
1999-11-29,8.0,-4.7,1.2,65,36,51,1.26,11.06,0.0,911.9,1.43,0.102
1999-11-30,6.3,-0.4,2.3,80,44,64,3.3,8.2,0.0,910.9,1.31,0.102
1999-12-01,7.2,-3.7,0.4,73,34,59,1.34,11.33,0.0,909.8,1.35,0.102
1999-12-02,10.6,-6.1,1.0,73,25,49,1.04,11.36,0.0,906.9,1.44,0.102
1999-12-03,13.1,-6.7,2.3,74,17,45,1.11,9.92,0.0,904.5,1.43,0.101
1999-12-04,10.0,-1.1,3.1,81,46,60,1.05,9.68,0.0,908.7,1.28,0.101
1999-12-05,13.7,-4.6,3.5,90,26,60,1.16,11.03,0.0,904.6,1.54,0.1
1999-12-06,13.3,-4.6,3.3,88,23,56,1.25,10.8,0.0,900.0,1.53,0.099
1999-12-07,11.9,-4.1,3.1,82,37,60,1.22,9.9,0.0,903.9,1.39,0.098
1999-12-08,12.0,-2.6,3.4,77,35,60,0.95,10.63,0.0,905.3,1.38,0.097
1999-12-09,13.3,-1.9,4.4,78,35,59,1.09,10.55,0.0,905.7,1.46,0.097
1999-12-10,11.4,-4.2,3.0,89,36,63,1.0,10.39,0.0,904.7,1.37,0.091
1999-12-11,14.4,-1.8,5.0,90,27,62,1.19,8.97,0.0,903.3,1.3,0.09
1999-12-12,14.5,-1.5,4.9,87,25,63,1.96,9.37,0.0,901.2,1.63,0.089
1999-12-13,12.4,2.8,6.8,87,52,74,2.47,5.93,0.0,896.9,1.16,0.088
1999-12-14,11.6,2.6,6.8,92,52,74,2.99,6.44,0.8,893.6,1.24,0.087
1999-12-15,9.1,-1.1,3.9,86,36,63,1.65,10.38,0.0,899.2,1.4,0.097
1999-12-16,13.7,-2.1,5.0,77,28,53,1.4,10.05,0.0,903.2,1.51,0.101
1999-12-17,13.3,0.5,5.6,100,46,79,1.31,8.94,0.0,908.6,1.22,0.102
1999-12-18,13.4,-1.1,5.3,91,40,71,1.01,9.72,0.0,906.2,1.31,0.104
1999-12-19,13.5,-2.2,5.0,90,36,65,0.99,9.36,0.0,903.1,1.32,0.108
1999-12-20,17.9,-0.7,7.0,90,23,59,2.12,8.23,0.0,901.1,1.73,0.107
1999-12-21,19.1,4.2,9.7,63,12,38,2.88,10.1,0.0,900.2,2.64,0.102
1999-12-22,16.0,-0.4,5.9,84,27,57,2.38,9.42,0.0,899.7,1.84,0.098
1999-12-23,15.9,1.2,7.7,81,32,56,2.71,8.21,0.0,900.3,1.87,0.094
1999-12-24,10.2,4.1,6.9,93,71,81,1.0,5.37,3.8,901.7,0.77,0.11
1999-12-25,7.5,3.6,5.2,96,64,85,1.4,4.64,2.4,902.1,0.65,0.147
1999-12-26,10.4,0.2,4.9,93,46,72,1.88,8.99,0.0,900.0,1.26,0.154
1999-12-27,12.3,2.3,7.7,91,61,73,3.39,5.04,0.0,895.5,1.29,0.153
1999-12-28,16.5,10.3,12.9,81,48,65,4.66,7.32,0.9,896.0,2.16,0.157
1999-12-29,17.0,9.5,12.7,71,31,53,5.79,8.71,0.0,899.2,2.94,0.151
1999-12-30,15.5,4.3,9.4,87,36,63,1.57,9.17,0.0,903.9,1.46,0.143
1999-12-31,17.3,-0.2,6.9,85,19,54,1.73,9.76,0.0,900.9,1.8,0.138
2000-01-01,16.8,-0.1,6.7,72,18,46,2.22,8.58,0.0,897.9,1.93,0.133
2000-01-02,12.5,0.3,5.5,90,38,65,1.94,7.82,0.1,896.7,1.29,0.13
2000-01-03,5.1,-0.5,0.9,97,75,84,2.86,4.01,5.8,897.2,0.57,0.142
2000-01-04,0.1,-2.0,-1.2,93,85,89,3.79,5.53,6.3,891.6,0.49,0.144
2000-01-05,-1.2,-2.9,-2.2,90,83,86,4.8,5.03,7.3,892.3,0.51,0.143
2000-01-06,-0.0,-9.0,-2.2,100,80,86,1.37,9.87,0.0,898.2,0.9,0.143
2000-01-07,-1.9,-12.7,-6.3,92,84,87,1.67,7.6,6.4,896.3,0.56,0.143
2000-01-08,-2.7,-12.6,-8.0,92,73,84,1.56,11.12,0.6,896.9,0.76,0.146
2000-01-09,-6.7,-16.4,-11.2,89,76,82,1.22,10.67,0.0,900.4,0.64,0.153
2000-01-10,-4.1,-13.9,-8.8,91,73,82,1.14,10.68,0.0,904.4,0.71,0.153
2000-01-11,-0.6,-6.3,-3.8,90,74,84,1.32,10.15,0.0,907.6,0.82,0.152
2000-01-12,-1.1,-10.8,-4.8,91,75,83,1.82,9.87,0.0,908.2,0.77,0.155
2000-01-13,-4.0,-18.0,-10.6,91,72,85,1.46,11.9,0.0,906.9,0.76,0.157
2000-01-14,-2.8,-14.4,-9.1,95,74,84,1.24,8.63,0.0,907.8,0.65,0.157
2000-01-15,-2.4,-17.2,-9.2,93,67,83,1.59,8.49,0.0,905.3,0.64,0.16
2000-01-16,-5.1,-12.9,-8.9,89,70,82,0.94,11.38,0.0,903.1,0.79,0.157
2000-01-17,-1.8,-15.9,-9.2,86,59,75,1.6,10.89,0.0,895.2,0.79,0.157
2000-01-18,2.8,-3.6,0.5,89,80,85,1.97,8.66,3.6,880.2,0.87,0.165
2000-01-19,5.4,-11.0,-1.6,90,66,74,4.1,12.53,3.7,884.7,1.22,0.183
2000-01-20,1.2,-11.4,-4.0,93,77,83,2.66,9.79,8.5,891.1,0.74,0.256
2000-01-21,-7.2,-19.0,-12.6,85,68,77,2.02,13.42,0.0,895.5,0.81,0.248
2000-01-22,0.3,-20.3,-9.7,87,72,80,2.42,12.91,0.3,892.0,0.9,0.238
2000-01-23,-1.5,-11.2,-6.1,95,71,84,1.31,11.9,0.0,898.7,0.92,0.235
2000-01-24,4.5,-12.8,-3.0,93,70,80,3.11,8.17,1.1,895.8,0.92,0.24
2000-01-25,8.5,0.7,4.7,83,49,73,3.16,10.05,1.4,893.9,1.38,0.277
2000-01-26,0.2,-4.7,-2.5,81,52,66,2.24,7.05,0.1,898.6,0.84,0.267
2000-01-27,-3.7,-7.4,-5.5,73,48,61,4.61,8.66,0.0,899.2,0.94,0.252
2000-01-28,-1.7,-8.0,-5.2,65,33,50,2.32,13.63,0.0,904.3,1.29,0.242
2000-01-29,2.1,-10.3,-5.7,78,28,54,1.39,13.71,0.0,903.4,1.33,0.237
2000-01-30,6.9,-8.0,-0.8,82,46,67,2.4,10.59,0.0,904.7,1.34,0.234
2000-01-31,8.4,0.8,4.4,90,56,80,2.04,11.43,1.4,904.7,1.39,0.24
2000-02-01,7.5,-1.1,2.3,98,56,80,2.05,10.83,0.1,906.4,1.31,0.25
2000-02-02,6.4,-2.5,1.1,88,56,77,1.55,12.57,0.0,907.0,1.48,0.245
2000-02-03,10.8,-4.4,1.6,93,44,73,1.98,14.16,0.0,902.6,1.8,0.241
2000-02-04,8.9,-0.8,3.4,96,49,78,2.14,10.28,0.3,902.3,1.39,0.238
2000-02-05,2.7,-3.4,-0.7,91,73,81,4.19,6.48,8.5,903.4,0.74,0.24
2000-02-06,3.1,-6.8,-2.1,88,51,72,2.71,13.67,0.0,902.8,1.34,0.234
2000-02-07,1.4,-6.4,-2.7,87,56,73,1.28,12.64,0.0,905.9,1.24,0.232
2000-02-08,1.3,-7.5,-4.1,90,48,74,0.99,14.88,0.0,904.4,1.37,0.242
2000-02-09,8.6,-9.2,-2.5,88,33,65,1.62,15.34,0.0,901.6,1.79,0.247
2000-02-10,7.6,-4.8,-0.0,94,44,74,1.31,14.12,0.0,904.3,1.61,0.249
2000-02-11,8.3,-5.7,1.0,91,44,67,1.41,15.41,0.0,904.7,1.89,0.247
2000-02-12,6.0,-3.8,-0.0,87,43,68,1.85,13.98,0.0,902.1,1.63,0.243
2000-02-13,4.6,-3.4,0.4,85,45,65,1.97,15.1,0.0,898.2,1.64,0.241
2000-02-14,6.7,-2.8,1.7,86,46,66,1.54,15.8,0.0,899.2,1.82,0.238
2000-02-15,7.9,-3.0,2.1,89,52,75,2.52,12.02,0.0,895.6,1.5,0.233
2000-02-16,2.5,-0.4,1.2,93,65,79,2.8,7.58,4.2,894.4,0.88,0.232
2000-02-17,6.9,-4.6,0.6,87,44,71,2.08,16.67,0.0,899.7,1.87,0.232
2000-02-18,10.0,-1.8,4.9,85,48,69,4.24,10.29,0.0,899.0,1.69,0.249
2000-02-19,8.0,-0.5,5.6,86,35,64,4.97,12.28,10.9,894.9,2.05,0.318
2000-02-20,11.0,-2.7,2.8,90,32,67,2.22,15.84,0.0,901.1,2.14,0.305
2000-02-21,11.1,1.1,6.4,84,50,70,4.4,9.15,0.8,896.8,1.73,0.285
2000-02-22,7.1,0.2,3.9,88,78,82,2.83,10.04,5.9,892.8,1.11,0.309
2000-02-23,2.6,-1.2,0.1,84,49,69,3.07,10.77,2.0,898.6,1.33,0.306
2000-02-24,3.6,-3.9,-0.1,82,51,65,1.61,14.26,0.0,901.3,1.62,0.29
2000-02-25,3.1,-2.4,0.4,81,48,64,1.82,11.15,0.1,904.0,1.34,0.279
2000-02-26,6.4,-4.1,1.1,79,45,60,1.0,18.26,0.1,903.4,2.1,0.271
2000-02-27,4.4,-2.2,0.8,80,33,58,3.02,14.84,0.5,906.2,1.74,0.265
2000-02-28,3.9,-5.1,-0.7,69,34,51,2.44,16.38,0.0,908.6,1.95,0.26
2000-02-29,1.6,-4.9,-1.2,78,48,61,1.53,11.81,1.1,908.2,1.32,0.255
2000-03-01,1.1,-6.6,-2.7,93,42,74,2.06,13.47,7.4,900.6,1.23,0.253
2000-03-02,4.5,-9.3,-3.2,80,37,61,2.12,19.93,0.0,901.6,2.07,0.253
2000-03-03,10.4,-5.9,1.8,84,45,63,3.0,17.48,0.0,900.7,2.3,0.26
2000-03-04,10.8,2.0,5.7,91,48,74,1.62,13.42,0.3,900.7,1.9,0.281
2000-03-05,13.4,-2.9,4.6,89,44,72,2.5,18.59,0.0,902.0,2.54,0.281
2000-03-06,10.0,0.0,4.0,85,46,71,3.69,13.86,4.0,898.1,1.89,0.28
2000-03-07,1.4,-5.2,-2.0,72,36,53,6.87,17.75,1.9,901.3,1.94,0.281
2000-03-08,5.1,-7.1,-1.6,64,29,49,2.22,20.61,0.0,905.1,2.35,0.275
2000-03-09,12.6,-5.2,3.1,81,35,60,2.09,20.53,0.0,904.0,2.83,0.269
2000-03-10,14.5,0.5,6.7,92,41,69,3.08,18.43,0.0,901.6,2.75,0.258
2000-03-11,8.7,2.3,5.7,90,61,74,2.31,11.96,3.0,900.0,1.61,0.266
2000-03-12,13.2,-3.3,4.6,95,29,67,1.68,20.87,0.0,900.8,2.88,0.274
2000-03-13,10.2,0.7,5.0,84,47,67,1.86,13.49,0.9,902.8,1.93,0.266
2000-03-14,9.6,-0.9,4.5,81,29,52,1.95,21.38,0.0,905.4,2.87,0.26
2000-03-15,15.2,-3.5,5.8,78,27,51,1.99,21.86,0.0,902.8,3.33,0.249
2000-03-16,16.1,0.7,7.6,89,28,62,2.52,19.9,0.0,900.4,3.21,0.237
2000-03-17,16.3,3.0,9.3,85,33,57,4.37,18.48,0.0,892.7,3.62,0.225
2000-03-18,8.6,1.3,5.1,78,33,54,4.23,18.47,1.7,888.4,2.67,0.229
2000-03-19,9.8,-1.9,4.0,84,42,59,4.02,19.08,0.9,893.7,2.58,0.232
2000-03-20,8.2,-2.5,2.0,84,37,61,1.82,21.17,0.2,899.2,2.56,0.239
2000-03-21,10.5,-2.2,3.5,76,33,55,1.59,22.74,0.0,898.8,3.05,0.234
2000-03-22,11.2,-1.4,4.8,82,37,58,1.7,19.44,0.6,893.7,2.79,0.228
2000-03-23,8.2,1.8,5.1,94,52,73,5.09,10.38,3.0,892.3,1.68,0.238
2000-03-24,9.4,-0.3,4.9,81,39,57,2.44,21.3,0.0,898.2,2.76,0.245
2000-03-25,13.8,-2.2,5.8,84,29,55,1.31,23.59,0.0,901.8,3.4,0.238
2000-03-26,17.6,-1.2,7.9,84,22,52,1.5,23.55,0.0,904.7,3.78,0.227
2000-03-27,20.1,0.1,9.3,91,20,59,2.09,22.66,0.0,904.1,3.98,0.214
2000-03-28,22.9,5.4,12.7,86,17,53,2.54,23.74,0.3,903.5,4.65,0.2
2000-03-29,21.4,2.0,11.7,90,19,53,1.98,21.4,0.0,903.3,4.11,0.187
2000-03-30,21.9,6.9,14.0,80,30,54,1.67,22.42,0.0,903.4,4.18,0.175
2000-03-31,24.4,5.9,14.8,91,18,55,2.13,23.03,0.0,899.9,4.61,0.161
2000-04-01,24.8,5.7,15.2,93,11,50,2.15,18.35,0.0,899.5,4.13,0.149
2000-04-02,25.2,9.3,17.1,79,20,44,2.84,18.83,1.0,899.1,4.65,0.14
2000-04-03,25.2,7.7,16.1,74,21,43,2.16,23.66,0.0,899.5,4.95,0.14
2000-04-04,23.7,9.1,16.0,88,26,57,2.39,21.64,0.1,902.1,4.38,0.132
2000-04-05,25.4,9.4,17.3,86,28,54,3.52,17.13,0.2,901.4,4.65,0.126
2000-04-06,27.0,11.9,18.9,48,11,26,3.92,25.26,0.0,896.7,6.6,0.117
2000-04-07,19.7,8.4,13.5,81,25,50,2.05,24.07,0.0,895.4,4.38,0.111
2000-04-08,12.5,6.6,9.4,78,45,62,3.13,18.19,4.6,893.3,2.89,0.134
2000-04-09,9.5,4.0,6.4,59,31,46,3.48,18.83,0.0,896.3,3.08,0.181
2000-04-10,12.4,-0.2,6.2,63,29,44,1.6,25.51,0.0,901.4,3.68,0.176
2000-04-11,21.6,3.9,12.3,81,27,46,3.82,24.96,0.1,897.9,5.0,0.169
2000-04-12,27.4,6.7,15.8,77,23,52,3.71,22.22,1.4,895.6,5.42,0.161
2000-04-13,22.9,12.0,16.8,63,32,48,3.99,18.58,2.2,892.2,4.5,0.166
2000-04-14,19.6,8.8,14.4,77,38,57,1.44,11.83,0.0,896.4,2.32,0.184
2000-04-15,23.8,9.6,16.2,81,29,53,1.45,24.13,0.1,898.7,4.6,0.175
2000-04-16,25.1,7.3,16.5,90,21,53,1.66,23.02,0.0,898.9,4.61,0.167
2000-04-17,26.3,9.2,17.1,89,17,51,1.86,22.55,0.4,896.2,4.73,0.161
2000-04-18,25.7,10.1,18.1,74,19,42,2.74,21.91,0.0,891.2,5.23,0.151
2000-04-19,15.6,10.6,13.2,81,49,68,2.63,12.71,7.6,886.2,2.34,0.189
2000-04-20,17.7,9.2,13.0,91,43,66,3.19,20.33,1.2,888.9,3.58,0.241
2000-04-21,18.4,8.7,12.9,88,45,65,2.86,19.49,1.8,893.6,3.54,0.223
2000-04-22,17.3,7.0,11.7,87,49,69,2.22,16.06,3.4,896.4,2.82,0.228
2000-04-23,18.4,7.2,12.2,91,47,75,1.88,20.03,3.1,898.1,3.27,0.239
2000-04-24,18.3,8.1,12.4,91,43,70,2.11,20.45,3.7,898.3,3.42,0.257
2000-04-25,21.9,7.7,14.2,94,35,65,2.13,24.35,0.0,900.4,4.43,0.255
2000-04-26,23.2,8.6,15.5,92,24,56,2.79,25.88,0.2,899.3,5.13,0.225
2000-04-27,22.1,6.4,14.6,92,30,56,2.72,24.26,0.0,898.1,4.72,0.206
2000-04-28,20.4,8.9,14.7,77,33,55,2.98,22.44,1.5,896.3,4.27,0.199
2000-04-29,18.3,9.0,13.1,82,41,66,1.64,20.37,2.5,896.8,3.55,0.223
2000-04-30,20.7,10.0,14.2,88,52,74,1.72,12.34,5.3,900.6,2.42,0.257
2000-05-01,23.6,8.4,16.4,90,27,57,1.63,27.89,0.0,901.9,5.04,0.255
2000-05-02,23.3,9.3,16.1,93,34,59,1.74,22.75,0.0,898.7,4.4,0.244
2000-05-03,22.1,9.4,14.8,90,38,69,1.45,22.25,1.7,898.2,4.02,0.226
2000-05-04,15.4,8.7,11.9,86,60,76,2.82,16.0,10.2,897.4,2.6,0.249
2000-05-05,16.3,8.9,11.5,87,56,76,1.21,17.26,5.0,895.3,2.8,0.311
2000-05-06,15.4,7.8,11.0,94,60,82,1.43,13.21,8.5,898.4,2.14,0.336
2000-05-07,15.0,8.7,11.5,93,58,76,2.03,17.24,4.7,901.3,2.7,0.333
2000-05-08,19.4,7.8,13.3,88,29,50,3.94,26.7,0.0,904.4,4.94,0.307
2000-05-09,19.8,7.0,13.4,73,22,45,2.34,29.04,0.0,906.3,5.19,0.268
2000-05-10,22.1,6.1,14.9,65,23,40,1.29,29.37,0.0,906.3,5.27,0.241
2000-05-11,24.2,7.4,16.6,71,20,41,1.15,29.38,0.0,904.0,5.34,0.222
2000-05-12,26.8,9.3,18.1,80,22,48,1.36,26.97,0.0,902.1,5.32,0.204
2000-05-13,25.0,12.8,18.9,74,37,54,1.61,24.53,0.0,901.9,4.96,0.189
2000-05-14,24.5,12.1,18.6,87,38,61,1.91,23.66,2.2,902.0,4.74,0.187
2000-05-15,23.9,12.2,18.2,87,40,62,1.75,20.62,0.1,901.8,4.16,0.196
2000-05-16,22.5,13.7,17.5,70,31,50,1.94,20.29,0.0,900.7,4.34,0.184
2000-05-17,19.1,10.9,14.9,85,40,58,1.38,19.01,3.0,898.0,3.46,0.184
2000-05-18,22.4,7.8,15.2,90,28,55,2.58,27.73,0.2,895.6,5.26,0.189
2000-05-19,25.0,8.2,17.0,87,25,53,1.72,27.52,0.0,896.5,5.47,0.177
2000-05-20,24.7,9.8,17.5,88,35,59,1.99,24.16,1.3,897.9,4.85,0.173
2000-05-21,26.8,10.2,18.4,84,31,57,2.15,26.58,0.3,900.5,5.46,0.172
2000-05-22,27.5,10.3,18.6,92,33,62,1.8,24.65,1.8,901.6,5.02,0.174
2000-05-23,27.4,11.4,19.2,88,32,60,1.36,25.5,1.9,900.5,5.04,0.181
2000-05-24,25.6,12.6,18.0,88,33,63,1.74,23.21,2.6,897.5,4.51,0.188
2000-05-25,16.6,10.8,13.4,89,52,70,2.24,13.79,7.5,896.9,2.51,0.226
2000-05-26,20.7,8.2,14.5,84,37,59,2.8,19.27,0.0,898.5,3.87,0.253
2000-05-27,22.4,11.0,16.9,84,41,60,2.66,18.08,0.0,901.7,3.88,0.23
2000-05-28,25.5,11.9,18.8,78,29,53,1.7,25.66,0.0,901.9,4.99,0.21
2000-05-29,26.8,12.1,19.5,77,34,54,1.78,25.36,1.3,900.2,5.18,0.204
2000-05-30,24.7,12.8,18.3,86,40,66,1.49,21.65,2.7,898.6,4.26,0.219
2000-05-31,25.0,12.5,18.9,89,35,61,1.7,21.8,0.0,900.1,4.37,0.217
2000-06-01,27.7,13.5,20.7,72,30,50,1.21,29.2,0.0,900.5,5.73,0.201
2000-06-02,24.1,14.0,18.2,92,45,70,2.79,23.09,9.0,896.7,4.44,0.209
2000-06-03,17.5,13.0,15.2,87,58,69,3.66,13.06,0.8,897.3,2.8,0.258
2000-06-04,20.8,13.2,17.2,77,51,63,2.18,14.62,0.0,901.2,3.22,0.241
2000-06-05,23.1,15.3,18.9,80,48,64,2.04,12.85,0.0,902.8,3.04,0.226
2000-06-06,25.4,14.5,19.8,84,45,65,1.94,21.19,0.6,898.8,4.37,0.213
2000-06-07,26.0,13.8,20.2,93,41,67,1.63,22.29,1.6,897.4,4.52,0.212
2000-06-08,27.3,14.8,21.5,83,36,57,2.72,25.5,0.0,901.3,5.67,0.197
2000-06-09,27.5,17.2,22.3,72,28,50,3.53,25.07,0.0,905.9,6.02,0.178
2000-06-10,27.3,15.0,21.2,66,23,44,2.99,30.46,0.0,904.6,6.77,0.162
2000-06-11,28.1,13.5,20.8,59,27,39,2.67,29.75,0.0,903.7,6.72,0.146
2000-06-12,27.3,13.7,20.6,64,17,34,3.78,31.54,0.0,906.8,7.35,0.132
2000-06-13,28.9,13.5,21.4,56,13,29,3.53,31.64,0.0,907.9,7.76,0.121
2000-06-14,29.5,15.4,22.7,40,17,28,3.98,31.4,0.0,906.0,8.12,0.114
2000-06-15,29.6,18.1,23.9,57,18,34,3.97,30.84,0.0,903.3,7.9,0.108
2000-06-16,32.7,15.6,24.5,39,13,25,2.1,31.34,0.0,901.0,7.3,0.106
2000-06-17,35.0,14.0,25.1,49,19,29,2.16,30.59,0.0,898.5,7.48,0.107
2000-06-18,26.4,14.9,19.9,59,35,51,4.04,26.3,0.2,899.3,5.96,0.108
2000-06-19,20.7,11.2,15.7,66,29,47,4.52,30.5,0.0,902.1,6.15,0.114
2000-06-20,20.9,8.3,14.4,54,24,38,3.1,31.4,0.0,904.3,5.9,0.119
2000-06-21,24.8,9.8,17.3,53,25,36,1.94,31.2,0.0,902.7,6.14,0.121
2000-06-22,28.8,11.4,20.7,54,21,33,2.2,31.2,0.0,904.0,6.79,0.12
2000-06-23,30.2,16.2,23.3,56,19,35,3.08,30.57,0.0,903.3,7.36,0.118
2000-06-24,30.2,18.2,24.1,53,19,35,2.68,30.68,0.0,901.7,7.2,0.116
2000-06-25,31.7,16.0,24.4,49,14,31,2.4,30.78,0.0,899.4,7.3,0.115
2000-06-26,32.7,17.1,25.7,48,20,31,1.9,30.56,0.0,899.4,6.99,0.116
2000-06-27,33.8,17.7,26.2,57,19,34,1.82,29.91,0.0,897.2,7.11,0.116
2000-06-28,32.4,19.6,25.6,64,29,45,1.88,29.03,0.0,897.1,6.6,0.109
2000-06-29,32.5,20.1,25.7,60,20,42,2.13,30.13,0.0,897.7,7.02,0.107
2000-06-30,34.5,18.1,26.4,59,22,37,1.8,30.38,0.0,898.8,7.17,0.105
2000-07-01,33.4,16.6,25.9,63,27,42,1.99,29.44,0.0,900.3,7.0,0.103
2000-07-02,32.6,20.3,26.4,59,25,39,2.89,29.06,0.0,903.1,7.36,0.102
2000-07-03,32.6,19.1,26.1,43,20,31,2.91,30.56,0.0,901.4,7.76,0.101
2000-07-04,32.7,18.7,25.9,39,14,27,3.64,30.96,0.0,901.4,8.31,0.099
2000-07-05,34.6,19.4,27.5,34,19,26,4.31,30.72,0.0,902.1,9.03,0.097
2000-07-06,37.4,22.2,29.6,45,15,28,3.71,30.57,0.0,901.9,8.98,0.096
2000-07-07,37.2,22.3,30.0,34,18,26,2.86,29.42,0.0,898.3,8.33,0.096
2000-07-08,34.1,22.4,28.1,47,19,32,2.87,29.94,0.0,899.4,7.85,0.095
2000-07-09,36.1,19.3,28.2,40,15,27,1.61,30.6,0.0,898.2,7.17,0.094
2000-07-10,37.8,17.6,28.5,59,11,30,2.13,30.35,0.0,894.9,7.79,0.094
2000-07-11,37.1,20.1,28.7,44,16,30,1.85,30.1,0.0,897.1,7.37,0.091
2000-07-12,36.9,21.6,29.8,33,14,23,3.22,30.46,0.0,900.6,8.82,0.089
2000-07-13,37.6,21.6,30.1,35,15,24,1.92,30.54,0.0,898.1,7.58,0.089
2000-07-14,38.5,19.8,29.3,52,15,29,2.5,30.42,0.0,893.2,8.28,0.091
2000-07-15,35.8,19.4,26.9,48,18,34,2.07,30.24,0.0,895.0,7.48,0.09
2000-07-16,36.1,16.5,26.8,77,13,39,2.3,30.65,0.0,897.5,7.67,0.088
2000-07-17,35.4,17.6,27.4,67,18,35,1.73,30.01,0.0,899.6,7.09,0.086
2000-07-18,33.4,22.2,27.9,53,20,34,3.25,29.57,0.0,899.2,7.85,0.085
2000-07-19,32.7,20.7,26.7,49,23,31,2.12,29.29,0.0,894.6,7.09,0.084
2000-07-20,33.9,20.9,27.5,38,21,30,1.62,28.75,0.0,893.3,6.83,0.084
2000-07-21,33.5,19.6,26.4,54,27,40,2.55,29.17,0.0,897.5,7.32,0.083
2000-07-22,33.7,18.0,25.5,73,23,47,2.59,29.56,0.0,898.2,7.17,0.082
2000-07-23,30.6,15.3,24.0,77,25,46,2.15,29.08,0.0,900.1,6.59,0.082
2000-07-24,30.8,18.3,24.7,58,29,42,3.71,28.18,0.0,902.5,7.17,0.081
2000-07-25,32.1,19.6,25.5,52,14,32,3.2,29.94,0.0,903.1,7.6,0.081
2000-07-26,35.6,18.0,27.1,34,16,24,2.3,29.62,0.0,902.6,7.54,0.081
2000-07-27,37.6,19.2,29.0,41,16,26,1.54,29.46,0.0,901.2,6.98,0.081
2000-07-28,38.9,20.5,30.5,49,14,27,1.31,29.26,0.0,899.7,6.81,0.082
2000-07-29,40.6,21.2,31.1,64,17,33,1.9,28.89,0.0,900.1,7.55,0.078
2000-07-30,41.1,19.0,30.4,60,14,31,2.59,29.33,0.0,900.9,8.29,0.074
2000-07-31,38.0,18.0,27.9,55,12,28,2.74,29.57,0.0,899.5,8.15,0.071
2000-08-01,32.7,18.3,24.8,59,27,44,2.27,27.44,0.0,899.2,6.48,0.071
2000-08-02,25.3,15.8,20.4,66,30,49,5.43,21.52,0.0,901.9,5.93,0.072
2000-08-03,26.3,15.8,21.0,63,31,45,4.96,26.66,0.0,904.1,6.59,0.073
2000-08-04,27.3,16.7,22.0,59,33,43,5.12,28.46,0.0,902.9,7.09,0.072
2000-08-05,28.7,16.3,22.3,65,35,49,3.56,28.15,0.0,901.3,6.41,0.071
2000-08-06,31.9,17.7,24.8,66,28,47,2.32,28.03,0.0,900.9,6.46,0.073
2000-08-07,34.9,19.6,27.1,56,20,39,1.86,27.52,0.0,900.6,6.55,0.072
2000-08-08,36.1,19.7,28.7,54,19,33,1.51,25.2,0.0,900.6,6.08,0.068
2000-08-09,37.0,20.3,28.9,67,12,34,2.39,26.1,0.0,900.5,7.1,0.067
2000-08-10,36.9,22.6,29.2,46,14,28,3.0,27.71,0.0,899.5,7.86,0.066
2000-08-11,35.9,20.5,28.3,49,14,31,2.91,27.44,0.0,898.4,7.46,0.065
2000-08-12,35.6,20.6,28.5,56,18,35,1.77,25.38,0.0,897.1,6.26,0.062
2000-08-13,35.0,22.5,28.5,64,22,40,2.83,24.35,0.0,898.7,6.67,0.06
2000-08-14,34.6,21.8,27.9,51,24,35,3.35,27.2,0.0,901.9,7.47,0.058
2000-08-15,33.8,20.9,27.0,48,25,35,2.97,26.4,0.0,901.8,7.13,0.056
2000-08-16,31.8,18.9,25.2,47,14,29,2.72,27.5,0.0,900.8,6.97,0.055
2000-08-17,33.0,17.1,25.3,43,19,27,2.37,26.98,0.0,899.6,6.85,0.056
2000-08-18,33.2,19.2,26.1,41,21,31,2.58,25.49,0.0,899.6,6.74,0.055
2000-08-19,31.6,19.5,25.7,47,22,32,3.6,24.32,0.0,902.4,7.02,0.054
2000-08-20,29.1,19.2,24.5,67,33,47,3.75,21.68,0.0,902.0,5.85,0.054
2000-08-21,31.2,19.7,25.1,59,31,45,2.75,24.06,0.0,901.1,5.95,0.054
2000-08-22,32.0,20.8,26.1,65,28,46,2.55,23.04,0.0,901.0,5.74,0.053
2000-08-23,33.3,21.6,27.0,54,24,37,2.61,21.2,0.0,901.0,5.88,0.053
2000-08-24,32.9,21.3,27.0,55,22,35,3.71,23.63,0.0,900.3,7.11,0.052
2000-08-25,30.3,21.3,25.3,57,24,42,3.33,24.85,0.0,899.1,6.39,0.052
2000-08-26,30.6,17.6,22.7,62,29,46,2.28,22.58,0.0,896.9,5.44,0.052
2000-08-27,27.9,15.8,21.3,67,24,43,2.63,24.84,0.0,898.9,5.78,0.053
2000-08-28,24.8,13.0,19.0,56,23,39,2.56,25.86,0.0,903.1,5.51,0.054
2000-08-29,26.6,12.0,19.7,57,25,40,1.76,25.37,0.0,901.7,5.28,0.052
2000-08-30,25.1,14.3,20.0,58,28,42,2.77,19.91,0.0,899.6,4.91,0.05
2000-08-31,24.3,14.5,19.0,58,27,42,3.13,23.83,0.0,901.3,5.34,0.05
2000-09-01,26.9,12.3,19.6,53,21,37,2.25,25.04,0.0,901.2,5.37,0.05
2000-09-02,34.1,11.1,22.7,56,16,32,2.91,24.69,0.0,897.5,6.63,0.042
2000-09-03,30.6,16.2,23.6,62,22,41,1.51,24.13,0.0,896.6,5.15,0.039
2000-09-04,31.8,17.5,24.7,57,20,37,1.71,23.81,0.0,899.3,5.43,0.037
2000-09-05,33.1,15.6,24.4,56,19,36,1.58,23.95,0.0,899.5,5.45,0.037
2000-09-06,31.3,15.3,23.0,77,19,46,3.19,22.72,0.3,895.3,5.99,0.036
2000-09-07,27.6,13.1,20.6,64,28,46,2.03,21.27,0.0,894.8,4.8,0.036
2000-09-08,28.1,13.3,21.2,66,27,44,1.17,22.85,0.0,901.2,4.61,0.035
2000-09-09,30.5,13.1,22.3,75,21,43,2.13,23.3,0.0,906.1,5.53,0.033
2000-09-10,27.5,15.4,21.6,54,26,40,3.18,23.25,0.0,906.7,5.7,0.032
2000-09-11,29.7,10.7,20.5,59,18,36,1.9,23.69,0.0,901.8,5.2,0.033
2000-09-12,33.4,11.6,23.1,53,18,30,2.08,23.22,0.0,895.7,5.77,0.032
2000-09-13,27.1,17.1,21.9,76,34,53,2.49,18.13,0.0,898.2,4.38,0.03
2000-09-14,27.2,16.1,21.0,71,35,54,2.02,18.56,0.2,901.1,4.1,0.031
2000-09-15,29.7,11.9,21.1,94,32,59,1.44,18.53,0.0,900.7,4.05,0.031
2000-09-16,27.5,15.3,21.2,81,31,54,1.99,19.77,1.6,901.1,4.29,0.031
2000-09-17,26.9,12.2,20.2,94,29,57,1.59,19.47,0.0,901.2,3.99,0.033
2000-09-18,29.4,12.9,21.5,74,23,45,1.16,18.68,0.0,902.7,4.02,0.035
2000-09-19,30.0,12.3,22.0,74,18,41,1.4,21.75,0.0,904.3,4.62,0.036
2000-09-20,31.1,11.8,22.2,69,20,39,2.04,21.49,0.0,903.8,5.13,0.036
2000-09-21,29.0,16.1,22.4,65,23,43,2.91,21.11,0.0,904.3,5.3,0.033
2000-09-22,31.3,14.1,22.6,63,17,40,2.05,21.16,0.0,903.7,5.08,0.035
2000-09-23,32.6,13.5,23.0,57,16,35,1.69,21.15,0.0,901.9,5.03,0.037
2000-09-24,31.9,10.5,21.6,69,16,37,2.74,21.21,0.0,900.6,5.67,0.039
2000-09-25,27.2,13.9,19.7,75,29,50,2.26,20.15,0.0,901.3,4.49,0.035
2000-09-26,21.0,13.1,17.1,69,32,52,2.82,8.87,0.0,901.8,2.84,0.033
2000-09-27,17.9,10.4,14.4,69,31,52,3.6,6.42,0.0,900.3,2.48,0.032
2000-09-28,18.8,11.4,15.0,74,35,47,2.69,13.47,0.6,899.8,3.2,0.034
2000-09-29,18.2,10.6,13.8,84,42,64,2.14,8.55,0.7,899.5,1.99,0.052
2000-09-30,22.0,7.0,14.7,74,30,49,1.27,19.33,0.0,904.2,3.53,0.052
2000-10-01,23.6,6.6,15.6,72,19,44,1.93,19.75,0.0,905.8,4.05,0.057
2000-10-02,22.8,8.4,15.6,60,25,43,2.93,19.72,0.0,905.0,4.33,0.058
2000-10-03,23.9,7.5,16.1,68,24,45,1.67,19.52,0.0,904.2,3.86,0.059
2000-10-04,26.7,8.7,17.9,64,21,41,1.43,17.93,0.0,903.2,3.73,0.056
2000-10-05,28.9,9.2,19.3,64,22,39,1.45,18.23,0.0,903.5,3.94,0.049
2000-10-06,29.8,10.2,20.0,71,22,42,2.11,16.6,0.2,902.6,4.21,0.041
2000-10-07,27.2,10.7,19.3,76,25,47,2.67,17.23,0.0,900.9,4.35,0.037
2000-10-08,24.7,10.5,17.4,90,34,59,2.38,16.38,0.2,900.7,3.67,0.034
2000-10-09,25.1,8.9,16.9,85,29,56,2.59,17.08,0.0,899.2,3.91,0.04
2000-10-10,21.1,11.5,16.1,75,38,56,3.23,12.41,0.0,897.3,3.09,0.038
2000-10-11,21.5,9.3,15.3,88,33,61,1.28,13.53,0.0,901.1,2.5,0.041
2000-10-12,21.6,7.1,14.3,79,33,56,1.53,16.11,0.0,904.1,3.07,0.04
2000-10-13,22.5,8.0,15.4,77,28,52,2.53,17.38,0.0,903.8,3.71,0.038
2000-10-14,20.0,9.6,14.7,81,35,55,3.6,16.72,0.0,902.6,3.56,0.035
2000-10-15,20.8,6.8,13.7,80,36,57,2.12,17.06,0.0,903.4,3.15,0.033
2000-10-16,23.3,4.7,14.2,85,26,52,1.48,17.05,0.0,905.3,3.26,0.034
2000-10-17,23.9,4.7,14.7,80,16,44,1.33,17.04,0.0,905.5,3.22,0.035
2000-10-18,24.9,6.2,15.9,62,17,36,1.11,16.75,0.0,902.9,3.22,0.036
2000-10-19,20.6,8.0,14.2,77,35,53,2.14,14.35,0.0,900.8,2.99,0.036
2000-10-20,13.5,6.2,8.4,91,56,75,3.53,4.43,5.2,901.1,1.0,0.079
2000-10-21,12.2,6.5,9.0,79,48,65,2.36,8.07,0.6,903.9,1.65,0.103
2000-10-22,10.9,5.5,8.2,84,45,66,3.18,8.55,2.9,903.7,1.55,0.131
2000-10-23,9.1,3.1,6.4,82,52,70,1.78,8.32,0.4,902.1,1.3,0.135
2000-10-24,10.5,4.7,7.5,88,52,70,2.51,9.5,1.8,900.2,1.6,0.158
2000-10-25,12.0,5.8,8.8,73,57,65,3.09,5.33,0.0,901.4,1.41,0.161
2000-10-26,14.6,5.2,10.0,87,50,67,1.4,8.09,0.0,904.1,1.45,0.16
2000-10-27,18.4,2.1,9.8,88,30,61,1.14,15.18,0.0,904.6,2.32,0.157
2000-10-28,19.4,2.3,10.6,95,37,67,2.12,14.17,0.0,904.0,2.54,0.15
2000-10-29,12.6,9.2,10.8,92,65,79,1.5,2.91,1.3,906.2,0.64,0.159
2000-10-30,16.3,5.9,10.3,84,40,63,1.35,12.13,0.0,905.9,2.02,0.161
2000-10-31,15.9,1.8,8.6,87,28,60,1.13,14.9,0.0,904.8,2.26,0.16
2000-11-01,17.4,0.9,8.5,83,27,56,1.15,14.75,0.0,903.3,2.31,0.158
2000-11-02,17.9,1.1,8.7,84,27,56,1.21,14.64,0.0,902.7,2.32,0.159
2000-11-03,19.4,2.3,10.4,76,37,57,1.15,13.58,0.0,903.9,2.22,0.159
2000-11-04,20.4,4.5,11.9,87,30,59,1.27,13.6,0.0,906.6,2.36,0.155
2000-11-05,20.3,4.2,11.7,84,29,56,1.16,13.82,0.0,906.9,2.31,0.148
2000-11-06,20.7,2.8,11.1,85,22,55,1.13,13.85,0.0,903.4,2.33,0.145
2000-11-07,20.2,5.7,11.7,75,33,55,1.22,13.29,0.0,901.9,2.24,0.145
2000-11-08,21.9,4.2,11.8,84,27,56,1.41,13.31,0.0,904.5,2.34,0.145
2000-11-09,21.9,2.9,11.9,88,26,55,1.22,12.89,0.0,907.4,2.2,0.146
2000-11-10,21.6,2.8,11.6,83,27,54,1.26,13.15,0.0,907.7,2.25,0.148
2000-11-11,23.3,3.1,12.5,85,19,52,1.19,12.69,0.0,907.7,2.24,0.146
2000-11-12,20.9,6.6,12.4,83,28,58,1.77,11.71,0.0,905.5,2.33,0.138
2000-11-13,16.2,4.6,9.7,85,42,66,2.36,10.79,0.0,904.9,1.96,0.128
2000-11-14,14.3,1.3,7.0,85,32,61,1.89,13.07,0.0,904.8,2.01,0.124
2000-11-15,15.3,-2.4,6.5,79,21,48,1.64,12.93,0.0,905.4,2.07,0.124
2000-11-16,16.1,-0.9,7.0,66,21,41,1.48,12.77,0.0,905.7,2.09,0.119
2000-11-17,16.1,-0.8,6.5,66,26,47,1.23,12.6,0.0,904.9,1.97,0.116
2000-11-18,16.5,0.3,7.4,71,31,52,1.35,12.16,0.0,903.7,1.9,0.111
2000-11-19,16.9,-0.8,6.8,80,32,60,1.33,12.24,0.0,903.6,1.89,0.107
2000-11-20,17.6,-1.6,6.7,88,28,60,1.21,11.3,0.0,903.4,1.71,0.104
2000-11-21,17.8,1.3,8.4,82,29,58,1.32,11.74,0.0,902.4,1.9,0.104
2000-11-22,15.7,0.2,7.1,93,36,64,1.82,11.12,0.0,901.2,1.85,0.103
2000-11-23,14.3,0.8,7.1,83,40,61,1.43,11.38,0.0,901.4,1.7,0.101
2000-11-24,14.5,-0.0,6.4,79,36,58,1.32,11.33,0.0,902.9,1.73,0.1
2000-11-25,15.9,-1.5,6.4,85,33,60,1.31,11.48,0.0,904.8,1.71,0.099
2000-11-26,17.2,-1.5,6.7,88,36,64,1.81,9.98,0.0,904.2,1.77,0.095
2000-11-27,13.0,4.0,8.2,81,56,72,3.92,6.16,2.9,898.5,1.41,0.104
2000-11-28,11.0,8.0,9.3,89,74,82,4.23,4.39,11.6,894.2,1.01,0.215
2000-11-29,11.1,7.9,9.5,86,74,81,2.3,4.15,4.5,896.1,0.83,0.291
2000-11-30,12.6,6.6,9.3,88,55,72,2.6,5.46,0.0,900.1,1.21,0.271
2000-12-01,11.5,4.2,7.9,86,55,72,2.42,3.83,0.0,906.3,0.98,0.246
2000-12-02,11.1,0.4,5.5,92,56,77,1.22,10.65,0.0,906.8,1.36,0.232
2000-12-03,10.4,-1.9,3.8,95,58,80,0.92,10.09,0.0,906.9,1.21,0.222
2000-12-04,10.2,-2.8,3.0,94,50,79,0.86,10.54,0.0,906.8,1.25,0.214
2000-12-05,9.2,-3.6,2.2,92,50,77,0.93,10.63,0.0,905.6,1.28,0.21
2000-12-06,8.8,-0.9,3.1,88,56,77,0.91,10.43,0.0,904.9,1.21,0.207
2000-12-07,4.5,-3.5,0.0,93,65,82,1.07,9.62,0.0,902.8,0.96,0.203
2000-12-08,4.2,-1.9,1.2,92,60,78,1.42,5.13,0.0,902.9,0.7,0.199
2000-12-09,5.4,-0.2,2.5,84,60,72,2.85,5.16,0.0,904.0,0.89,0.194
2000-12-10,4.5,-3.0,0.5,86,61,75,1.6,6.49,0.0,906.2,0.77,0.19
2000-12-11,6.3,-5.1,0.1,87,44,68,1.03,10.09,0.0,902.1,1.14,0.187
2000-12-12,4.4,-1.2,1.7,97,67,80,2.17,4.75,5.1,901.0,0.6,0.193
2000-12-13,6.6,1.8,4.2,85,66,77,3.48,4.84,0.1,901.5,0.91,0.22
2000-12-14,6.3,-2.5,1.4,89,56,78,1.61,7.68,0.0,900.2,0.9,0.221
2000-12-15,9.4,-4.6,0.8,89,39,68,1.68,10.11,0.0,898.7,1.3,0.217
2000-12-16,12.8,-3.3,4.3,86,47,71,2.34,8.17,0.0,898.8,1.34,0.21
2000-12-17,15.5,4.5,9.4,86,44,71,2.45,7.25,0.0,901.6,1.45,0.206
2000-12-18,14.5,1.1,6.2,93,39,75,2.19,7.88,0.0,900.5,1.33,0.204
2000-12-19,9.5,0.4,4.4,91,56,77,1.1,7.28,1.7,897.6,0.96,0.209
2000-12-20,4.0,0.7,2.4,92,66,81,1.57,3.02,0.8,896.3,0.47,0.227
2000-12-21,2.7,-0.9,0.8,81,53,65,2.79,6.29,0.8,901.1,0.89,0.223
2000-12-22,3.5,-5.1,-1.1,72,49,62,1.18,9.73,0.0,901.2,1.0,0.219
2000-12-23,7.2,-0.7,2.6,89,56,76,2.73,6.58,1.2,895.9,1.03,0.22
2000-12-24,4.8,1.1,2.7,86,60,75,3.17,7.34,4.1,892.2,0.92,0.256
2000-12-25,5.9,-2.1,1.9,86,50,70,1.72,8.85,0.1,901.9,1.12,0.248
2000-12-26,8.3,-3.6,1.1,88,43,70,2.05,8.79,0.0,903.6,1.15,0.242
2000-12-27,11.6,1.0,5.2,92,44,74,2.4,9.09,0.0,905.0,1.36,0.241
2000-12-28,11.1,2.0,5.4,93,49,78,2.2,7.67,0.0,903.6,1.15,0.231
2000-12-29,15.1,0.2,6.8,86,25,58,3.55,10.2,0.0,896.4,2.28,0.222
2000-12-30,10.9,6.7,8.4,82,70,78,3.72,3.73,4.7,894.6,1.0,0.228
2000-12-31,13.2,4.2,7.5,92,48,75,2.6,8.14,0.0,898.1,1.35,0.255
2001-01-01,10.7,3.6,7.0,92,63,78,2.83,7.03,0.0,900.0,1.16,0.242
2001-01-02,9.9,3.9,6.6,84,64,76,1.29,5.7,0.7,896.7,0.86,0.237
2001-01-03,8.9,-0.4,3.7,96,59,81,1.56,8.88,0.0,900.6,1.03,0.233
2001-01-04,10.7,-1.6,3.4,91,50,75,1.39,10.58,0.0,899.3,1.31,0.228
2001-01-05,10.1,1.4,5.0,95,57,81,1.73,8.38,0.0,899.7,1.1,0.223
2001-01-06,9.9,3.8,6.6,94,61,79,1.06,6.61,0.0,901.7,0.93,0.222
2001-01-07,9.4,-0.3,4.9,96,63,81,1.13,10.62,0.0,906.2,1.28,0.218
2001-01-08,7.4,0.2,3.4,96,59,83,0.88,10.11,0.0,907.3,1.14,0.218
2001-01-09,14.6,-3.3,4.1,94,34,71,1.98,11.18,0.0,903.0,1.65,0.218
2001-01-10,14.0,2.0,7.1,94,49,75,1.59,7.22,0.0,904.0,1.16,0.217
2001-01-11,12.0,3.4,6.5,93,61,81,1.31,5.76,0.0,903.7,0.89,0.216
2001-01-12,12.5,-2.8,4.3,98,45,76,1.25,9.37,0.0,901.1,1.21,0.216
2001-01-13,12.3,-0.8,4.5,97,38,71,1.83,8.57,0.0,902.4,1.31,0.211
2001-01-14,12.9,0.6,6.0,92,38,66,1.52,9.79,0.0,903.2,1.54,0.207
2001-01-15,12.9,3.4,8.1,82,44,61,1.26,10.77,0.0,900.1,1.62,0.202
2001-01-16,10.9,-0.1,4.8,92,48,74,1.44,11.29,0.0,901.5,1.51,0.2
2001-01-17,7.4,2.6,5.0,93,62,79,1.68,9.0,0.0,902.7,1.12,0.198
2001-01-18,7.1,2.4,4.4,91,55,75,1.33,7.43,0.0,901.4,1.02,0.199
2001-01-19,5.8,0.2,3.1,83,50,69,1.97,8.14,0.0,902.1,1.12,0.194
2001-01-20,6.7,-0.8,2.8,84,48,66,1.45,9.28,0.0,904.4,1.21,0.193
2001-01-21,7.2,-3.1,1.9,81,48,67,1.14,10.5,0.0,903.8,1.28,0.192
2001-01-22,7.6,-0.3,2.5,80,41,65,1.62,9.46,0.0,903.1,1.31,0.193
2001-01-23,5.6,-2.2,1.5,84,41,62,1.46,10.41,0.0,903.7,1.29,0.194
2001-01-24,6.9,-3.0,1.3,68,38,54,1.04,11.02,0.0,902.5,1.43,0.192
2001-01-25,3.8,-1.9,1.0,81,41,62,3.17,11.17,1.0,905.3,1.4,0.19
2001-01-26,4.1,-4.9,-0.9,78,42,59,1.62,13.46,0.0,908.0,1.45,0.192
2001-01-27,10.5,-8.6,0.2,82,19,53,1.36,12.75,0.0,904.1,1.74,0.193
2001-01-28,12.6,-3.7,3.5,86,35,65,1.76,11.79,0.0,903.3,1.75,0.191
2001-01-29,15.1,-0.9,5.8,94,39,70,1.74,11.97,0.0,904.1,1.82,0.189
2001-01-30,17.6,-2.0,5.6,91,28,66,2.12,12.95,0.0,903.2,2.2,0.184
2001-01-31,16.4,0.1,6.5,75,18,52,2.89,14.0,0.0,897.3,2.67,0.174
2001-02-01,12.7,2.4,6.8,79,38,61,3.14,11.18,0.1,894.2,2.0,0.171
2001-02-02,11.0,4.5,7.2,87,46,70,3.08,8.39,0.0,893.5,1.57,0.171
2001-02-03,10.3,3.9,6.4,86,48,70,2.66,8.83,0.0,891.3,1.47,0.17
2001-02-04,5.8,0.9,3.3,87,56,73,1.68,6.38,0.0,899.4,0.94,0.171
2001-02-05,8.1,-3.1,2.0,81,35,60,1.45,14.57,0.0,904.7,1.85,0.174
2001-02-06,12.5,-4.1,3.7,86,31,60,1.53,14.29,0.0,902.9,2.06,0.175
2001-02-07,10.5,1.7,5.4,87,43,69,2.75,9.71,1.0,905.1,1.58,0.178
2001-02-08,9.1,0.0,4.5,86,44,68,2.1,12.86,0.0,907.7,1.67,0.185
2001-02-09,12.2,-1.7,4.5,82,28,58,1.16,15.51,0.0,907.5,2.07,0.182
2001-02-10,12.8,-3.6,4.3,82,32,56,1.03,15.74,0.0,906.7,2.14,0.182
2001-02-11,15.9,-2.9,5.7,86,22,55,1.4,15.62,0.0,906.2,2.46,0.183
2001-02-12,15.5,1.7,7.9,69,32,50,1.47,15.3,0.0,903.9,2.42,0.18
2001-02-13,14.3,0.7,7.3,82,35,59,2.18,14.67,1.6,898.5,2.32,0.173
2001-02-14,9.7,1.1,5.2,91,39,66,2.28,12.31,0.0,894.0,1.83,0.17
2001-02-15,5.0,1.6,3.1,82,63,74,2.01,6.53,0.6,900.3,0.96,0.171
2001-02-16,3.9,0.2,2.0,88,65,80,2.09,8.7,3.1,902.7,0.97,0.181
2001-02-17,8.6,-0.8,3.3,90,44,72,3.19,13.32,1.9,902.1,1.67,0.193
2001-02-18,10.8,-5.3,1.8,87,26,63,2.0,16.39,0.0,900.6,2.21,0.202
2001-02-19,11.1,-2.9,3.5,85,44,68,2.65,14.46,0.0,893.6,2.02,0.204
2001-02-20,4.5,-5.9,-2.0,90,65,77,5.4,6.34,8.9,889.8,0.72,0.207
2001-02-21,0.1,-10.1,-5.1,79,41,62,1.89,17.39,0.0,897.2,1.66,0.206
2001-02-22,0.8,-10.2,-4.3,94,53,73,1.8,8.72,2.0,890.7,0.9,0.209
2001-02-23,3.2,-9.4,-2.4,99,66,83,2.36,16.8,0.5,890.6,1.49,0.211
2001-02-24,12.2,-3.5,4.1,83,55,73,3.38,14.06,0.0,894.7,1.97,0.23
2001-02-25,14.8,4.5,8.9,88,39,64,3.63,16.73,0.0,899.6,2.83,0.247
2001-02-26,14.5,1.0,7.0,88,26,62,3.21,9.6,0.0,898.5,2.2,0.235
2001-02-27,16.6,5.6,10.2,74,22,48,4.22,18.21,0.0,895.3,3.64,0.223
2001-02-28,17.8,2.2,9.9,79,32,55,2.17,15.96,0.0,898.9,2.9,0.211
2001-03-01,18.6,7.1,12.6,83,40,59,4.12,13.98,0.1,896.3,3.25,0.204
2001-03-02,14.6,4.4,10.2,75,25,52,3.83,17.35,0.0,898.4,3.26,0.197
2001-03-03,16.7,0.1,8.3,95,32,64,2.14,18.36,0.0,903.5,2.99,0.19
2001-03-04,21.6,2.9,11.4,88,29,61,1.53,18.42,0.0,905.3,3.14,0.182
2001-03-05,22.5,2.6,11.6,97,17,60,2.12,18.64,0.0,903.5,3.56,0.171
2001-03-06,22.5,3.0,12.2,88,22,55,1.77,19.32,0.0,900.4,3.62,0.16
2001-03-07,21.0,5.1,12.6,90,28,62,1.66,16.78,0.9,897.5,3.08,0.155
2001-03-08,10.4,7.1,8.4,99,71,86,2.58,5.19,5.7,897.7,0.84,0.212
2001-03-09,13.5,3.6,7.7,80,41,62,2.3,19.27,0.0,901.3,2.78,0.234
2001-03-10,17.5,1.2,9.1,86,28,56,1.38,20.23,0.0,902.7,3.21,0.224
2001-03-11,20.6,2.1,11.2,90,28,55,1.58,18.19,0.0,901.3,3.28,0.214
2001-03-12,19.1,4.8,11.6,92,28,60,1.87,14.76,0.0,898.6,2.83,0.204
2001-03-13,18.8,4.8,10.6,91,38,71,1.53,17.75,4.9,896.8,2.93,0.202
2001-03-14,18.1,4.2,10.3,97,38,70,2.28,18.04,0.6,895.4,3.06,0.209
2001-03-15,15.4,5.3,10.2,89,45,66,2.07,18.71,0.5,896.2,2.97,0.205
2001-03-16,15.8,5.2,9.8,88,23,58,1.1,20.16,0.8,902.2,2.95,0.219
2001-03-17,18.8,1.9,10.1,82,21,51,1.62,21.73,0.0,903.3,3.67,0.211
2001-03-18,21.0,2.7,11.5,96,18,56,2.39,21.82,0.0,902.0,4.04,0.194
2001-03-19,21.8,5.0,12.8,86,29,59,2.22,19.92,0.0,902.7,3.82,0.181
2001-03-20,23.9,9.2,15.6,89,22,51,3.61,18.05,0.2,901.9,4.6,0.17
2001-03-21,23.2,4.1,14.0,75,19,40,2.02,22.02,0.0,897.7,4.49,0.16
2001-03-22,22.5,5.5,14.3,83,24,52,2.17,19.43,0.0,893.5,3.96,0.15
2001-03-23,15.2,5.0,10.9,74,47,66,4.32,12.75,7.8,887.6,2.53,0.171
2001-03-24,15.3,4.4,9.4,74,28,50,3.85,20.83,0.1,895.7,3.47,0.212
2001-03-25,22.9,5.2,13.2,77,24,50,1.91,22.58,0.0,897.7,4.24,0.197
2001-03-26,27.3,5.5,16.4,92,17,51,3.19,23.18,0.0,898.9,5.34,0.18
2001-03-27,29.6,7.0,18.3,93,10,49,2.09,23.05,0.0,901.0,5.0,0.161
2001-03-28,25.6,6.9,16.6,91,13,45,3.99,21.74,0.0,898.9,5.62,0.144
2001-03-29,22.6,6.6,14.4,72,23,46,1.68,22.38,0.0,898.9,4.14,0.136
2001-03-30,22.8,8.2,15.3,61,21,41,2.05,19.27,0.0,896.5,4.11,0.132
2001-03-31,25.2,11.0,17.5,72,16,40,2.58,17.94,0.0,897.1,4.77,0.121
2001-04-01,26.3,14.3,19.9,33,15,23,5.09,24.1,0.0,898.3,7.02,0.111
2001-04-02,20.2,10.9,15.3,61,19,36,2.53,17.21,0.0,898.6,4.0,0.104
2001-04-03,20.1,6.0,12.6,63,18,44,1.95,23.91,0.0,897.1,4.32,0.103
2001-04-04,17.0,5.2,11.4,87,33,54,2.94,22.37,0.1,896.9,3.95,0.105
2001-04-05,16.1,4.4,10.1,85,31,59,1.92,22.76,2.2,896.6,3.68,0.127
2001-04-06,19.0,2.2,10.9,96,26,60,2.24,22.01,0.0,897.4,3.97,0.129
2001-04-07,17.4,8.1,12.4,80,28,54,2.12,21.07,0.2,898.3,3.75,0.121
2001-04-08,21.4,5.7,14.0,80,18,44,1.45,24.93,0.0,900.7,4.41,0.116
2001-04-09,24.5,4.8,15.6,75,17,39,1.54,25.26,0.0,899.3,4.9,0.113
2001-04-10,17.0,6.0,11.3,89,30,56,3.47,18.19,1.1,894.0,3.52,0.113
2001-04-11,14.8,6.5,10.1,70,30,54,3.35,19.89,0.5,894.9,3.53,0.12
2001-04-12,18.2,5.1,11.3,87,25,56,1.67,22.29,0.0,898.9,3.89,0.125
2001-04-13,22.2,5.6,14.0,92,23,54,2.45,24.78,0.2,898.8,4.82,0.119
2001-04-14,13.0,7.6,10.1,77,52,67,3.54,14.79,3.4,892.2,2.5,0.129
2001-04-15,19.4,3.8,11.6,84,29,54,2.87,24.06,0.0,899.4,4.46,0.142
2001-04-16,18.3,8.6,13.1,65,31,48,4.36,22.24,0.0,900.5,4.43,0.136
2001-04-17,23.2,3.5,13.7,88,18,50,2.33,25.16,0.0,901.7,5.0,0.134
2001-04-18,23.9,12.1,17.0,83,22,51,3.98,23.51,1.7,896.4,5.22,0.143
2001-04-19,22.0,10.3,15.8,75,16,45,1.66,26.25,0.0,898.8,4.91,0.133
2001-04-20,25.0,6.5,16.8,75,10,39,2.02,25.75,0.0,901.7,5.39,0.13
2001-04-21,26.3,9.1,18.0,81,14,42,2.62,20.88,0.0,899.3,5.24,0.122
2001-04-22,24.3,12.8,18.7,51,23,34,4.82,18.8,0.0,894.1,5.72,0.115
2001-04-23,20.1,9.2,16.1,58,24,41,7.24,24.95,0.8,890.8,5.93,0.118
2001-04-24,18.6,5.7,11.3,70,19,50,3.08,21.17,0.0,897.0,4.18,0.122
2001-04-25,20.8,4.0,12.5,86,19,50,1.41,26.41,0.0,901.0,4.62,0.12
2001-04-26,22.8,7.7,15.5,65,16,39,2.27,27.37,0.0,901.2,5.46,0.115
2001-04-27,23.1,10.5,17.0,54,16,36,1.78,25.06,0.0,903.1,5.01,0.107
2001-04-28,26.0,11.0,18.9,45,6,26,2.03,26.95,0.0,902.5,5.77,0.104
2001-04-29,28.9,9.5,19.9,36,7,20,1.56,27.95,0.0,900.9,5.83,0.104
2001-04-30,29.7,13.6,22.2,31,7,19,1.84,25.74,0.0,899.0,6.03,0.1
2001-05-01,25.3,15.1,19.7,57,13,35,4.66,21.47,0.0,897.2,6.1,0.096
2001-05-02,19.8,9.1,14.5,56,19,39,5.34,27.75,0.0,897.3,5.86,0.095
2001-05-03,16.4,10.2,12.3,85,38,60,3.38,18.61,4.3,893.2,3.44,0.107
2001-05-04,17.5,10.8,14.1,82,43,59,2.55,16.12,0.5,895.1,3.18,0.136
2001-05-05,25.2,7.5,16.7,84,15,48,1.33,27.66,0.0,899.4,5.24,0.136
2001-05-06,24.5,12.0,17.4,81,26,52,3.33,20.32,2.8,894.8,4.8,0.144
2001-05-07,18.7,10.1,14.7,83,39,60,2.45,19.27,3.5,892.1,3.64,0.178
2001-05-08,15.9,10.8,12.7,82,54,71,2.01,16.47,7.6,891.3,2.73,0.216
2001-05-09,16.0,10.4,12.3,85,59,78,2.52,12.73,13.0,891.1,2.19,0.292
2001-05-10,17.3,10.4,13.5,85,45,65,1.99,17.16,1.0,895.0,3.06,0.316
2001-05-11,17.9,8.6,12.9,92,48,73,1.82,21.38,3.8,894.5,3.48,0.283
2001-05-12,21.7,6.4,14.5,92,33,63,2.57,25.17,0.3,894.9,4.71,0.262
2001-05-13,22.4,11.5,15.9,83,33,59,3.39,19.3,0.9,889.7,4.15,0.245
2001-05-14,17.4,8.8,12.2,92,46,77,1.8,19.01,9.6,893.7,3.05,0.267
2001-05-15,15.4,8.3,11.7,90,53,75,2.05,17.34,4.7,898.6,2.8,0.313
2001-05-16,18.8,8.6,13.3,91,33,62,1.57,20.82,0.3,904.0,3.63,0.305
2001-05-17,21.5,6.6,14.8,80,23,49,1.75,29.21,0.0,906.2,5.21,0.265
2001-05-18,24.6,8.0,16.9,74,18,42,1.73,29.7,0.0,905.8,5.69,0.236
2001-05-19,27.0,9.8,18.7,73,19,41,1.38,29.73,0.0,904.0,5.76,0.212
2001-05-20,30.0,12.9,20.7,75,23,50,2.86,22.72,0.4,904.5,5.6,0.194
2001-05-21,24.7,12.7,18.5,70,14,46,2.23,27.94,0.0,906.8,5.6,0.173
2001-05-22,30.3,12.2,20.7,56,18,37,1.51,29.21,0.0,905.2,6.08,0.154
2001-05-23,32.1,14.7,23.4,65,18,39,2.72,28.16,0.0,904.7,7.04,0.141
2001-05-24,23.5,14.3,18.8,67,25,45,3.37,27.48,0.0,905.1,5.88,0.128
2001-05-25,27.2,10.1,18.9,63,15,36,1.47,30.75,0.0,902.8,5.97,0.123
2001-05-26,30.1,11.7,22.0,59,19,33,3.31,25.39,0.6,901.5,6.75,0.126
2001-05-27,28.7,12.8,21.7,66,28,42,3.92,22.28,1.6,903.4,6.13,0.134
2001-05-28,27.4,14.0,20.1,70,28,52,2.0,23.59,1.4,901.3,4.97,0.147
2001-05-29,25.7,12.5,19.1,83,22,50,3.09,26.66,0.0,899.4,5.86,0.161
2001-05-30,27.3,14.0,21.0,71,21,44,2.15,25.38,0.0,900.3,5.57,0.144
2001-05-31,29.4,14.8,22.2,67,15,39,2.06,28.85,0.0,902.5,6.37,0.129
2001-06-01,32.1,12.7,23.3,61,17,36,2.1,30.28,0.0,902.6,7.01,0.123
2001-06-02,32.2,13.3,23.4,74,14,37,2.88,27.85,0.0,900.3,7.23,0.114
2001-06-03,31.5,15.3,23.9,57,20,37,1.79,29.38,0.0,902.4,6.56,0.105
2001-06-04,33.7,15.0,25.0,76,17,40,2.69,30.48,0.0,900.6,7.7,0.101
2001-06-05,29.2,14.4,22.2,68,19,38,2.76,30.26,0.0,895.5,7.16,0.099
2001-06-06,21.9,11.3,17.3,50,25,34,3.93,30.12,0.0,896.5,6.57,0.1
2001-06-07,26.3,9.7,18.7,59,25,40,1.58,30.46,0.0,898.6,6.02,0.099
2001-06-08,26.9,13.5,21.0,52,24,34,1.64,28.56,0.0,898.4,6.07,0.099
2001-06-09,28.8,14.3,21.8,50,18,33,2.49,28.88,0.0,901.8,6.69,0.099
2001-06-10,30.0,13.9,22.4,43,14,30,2.55,31.04,0.0,903.9,7.22,0.099
2001-06-11,32.7,14.7,24.4,39,14,26,2.73,31.0,0.0,903.9,7.79,0.097
2001-06-12,34.5,17.5,26.2,35,5,23,2.68,31.08,0.0,901.5,8.04,0.097
2001-06-13,35.4,18.3,27.7,30,13,21,2.38,30.66,0.0,900.6,7.92,0.098
2001-06-14,35.6,19.3,27.5,44,20,27,2.25,29.14,0.0,899.7,7.52,0.098
2001-06-15,35.6,17.8,27.1,55,17,31,2.74,29.55,0.0,896.7,8.01,0.096
2001-06-16,28.8,18.1,23.1,64,22,38,4.05,26.67,0.0,895.1,7.17,0.094
2001-06-17,27.3,14.2,20.9,65,26,43,3.89,28.75,0.0,898.4,6.7,0.094
2001-06-18,30.6,14.8,22.9,53,21,37,1.66,30.42,0.0,897.9,6.48,0.094
2001-06-19,33.6,14.9,25.7,54,18,33,2.79,27.86,0.0,898.5,7.39,0.095
2001-06-20,32.3,16.8,25.5,71,21,38,4.65,28.44,0.0,899.8,8.21,0.095
2001-06-21,29.6,18.5,24.3,44,17,28,4.68,31.21,0.0,899.1,8.51,0.094
2001-06-22,30.7,11.8,21.9,57,15,33,2.17,31.29,0.0,899.7,7.14,0.092
2001-06-23,31.3,15.8,24.0,52,19,34,1.69,30.52,0.0,902.9,6.69,0.091
2001-06-24,33.5,16.6,26.3,47,16,28,1.31,30.51,0.0,900.5,6.73,0.092
2001-06-25,31.0,19.9,25.8,47,25,33,3.13,26.17,0.0,898.9,7.05,0.091
2001-06-26,31.8,20.4,26.0,52,25,37,2.47,28.93,0.0,899.6,6.95,0.09
2001-06-27,31.1,18.3,25.4,48,22,31,2.74,28.71,0.0,899.9,7.16,0.089
2001-06-28,31.2,18.8,25.3,43,17,30,2.62,30.21,0.0,900.9,7.43,0.088
2001-06-29,31.3,17.3,24.7,43,18,28,2.4,30.87,0.0,902.3,7.42,0.087
2001-06-30,32.1,16.3,24.9,37,16,24,2.11,31.1,0.0,900.7,7.3,0.086
2001-07-01,32.4,18.3,25.7,33,19,24,2.54,27.69,0.0,898.2,7.12,0.086
2001-07-02,32.9,17.8,25.5,44,21,31,2.04,29.26,0.0,899.1,6.94,0.086
2001-07-03,34.2,18.0,25.4,62,19,37,2.85,29.6,0.0,897.1,7.67,0.086
2001-07-04,31.5,16.4,23.9,64,20,42,2.09,29.28,0.0,898.1,6.66,0.084
2001-07-05,32.1,17.7,25.2,60,19,39,2.11,28.97,0.0,899.5,6.72,0.083
2001-07-06,31.7,20.0,26.2,51,20,33,2.79,26.05,0.0,899.2,6.84,0.082
2001-07-07,30.0,20.0,24.1,56,25,43,3.36,24.94,0.2,899.1,6.51,0.083
2001-07-08,30.0,17.1,23.3,66,24,45,3.86,24.54,0.0,900.4,6.46,0.085
2001-07-09,32.6,17.4,25.3,54,19,33,2.57,30.38,0.0,900.8,7.33,0.084
2001-07-10,34.8,17.3,27.2,39,16,26,1.72,28.06,0.0,898.7,6.95,0.083
2001-07-11,34.2,21.5,27.7,45,17,30,2.72,28.52,0.0,899.2,7.55,0.084
2001-07-12,34.4,20.7,27.2,43,22,29,1.67,24.78,0.1,897.3,6.18,0.084
2001-07-13,33.4,19.3,26.3,54,26,37,3.03,28.31,0.0,897.3,7.43,0.085
2001-07-14,32.3,19.2,26.4,53,25,36,3.43,29.69,0.0,899.1,7.74,0.086
2001-07-15,34.2,20.4,27.5,54,19,34,2.65,29.57,0.0,900.7,7.44,0.085
2001-07-16,34.5,21.0,28.3,45,20,32,2.41,27.05,0.0,899.2,7.18,0.086
2001-07-17,34.6,22.9,28.8,51,21,34,2.79,28.45,0.0,897.8,7.5,0.084
2001-07-18,36.9,18.7,28.9,37,15,26,1.84,28.84,0.0,894.6,7.33,0.082
2001-07-19,35.9,23.4,29.8,36,17,26,3.01,26.21,0.0,895.7,7.84,0.081
2001-07-20,35.3,21.8,28.9,44,18,28,2.68,29.56,0.0,899.5,7.89,0.078
2001-07-21,37.1,19.4,28.9,38,14,25,1.25,30.02,0.0,898.5,6.84,0.077
2001-07-22,39.2,19.3,29.5,62,12,29,2.92,29.7,0.0,896.7,8.63,0.076
2001-07-23,38.2,16.6,28.0,46,10,25,2.32,30.55,0.0,897.5,8.1,0.073
2001-07-24,37.6,14.9,27.4,48,8,25,1.33,30.76,0.0,897.7,6.89,0.07
2001-07-25,38.5,16.9,28.6,56,11,31,1.97,29.65,0.0,897.1,7.31,0.07
2001-07-26,37.3,24.8,30.8,51,19,31,3.4,28.79,0.0,899.1,8.33,0.069
2001-07-27,38.2,23.4,30.6,44,16,29,2.44,28.39,0.0,898.9,7.63,0.068
2001-07-28,38.4,22.7,30.8,47,20,32,2.23,27.21,0.0,898.5,7.18,0.068
2001-07-29,37.9,24.4,31.4,53,20,32,2.35,27.0,0.0,899.1,7.25,0.068
2001-07-30,38.3,24.1,31.3,51,18,31,2.2,26.42,0.0,899.1,7.07,0.066
2001-07-31,38.9,23.4,31.1,50,16,32,1.81,27.82,0.0,898.4,6.99,0.065
2001-08-01,38.4,23.1,30.0,58,16,41,2.04,27.76,0.0,897.0,7.01,0.065
2001-08-02,35.6,20.5,28.4,61,16,41,1.55,26.15,0.0,896.9,6.12,0.066
2001-08-03,31.7,22.5,26.5,70,36,55,4.67,18.31,0.6,900.9,5.83,0.068
2001-08-04,31.3,20.2,26.0,64,30,45,4.3,27.81,0.0,903.4,7.35,0.072
2001-08-05,33.3,20.0,26.6,51,27,39,3.0,27.96,0.0,902.8,7.07,0.071
2001-08-06,35.8,20.1,28.4,51,17,34,2.23,28.12,0.0,900.7,7.08,0.07
2001-08-07,35.9,21.2,29.0,47,15,28,2.45,27.89,0.0,899.6,7.41,0.068
2001-08-08,36.2,20.8,28.9,37,15,23,2.79,28.21,0.0,899.8,7.8,0.068
2001-08-09,34.8,21.6,28.5,49,14,28,3.69,28.33,0.0,901.7,8.19,0.068
2001-08-10,34.7,20.9,28.0,48,16,33,3.23,28.11,0.0,903.6,7.65,0.067
2001-08-11,36.0,21.0,28.9,45,13,27,2.36,27.94,0.0,901.4,7.25,0.066
2001-08-12,38.2,20.4,29.8,35,14,23,2.0,27.21,0.0,896.9,7.19,0.065
2001-08-13,36.4,21.4,28.9,45,19,30,2.38,27.51,0.0,896.5,7.28,0.064
2001-08-14,34.6,19.2,27.5,56,24,37,2.24,25.05,0.0,900.3,6.55,0.063
2001-08-15,35.1,22.0,28.5,59,21,39,3.45,26.1,0.0,904.4,7.32,0.063
2001-08-16,33.8,21.1,27.5,50,17,33,3.48,26.67,0.0,903.7,7.56,0.062
2001-08-17,31.4,18.9,25.6,56,25,37,2.79,26.45,0.0,901.1,6.64,0.062
2001-08-18,32.0,19.0,25.8,44,22,33,1.85,24.24,0.1,897.9,5.88,0.062
2001-08-19,32.1,18.5,24.5,54,25,43,2.05,22.08,1.2,897.2,5.37,0.064
2001-08-20,33.2,16.1,24.7,70,17,41,1.66,25.89,0.0,899.1,5.94,0.071
2001-08-21,31.9,17.2,24.1,63,22,41,1.7,24.23,0.0,901.1,5.6,0.068
2001-08-22,31.7,15.8,24.9,66,23,39,1.53,23.37,0.0,902.1,5.39,0.066
2001-08-23,32.1,18.1,25.7,49,21,34,1.85,24.97,0.0,901.4,5.89,0.065
2001-08-24,33.2,18.4,26.2,45,18,31,1.86,25.38,0.0,900.9,6.09,0.062
2001-08-25,33.4,19.2,26.3,43,24,34,2.11,23.16,0.0,900.7,6.01,0.062
2001-08-26,32.4,19.4,25.9,45,26,34,2.91,23.03,0.0,900.0,6.4,0.062
2001-08-27,30.3,20.1,24.7,53,26,36,2.94,21.89,0.0,898.7,6.02,0.062
2001-08-28,30.9,19.2,24.8,44,24,33,2.47,23.29,0.0,896.9,6.03,0.062
2001-08-29,32.2,17.5,24.6,51,16,32,2.13,24.5,0.0,897.4,6.08,0.062
2001-08-30,32.7,15.4,24.5,40,15,25,1.94,25.34,0.0,896.9,6.24,0.059
2001-08-31,29.9,17.1,23.3,71,32,49,2.31,24.02,0.0,901.2,5.55,0.057
2001-09-01,33.3,15.6,24.4,53,22,37,1.38,24.57,0.0,901.0,5.46,0.056
2001-09-02,34.1,16.5,25.6,74,19,39,1.5,24.44,0.0,900.2,5.47,0.055
2001-09-03,34.4,18.5,25.9,73,20,39,2.03,23.7,0.1,900.1,5.98,0.052
2001-09-04,29.7,18.8,24.3,56,32,43,1.98,21.43,0.9,901.7,5.06,0.053
2001-09-05,30.8,15.8,23.4,46,23,33,1.5,24.25,0.0,899.5,5.34,0.056
2001-09-06,33.2,14.1,23.8,66,18,39,3.42,23.61,0.0,896.1,6.72,0.053
2001-09-07,28.4,19.2,23.4,64,26,43,3.72,21.07,0.0,895.0,5.79,0.053
2001-09-08,29.6,15.4,21.7,74,23,47,2.34,19.23,0.0,898.3,4.86,0.054
2001-09-09,26.1,15.1,20.4,71,25,48,1.42,21.93,0.1,901.5,4.5,0.053
2001-09-10,29.6,13.4,21.8,67,21,44,1.62,23.3,0.0,901.0,5.03,0.05
2001-09-11,30.9,12.4,21.8,83,19,48,1.78,23.21,0.0,899.4,5.15,0.047
2001-09-12,30.9,11.8,22.0,83,22,47,2.01,23.03,0.0,900.3,5.31,0.045
2001-09-13,30.2,12.7,22.1,86,20,48,1.75,22.58,0.0,900.4,4.99,0.043
2001-09-14,28.7,16.7,22.7,63,30,45,2.91,21.2,0.0,900.1,5.28,0.043
2001-09-15,28.6,15.9,22.6,62,26,42,2.19,20.88,0.0,900.2,4.86,0.042
2001-09-16,30.6,13.4,22.6,61,21,39,1.69,19.77,0.0,899.0,4.65,0.04
2001-09-17,30.6,13.2,22.0,84,9,46,1.43,22.03,0.0,900.7,4.55,0.049
2001-09-18,32.1,12.5,22.4,81,13,41,1.89,22.18,0.0,903.0,5.25,0.047
2001-09-19,32.1,15.6,23.7,37,12,24,2.74,22.17,0.0,904.2,6.1,0.047
2001-09-20,30.6,14.2,22.5,37,13,24,2.59,21.95,0.0,902.8,5.78,0.046
2001-09-21,30.5,14.0,22.6,33,19,26,2.0,21.44,0.0,900.8,5.24,0.046
2001-09-22,32.7,15.9,23.8,40,17,30,1.79,20.34,0.0,900.0,5.08,0.046
2001-09-23,31.0,15.0,23.2,69,23,42,1.78,20.77,0.0,902.4,4.82,0.046
2001-09-24,32.5,15.4,24.2,63,15,36,1.64,20.87,0.0,903.5,4.84,0.043
2001-09-25,32.9,14.5,23.7,67,18,38,1.7,20.15,0.0,902.4,4.86,0.035
2001-09-26,33.2,15.5,24.3,53,21,36,1.92,20.44,0.0,899.8,5.14,0.03
2001-09-27,31.8,13.2,22.6,73,20,44,2.4,19.86,0.2,896.2,5.09,0.025
2001-09-28,19.9,12.0,16.6,70,39,57,2.22,9.27,0.9,899.9,2.3,0.031
2001-09-29,22.4,7.1,15.3,81,33,54,1.97,19.17,0.0,902.2,3.81,0.033
2001-09-30,22.2,9.5,16.2,63,28,44,2.87,20.06,0.0,903.8,4.33,0.035
2001-10-01,23.0,7.6,15.3,60,20,39,2.09,20.19,0.0,905.8,4.15,0.033
2001-10-02,24.8,6.9,15.6,54,18,36,1.98,19.99,0.0,905.6,4.25,0.033
2001-10-03,27.3,8.5,17.7,48,14,31,2.15,19.86,0.0,906.1,4.6,0.033
2001-10-04,29.8,9.0,19.3,44,14,27,1.75,19.65,0.0,902.5,4.5,0.034
2001-10-05,26.5,8.9,17.7,86,24,51,2.65,16.93,0.0,900.7,4.09,0.03
2001-10-06,27.0,10.6,18.9,85,23,49,1.4,18.31,0.0,901.9,3.65,0.032
2001-10-07,28.2,8.9,19.1,76,20,43,1.47,18.29,0.0,901.7,3.89,0.031
2001-10-08,28.1,11.7,19.8,79,18,45,1.87,18.33,0.0,902.8,4.18,0.029
2001-10-09,29.6,11.3,20.7,49,22,32,2.01,16.76,0.0,904.1,4.26,0.029
2001-10-10,28.4,13.0,21.0,55,23,35,1.69,16.64,0.0,904.9,3.95,0.031
2001-10-11,27.2,12.3,19.7,48,23,34,3.07,17.94,0.0,904.8,4.83,0.032
2001-10-12,24.8,11.1,18.0,53,24,36,2.78,17.66,0.0,903.9,4.36,0.031
2001-10-13,24.0,9.5,17.3,57,26,40,2.73,17.39,0.0,904.7,4.11,0.03
2001-10-14,24.1,9.5,17.1,79,34,54,1.85,16.57,0.0,902.5,3.31,0.029
2001-10-15,23.8,10.1,17.3,60,27,40,1.79,14.36,0.0,900.4,3.3,0.029
2001-10-16,22.6,8.8,15.6,61,26,42,2.71,16.83,0.0,902.7,3.83,0.029
2001-10-17,20.2,7.8,14.1,69,35,49,2.63,16.49,0.0,903.6,3.42,0.029
2001-10-18,18.6,6.5,12.1,76,35,53,2.29,16.3,0.0,902.5,3.06,0.029
2001-10-19,20.3,1.8,11.0,74,22,45,1.2,17.18,0.0,903.2,3.0,0.028
2001-10-20,22.5,0.5,11.9,74,15,38,1.29,17.01,0.0,903.1,3.19,0.028
2001-10-21,21.7,1.6,12.0,51,15,31,1.37,16.42,0.0,901.6,3.07,0.028
2001-10-22,21.6,1.9,11.9,56,15,31,1.42,16.6,0.0,900.9,3.13,0.028
2001-10-23,24.1,3.4,14.0,60,21,40,2.55,15.85,0.0,899.6,3.7,0.03
2001-10-24,18.1,11.1,14.2,85,35,58,1.77,13.62,4.2,902.7,2.58,0.081
2001-10-25,14.3,7.4,11.0,71,40,55,2.83,8.38,0.0,903.1,2.06,0.089
2001-10-26,11.3,2.9,6.9,73,33,52,2.5,13.96,0.0,904.1,2.2,0.09
2001-10-27,11.5,2.0,6.9,77,41,56,2.01,13.48,0.8,903.1,2.1,0.094
2001-10-28,10.8,3.7,7.3,86,43,63,1.92,12.12,0.1,902.3,1.85,0.106
2001-10-29,11.7,0.9,6.7,84,43,62,2.19,9.0,0.0,902.2,1.6,0.11
2001-10-30,14.2,1.2,7.2,76,35,55,1.53,14.93,0.0,903.5,2.31,0.11
2001-10-31,13.5,-0.0,7.3,74,42,54,1.87,14.48,0.0,907.0,2.32,0.108
2001-11-01,16.6,2.3,9.5,84,36,59,1.39,14.55,0.0,907.6,2.29,0.106
2001-11-02,20.5,0.1,10.5,88,26,55,1.56,13.83,0.0,901.7,2.54,0.102
2001-11-03,16.0,8.1,11.9,84,52,69,1.88,9.29,4.1,898.3,1.71,0.108
2001-11-04,18.4,9.5,13.1,89,46,74,2.92,9.97,4.1,901.1,1.98,0.201
2001-11-05,18.3,7.4,12.0,96,48,78,2.92,9.63,0.9,900.4,1.88,0.196
2001-11-06,16.4,7.4,11.4,97,44,73,1.66,10.74,0.0,900.6,1.86,0.194
2001-11-07,17.7,4.2,10.4,86,41,66,1.2,13.02,0.0,902.4,1.96,0.185
2001-11-08,17.3,4.9,11.2,93,40,67,2.17,8.86,0.0,899.8,1.88,0.179
2001-11-09,13.5,9.7,11.4,92,73,86,2.2,4.03,10.7,900.4,0.82,0.235
2001-11-10,16.2,7.0,11.2,97,58,83,1.61,8.51,1.3,904.4,1.39,0.265
2001-11-11,16.8,6.5,10.5,97,47,76,2.55,10.15,0.0,907.7,1.82,0.241
2001-11-12,17.4,4.5,10.4,86,47,68,1.64,11.84,0.0,906.3,1.88,0.222
2001-11-13,22.2,3.4,11.8,89,30,63,1.85,12.38,0.0,903.0,2.37,0.207
2001-11-14,21.8,8.5,13.3,91,30,63,2.86,10.09,0.0,903.2,2.47,0.193
2001-11-15,20.3,5.4,12.0,92,33,65,1.96,11.85,0.0,905.8,2.23,0.18
2001-11-16,13.4,7.5,10.5,84,48,68,2.09,7.67,0.0,904.8,1.45,0.173
2001-11-17,6.6,-0.9,4.3,68,42,56,4.7,9.0,0.0,902.2,1.78,0.167
2001-11-18,3.7,-4.1,-0.5,67,37,53,2.87,12.45,0.0,906.7,1.55,0.166
2001-11-19,12.8,-6.0,2.0,82,28,55,1.88,12.47,0.0,903.5,1.79,0.17
2001-11-20,12.8,1.8,8.0,86,53,76,4.27,5.74,3.4,898.8,1.36,0.173
2001-11-21,9.8,-6.1,3.2,95,69,81,3.34,5.92,18.2,897.7,0.8,0.273
2001-11-22,-1.0,-7.0,-4.2,84,62,72,1.53,11.98,0.0,906.1,1.03,0.265
2001-11-23,4.6,-10.4,-3.0,93,61,81,2.1,12.25,0.0,901.5,1.11,0.254
2001-11-24,9.0,2.3,5.5,88,71,83,5.41,4.58,8.7,895.5,0.92,0.282
2001-11-25,10.7,4.4,8.2,77,45,62,5.32,10.02,16.3,891.1,2.07,0.354
2001-11-26,9.1,0.2,4.7,95,43,70,2.09,10.37,0.6,898.0,1.43,0.304
2001-11-27,10.4,-1.4,3.7,91,48,73,2.2,9.84,0.0,901.5,1.36,0.282
2001-11-28,11.4,0.5,5.1,92,53,77,1.14,9.73,0.0,905.1,1.31,0.268
2001-11-29,12.2,0.7,6.2,99,58,78,2.56,7.49,0.0,897.2,1.36,0.259
2001-11-30,10.9,6.9,8.4,82,62,70,3.35,7.08,0.2,891.8,1.46,0.252
2001-12-01,8.7,5.2,7.1,90,81,86,1.0,4.89,7.2,893.0,0.7,0.272
2001-12-02,9.4,5.4,7.5,92,75,85,3.3,3.45,14.2,892.6,0.74,0.337
2001-12-03,8.4,6.8,7.6,87,78,81,2.15,2.85,6.5,892.8,0.66,0.367
2001-12-04,8.8,6.1,7.4,87,70,81,3.07,4.33,4.4,893.8,0.84,0.361
2001-12-05,7.8,5.5,6.5,85,72,79,3.31,3.26,3.5,897.3,0.78,0.358
2001-12-06,7.9,3.9,5.6,78,56,70,1.58,5.91,0.0,897.4,0.97,0.335
2001-12-07,4.7,1.6,3.1,100,70,88,1.02,2.41,10.3,894.9,0.37,0.348
2001-12-08,7.6,3.9,5.6,94,81,89,2.34,2.86,17.7,895.3,0.56,0.382
2001-12-09,10.2,3.5,8.0,86,50,67,4.33,7.71,3.7,899.4,1.65,0.393
2001-12-10,5.2,-0.4,2.0,96,69,84,1.24,6.04,0.0,907.2,0.73,0.361
2001-12-11,4.1,2.0,2.8,98,81,89,1.53,3.28,2.8,903.4,0.46,0.356
2001-12-12,6.3,1.1,3.6,99,82,90,2.09,3.45,5.7,894.3,0.49,0.364
2001-12-13,9.0,3.6,5.4,90,53,75,1.93,7.75,0.7,894.6,1.14,0.365
2001-12-14,10.9,1.7,5.7,93,50,79,2.73,8.29,3.4,899.4,1.23,0.363
2001-12-15,1.2,-2.0,-0.1,81,65,75,1.44,5.85,0.2,906.6,0.65,0.35
2001-12-16,6.7,-5.1,1.2,89,52,73,2.42,8.75,0.0,901.9,1.16,0.341
2001-12-17,10.2,6.5,7.9,84,72,79,5.66,3.45,4.4,896.5,1.09,0.358
2001-12-18,9.0,4.9,7.3,84,55,72,5.28,4.0,17.6,892.3,1.22,0.395
2001-12-19,4.9,-2.8,0.3,93,57,75,2.45,9.07,3.2,896.5,0.89,0.381
2001-12-20,-2.2,-7.5,-5.0,81,58,72,1.14,9.37,0.0,904.7,0.78,0.363
2001-12-21,2.1,-9.4,-4.0,83,50,71,1.61,8.94,0.0,905.6,0.89,0.355
2001-12-22,6.8,-1.9,2.3,90,66,80,3.43,5.83,4.1,901.7,0.86,0.354
2001-12-23,10.0,1.9,5.1,92,62,82,2.16,8.66,0.6,902.4,1.09,0.368
2001-12-24,9.2,1.3,5.1,95,59,79,2.86,5.75,0.0,903.9,1.0,0.347
2001-12-25,13.2,6.6,10.1,84,56,70,5.99,6.29,1.4,897.3,1.89,0.337
2001-12-26,12.0,5.5,9.3,88,56,72,2.84,9.48,1.8,894.3,1.6,0.348
2001-12-27,10.4,4.3,7.5,92,73,83,3.89,3.37,7.1,894.7,0.81,0.36
2001-12-28,13.1,7.7,10.4,78,40,61,4.25,9.13,0.1,894.8,2.12,0.361
2001-12-29,8.3,0.5,6.0,81,50,70,2.39,9.12,1.0,898.3,1.29,0.349
2001-12-30,10.1,-3.1,2.0,91,30,70,2.18,10.59,0.0,901.6,1.43,0.337
2001-12-31,11.3,0.5,5.5,86,51,70,2.25,7.94,0.0,902.3,1.31,0.325
2002-01-01,11.8,6.0,8.5,81,59,73,3.56,4.52,1.6,898.6,1.17,0.323
2002-01-02,7.1,-5.0,-0.0,95,78,85,3.95,3.77,12.3,894.3,0.5,0.355
2002-01-03,-2.5,-9.3,-6.1,84,43,68,2.15,11.44,0.3,898.6,0.86,0.337
2002-01-04,4.7,-10.6,-4.8,89,65,75,3.18,4.75,12.5,897.2,0.58,0.327
2002-01-05,4.6,-5.9,-1.2,89,77,84,3.13,7.27,16.4,894.1,0.63,0.376
2002-01-06,-3.1,-6.3,-4.9,88,79,84,1.98,7.3,3.5,893.9,0.55,0.352
2002-01-07,-3.5,-8.5,-5.8,87,66,80,2.83,8.47,0.3,896.6,0.62,0.341
2002-01-08,-3.4,-13.6,-8.1,86,70,78,2.16,10.3,0.0,902.5,0.77,0.333
2002-01-09,-4.5,-9.5,-5.9,83,74,79,4.21,9.6,0.7,903.8,0.63,0.328
2002-01-10,-6.1,-14.5,-10.9,80,54,69,2.33,11.6,0.0,909.3,0.79,0.324
2002-01-11,-3.8,-16.7,-10.9,75,58,67,2.19,10.93,0.0,909.6,0.8,0.319
2002-01-12,-2.1,-14.3,-9.0,78,52,67,1.63,11.88,0.0,908.3,0.9,0.316
2002-01-13,-4.1,-13.6,-9.3,82,61,74,0.88,12.2,0.0,908.0,0.84,0.309
2002-01-14,-4.5,-12.9,-9.0,85,71,78,0.55,11.46,0.0,906.3,0.8,0.307
2002-01-15,-3.5,-10.3,-7.4,92,76,83,0.49,10.05,0.0,903.4,0.75,0.303
2002-01-16,0.1,-14.9,-7.2,97,73,88,1.03,11.68,0.0,903.2,0.87,0.301
2002-01-17,0.3,-10.8,-6.3,98,68,87,1.29,11.39,0.0,907.2,0.92,0.303
2002-01-18,1.9,-13.8,-6.8,93,67,84,1.25,12.3,0.0,903.6,1.02,0.306
2002-01-19,2.0,-10.9,-4.8,98,80,91,1.67,10.3,0.0,900.3,0.86,0.316
2002-01-20,2.0,-5.4,-0.9,96,85,91,1.45,8.38,0.5,899.7,0.79,0.332
2002-01-21,2.7,-2.5,0.4,95,73,87,0.85,7.09,0.0,901.0,0.73,0.34
2002-01-22,2.9,-5.8,-0.6,90,72,81,1.92,11.13,0.1,898.5,1.03,0.343
2002-01-23,2.7,-7.1,-2.6,92,59,79,1.43,12.08,0.0,904.7,1.12,0.34
2002-01-24,2.7,-9.1,-4.3,93,48,76,1.28,12.33,0.0,907.4,1.15,0.339
2002-01-25,3.0,-8.3,-2.9,97,72,87,1.82,11.29,0.0,905.7,1.02,0.34
2002-01-26,6.2,-4.5,0.1,97,64,85,1.04,12.6,0.0,908.6,1.34,0.35
2002-01-27,3.5,-4.6,-1.1,98,78,90,1.21,10.74,0.0,906.0,1.06,0.357
2002-01-28,5.0,-5.7,-0.9,97,57,81,1.13,12.94,0.0,900.5,1.34,0.348
2002-01-29,3.8,-2.8,0.2,87,56,74,1.76,12.22,0.0,907.1,1.25,0.35
2002-01-30,8.2,-6.2,-0.6,92,50,76,1.71,13.76,0.0,910.0,1.57,0.352
2002-01-31,9.9,-6.1,0.2,86,38,66,1.54,13.89,0.0,908.8,1.74,0.355
2002-02-01,12.6,-6.2,0.9,90,33,68,1.47,14.17,0.0,907.4,1.82,0.358
2002-02-02,10.1,-5.3,1.4,91,42,68,1.29,14.21,0.0,908.8,1.79,0.358
2002-02-03,9.2,-1.8,2.3,79,41,65,2.13,14.38,0.0,911.9,1.89,0.353
2002-02-04,9.4,-3.2,2.0,80,40,63,1.25,14.48,0.0,909.7,1.81,0.347
2002-02-05,12.4,-4.0,2.9,91,37,70,1.16,13.47,0.0,906.8,1.81,0.342
2002-02-06,12.6,-0.4,4.6,96,33,72,1.24,10.05,0.0,904.5,1.51,0.338
2002-02-07,13.3,-2.3,5.0,90,37,67,1.08,14.85,0.0,902.8,1.99,0.332
2002-02-08,13.3,-1.6,5.0,86,46,69,1.18,14.92,0.0,904.1,2.02,0.324
2002-02-09,15.3,-2.1,5.3,91,32,66,1.4,15.28,0.0,900.9,2.21,0.318
2002-02-10,11.6,0.7,5.9,77,48,66,1.59,13.34,0.0,898.8,1.91,0.312
2002-02-11,6.6,3.6,4.9,96,75,89,1.5,3.56,13.8,888.5,0.51,0.378
2002-02-12,6.6,2.0,4.2,91,68,81,2.6,4.11,2.9,894.3,0.72,0.379
2002-02-13,11.2,-2.2,3.0,90,38,72,1.33,15.61,0.0,899.4,1.93,0.362
2002-02-14,15.2,-2.1,5.1,90,38,68,1.71,15.86,0.0,901.8,2.34,0.348
2002-02-15,15.7,1.1,7.1,95,39,70,1.71,14.86,0.0,905.6,2.27,0.337
2002-02-16,10.6,1.7,5.3,91,53,74,1.65,10.23,0.0,908.4,1.5,0.33
2002-02-17,9.5,0.3,4.4,88,29,60,2.78,16.52,0.0,909.6,2.26,0.322
2002-02-18,10.7,-3.1,3.6,68,22,47,1.7,17.01,0.0,911.0,2.33,0.312
2002-02-19,15.2,-3.4,4.8,80,23,53,1.47,16.78,0.0,907.2,2.51,0.306
2002-02-20,16.5,-1.8,6.4,82,28,61,2.38,15.3,0.0,901.5,2.6,0.3
2002-02-21,15.7,2.7,8.5,86,25,61,2.26,11.8,0.0,898.6,2.31,0.293
2002-02-22,16.5,4.0,9.9,80,31,55,2.29,16.05,0.0,897.2,2.86,0.286
2002-02-23,16.2,0.9,8.3,82,37,62,3.18,15.16,0.0,897.2,2.68,0.279
2002-02-24,11.8,4.9,7.9,81,51,67,2.18,8.19,2.2,887.2,1.52,0.29
2002-02-25,13.1,1.3,6.7,92,46,72,3.99,12.68,1.7,889.2,2.13,0.3
2002-02-26,7.8,-1.6,2.1,69,30,52,2.55,18.23,0.0,900.7,2.24,0.31
2002-02-27,13.9,-3.2,4.5,79,31,58,1.76,18.39,0.0,903.2,2.65,0.3
2002-02-28,16.6,-1.1,6.6,94,24,62,2.04,17.93,0.0,902.6,2.86,0.29
2002-03-01,18.1,1.0,8.8,89,33,64,1.36,17.91,0.0,903.7,2.72,0.278
2002-03-02,20.9,-0.5,9.6,93,18,60,1.28,18.76,0.0,904.0,3.03,0.268
2002-03-03,23.4,1.3,10.8,83,14,55,2.0,19.36,0.0,901.8,3.66,0.256
2002-03-04,20.5,1.1,10.6,92,17,58,1.12,18.2,0.0,900.6,2.95,0.246
2002-03-05,19.0,5.8,12.2,71,31,51,1.5,19.0,0.0,905.7,3.23,0.236
2002-03-06,20.3,3.6,11.9,79,16,48,1.37,19.72,0.0,909.3,3.41,0.226
2002-03-07,22.1,3.0,12.1,77,14,46,1.57,19.89,0.0,907.7,3.6,0.219
2002-03-08,22.7,3.1,12.8,85,21,52,1.4,19.76,0.0,902.8,3.53,0.212
2002-03-09,17.0,7.1,12.0,69,33,50,3.16,18.0,0.0,905.9,3.46,0.202
2002-03-10,21.8,2.9,11.8,80,22,48,1.78,19.31,0.0,905.6,3.68,0.195
2002-03-11,23.6,9.3,15.9,56,15,32,4.14,15.0,0.0,901.5,4.88,0.184
2002-03-12,19.5,8.2,14.1,68,23,46,3.17,18.87,0.1,900.0,4.08,0.176
2002-03-13,16.7,4.6,10.0,91,34,65,1.58,16.66,0.0,899.3,2.8,0.172
2002-03-14,15.8,6.4,10.5,84,47,69,1.22,14.94,2.6,899.0,2.45,0.171
2002-03-15,18.1,7.9,12.1,89,22,60,1.06,15.72,0.4,899.6,2.51,0.189
2002-03-16,18.2,4.5,11.3,78,22,48,1.92,18.94,0.0,898.1,3.52,0.183
2002-03-17,15.9,6.3,10.8,70,37,51,2.77,19.09,0.2,897.5,3.34,0.174
2002-03-18,15.8,5.1,9.8,79,39,59,1.63,19.56,2.0,895.0,3.12,0.171
2002-03-19,13.7,5.4,8.7,86,48,73,1.7,16.19,2.6,893.0,2.42,0.182
2002-03-20,16.4,1.4,8.9,91,21,59,1.85,21.09,0.1,893.5,3.44,0.186
2002-03-21,10.1,4.6,7.6,81,40,64,3.38,14.78,3.9,894.2,2.24,0.213
2002-03-22,14.1,1.8,7.2,79,26,54,2.45,20.64,0.0,897.2,3.0,0.215
2002-03-23,12.7,3.6,7.5,82,46,65,5.73,12.11,8.1,888.3,2.16,0.233
2002-03-24,11.0,6.6,8.6,87,51,67,4.95,7.89,6.6,886.0,1.89,0.297
2002-03-25,11.3,5.1,8.4,77,37,56,5.43,19.72,1.5,885.4,3.22,0.314
2002-03-26,10.0,2.0,5.9,87,44,67,2.43,21.47,0.2,887.5,2.84,0.295
2002-03-27,8.4,1.7,4.8,84,47,65,1.95,14.54,0.1,893.8,2.03,0.283
2002-03-28,8.1,2.0,4.8,71,40,57,2.27,17.68,0.1,895.6,2.48,0.27
2002-03-29,8.0,1.7,4.5,69,33,52,2.93,17.88,0.0,897.5,2.58,0.259
2002-03-30,8.9,-0.7,4.2,77,40,60,1.28,17.11,0.3,899.6,2.25,0.251
2002-03-31,11.8,2.3,7.1,91,46,72,1.62,13.16,4.4,897.4,1.93,0.257
2002-04-01,14.5,2.3,7.9,95,52,80,2.76,12.77,12.1,893.1,1.85,0.343
2002-04-02,10.9,2.5,6.5,94,51,75,1.36,19.25,3.0,894.1,2.67,0.34
2002-04-03,14.0,5.4,9.4,85,48,69,1.95,10.47,0.2,896.2,1.87,0.328
2002-04-04,14.1,6.4,9.9,89,48,70,2.45,16.17,0.8,892.4,2.6,0.312
2002-04-05,20.4,5.9,13.0,91,30,60,3.84,22.97,0.0,891.6,4.39,0.298
2002-04-06,17.5,7.7,12.5,79,31,56,4.26,21.94,1.0,889.7,4.08,0.288
2002-04-07,17.3,5.7,11.1,87,28,58,1.68,20.71,0.1,897.6,3.5,0.291
2002-04-08,15.2,4.2,9.5,90,32,61,1.87,20.06,0.0,898.9,3.12,0.279
2002-04-09,13.3,2.6,7.8,66,26,47,1.77,25.42,0.0,900.3,3.82,0.266
2002-04-10,17.6,2.0,9.9,77,30,48,1.1,25.2,0.0,900.2,4.0,0.253
2002-04-11,21.5,5.0,13.1,82,29,54,1.16,23.28,1.2,899.8,4.08,0.243
2002-04-12,22.8,5.8,14.6,91,16,57,1.19,21.73,0.0,900.3,3.86,0.237
2002-04-13,19.9,10.7,15.0,79,47,62,2.17,13.14,0.3,900.5,2.8,0.228
2002-04-14,25.2,10.5,17.2,84,23,54,2.8,24.47,0.0,898.7,5.18,0.223
2002-04-15,22.5,7.0,14.7,84,28,55,2.18,19.47,0.0,895.9,4.14,0.213
2002-04-16,21.0,11.1,14.8,85,40,66,3.83,17.86,2.6,893.5,3.6,0.213
2002-04-17,17.6,8.9,12.9,84,46,66,2.17,16.73,1.5,891.8,2.97,0.233
2002-04-18,17.4,10.4,12.8,82,50,73,1.28,16.56,7.4,891.9,2.77,0.302
2002-04-19,16.3,6.1,10.6,95,44,70,1.95,21.06,1.7,891.8,3.36,0.31
2002-04-20,15.2,3.3,9.4,91,41,67,1.33,22.94,0.7,894.4,3.51,0.298
2002-04-21,15.2,7.4,11.1,87,63,76,2.19,16.32,4.7,898.3,2.53,0.294
2002-04-22,13.7,9.1,10.8,87,56,74,2.42,18.95,2.3,899.8,2.84,0.303
2002-04-23,15.1,6.0,10.8,90,34,61,1.45,20.1,0.7,900.0,3.28,0.301
2002-04-24,14.0,8.0,10.6,84,48,62,1.68,19.49,4.3,896.1,3.04,0.295
2002-04-25,15.0,6.9,10.8,89,49,69,1.52,22.05,0.7,898.0,3.35,0.302
2002-04-26,16.6,6.9,11.1,82,49,69,1.4,21.89,2.9,898.8,3.43,0.3
2002-04-27,17.9,3.4,10.3,95,36,73,1.51,23.45,3.0,899.7,3.75,0.3
2002-04-28,19.2,3.8,11.9,91,28,62,1.21,25.79,0.0,901.2,4.22,0.289
2002-04-29,19.3,6.8,12.7,80,36,63,1.1,21.78,2.1,901.0,3.7,0.275
2002-04-30,18.7,5.6,12.9,90,36,62,1.3,18.68,0.0,901.1,3.25,0.272
2002-05-01,20.4,8.5,13.7,85,39,64,1.75,22.93,8.9,898.7,4.05,0.274
2002-05-02,17.9,9.4,12.9,88,45,71,1.82,18.94,14.3,898.0,3.18,0.379
2002-05-03,20.7,8.0,14.5,77,32,53,2.6,28.05,0.0,900.2,4.91,0.332
2002-05-04,23.2,6.8,15.7,84,32,53,1.82,27.54,0.0,899.9,5.22,0.301
2002-05-05,20.8,7.7,14.7,77,32,56,1.97,24.96,0.2,899.2,4.58,0.28
2002-05-06,22.0,7.9,15.6,75,35,54,1.19,26.0,0.0,900.7,4.76,0.265
2002-05-07,21.8,9.9,16.3,80,32,55,2.1,25.23,0.0,901.0,4.83,0.249
2002-05-08,19.4,9.6,14.5,64,24,46,3.32,26.85,0.0,902.9,5.07,0.235
2002-05-09,21.4,6.9,14.8,73,30,48,1.88,28.05,0.0,901.6,5.19,0.222
2002-05-10,20.6,7.6,14.9,77,31,50,2.24,27.6,0.0,898.8,5.04,0.21
2002-05-11,23.5,6.9,15.9,71,29,48,1.36,27.82,0.1,899.1,5.21,0.204
2002-05-12,24.2,9.9,16.4,87,32,62,1.68,24.92,2.4,899.2,4.65,0.208
2002-05-13,25.9,8.2,16.7,88,21,54,2.17,26.07,0.2,898.8,5.42,0.222
2002-05-14,20.7,6.5,13.5,84,31,63,1.9,24.8,4.8,895.1,4.37,0.208
2002-05-15,19.8,11.4,15.1,84,30,57,3.96,20.7,0.2,899.3,4.14,0.214
2002-05-16,22.2,8.4,15.5,68,23,45,2.95,29.03,0.0,902.3,5.64,0.202
2002-05-17,23.8,10.0,17.0,64,28,41,1.97,26.37,0.4,902.6,5.31,0.183
2002-05-18,23.2,9.5,16.3,79,33,55,1.78,26.55,0.3,901.2,5.11,0.174
2002-05-19,25.5,8.6,17.4,86,22,54,2.1,28.1,0.4,900.5,5.61,0.167
2002-05-20,26.0,9.4,19.0,87,24,47,1.88,28.5,0.0,900.6,5.72,0.155
2002-05-21,27.1,9.4,19.2,77,19,43,1.9,27.65,0.3,898.7,5.9,0.146
2002-05-22,25.5,9.8,17.1,82,24,54,1.83,26.19,0.8,896.6,5.17,0.141
2002-05-23,21.3,11.0,15.9,80,40,63,1.71,18.32,1.6,897.0,3.54,0.148
2002-05-24,24.3,11.7,17.6,86,28,57,2.63,21.69,0.0,898.0,4.51,0.163
2002-05-25,28.1,9.6,19.3,83,24,51,1.31,29.69,0.0,901.3,5.7,0.159
2002-05-26,30.9,12.4,21.8,81,21,48,2.31,28.62,0.0,899.8,6.55,0.145
2002-05-27,28.7,10.8,20.3,83,19,47,2.94,30.13,0.0,896.8,6.78,0.133
2002-05-28,27.0,11.1,19.5,84,29,52,2.43,26.98,0.0,898.1,5.85,0.122
2002-05-29,29.8,10.4,21.1,86,23,45,3.45,29.84,0.0,898.9,7.16,0.117
2002-05-30,27.9,10.2,19.6,78,19,42,2.99,28.54,0.3,896.9,6.61,0.11
2002-05-31,23.9,13.4,18.5,73,34,52,2.09,22.9,0.1,899.0,4.95,0.109
2002-06-01,20.2,11.9,16.1,88,40,61,2.77,20.16,4.3,901.0,4.1,0.123
2002-06-02,23.3,9.0,16.1,93,19,52,2.25,25.22,0.0,901.0,4.95,0.165
2002-06-03,26.1,8.6,18.0,66,24,41,1.91,28.56,0.1,900.5,5.94,0.154
2002-06-04,25.1,10.1,17.7,82,28,51,1.86,26.87,0.4,898.2,5.45,0.148
2002-06-05,24.2,11.2,17.7,80,32,53,2.28,25.15,0.2,898.5,5.2,0.149
2002-06-06,27.3,10.0,19.4,79,22,44,2.12,27.43,0.0,903.0,5.87,0.146
2002-06-07,31.5,12.2,22.3,70,20,42,1.54,29.87,0.0,906.5,6.33,0.141
2002-06-08,33.7,14.2,24.4,74,18,42,1.55,29.38,0.0,904.4,6.56,0.139
2002-06-09,34.0,15.4,25.5,77,18,43,1.53,28.62,0.0,902.4,6.59,0.136
2002-06-10,35.6,15.8,26.2,81,17,41,2.61,28.91,0.0,899.0,7.55,0.13
2002-06-11,29.2,16.4,22.7,59,20,38,4.24,28.02,0.2,893.3,7.38,0.12
2002-06-12,24.9,13.8,20.0,63,34,46,1.81,20.65,0.0,897.5,4.65,0.119
2002-06-13,26.9,13.7,20.7,71,27,47,2.84,25.9,0.0,901.1,6.03,0.117
2002-06-14,27.8,16.0,21.9,57,25,41,2.77,23.84,0.0,901.0,5.84,0.111
2002-06-15,28.5,15.0,21.9,53,17,36,2.57,30.28,0.0,900.6,6.85,0.108
2002-06-16,29.1,17.4,23.1,58,13,32,3.32,30.1,0.0,900.6,7.39,0.107
2002-06-17,29.2,16.4,23.1,52,16,30,3.15,30.61,0.0,900.2,7.36,0.106
2002-06-18,27.1,18.0,22.4,49,31,38,3.98,20.06,0.0,899.7,6.02,0.105
2002-06-19,22.6,13.2,18.7,53,28,38,5.36,26.01,0.0,900.5,6.55,0.105
2002-06-20,22.5,13.4,18.3,59,34,44,5.22,18.08,0.0,902.4,5.17,0.106
2002-06-21,22.3,13.4,18.7,56,38,46,4.96,14.44,0.0,901.5,4.6,0.108
2002-06-22,29.0,15.3,21.6,73,25,49,2.33,23.91,0.0,900.9,5.37,0.108
2002-06-23,31.7,18.1,24.6,58,20,40,3.4,28.41,0.1,901.8,7.28,0.105
2002-06-24,32.4,17.8,24.8,61,19,39,3.11,29.84,0.0,904.4,7.19,0.104
2002-06-25,34.4,18.2,26.8,56,20,35,1.64,27.9,0.0,902.3,6.57,0.105
2002-06-26,32.7,20.9,26.6,64,28,42,2.37,26.78,0.2,899.5,6.72,0.106
2002-06-27,28.9,20.0,24.7,64,27,42,3.37,25.16,0.0,899.5,6.41,0.107
2002-06-28,29.0,17.9,23.6,67,27,44,2.77,27.18,0.0,901.0,6.23,0.106
2002-06-29,32.1,16.5,25.1,61,18,37,1.65,30.46,0.0,902.3,6.68,0.108
2002-06-30,33.5,17.3,26.1,58,15,33,1.62,30.1,0.0,902.6,6.83,0.108
2002-07-01,33.5,17.3,26.2,55,18,34,2.33,27.85,0.0,900.7,7.09,0.111
2002-07-02,28.5,17.6,23.1,63,28,46,2.1,23.9,1.6,899.7,5.54,0.12
2002-07-03,30.5,17.8,23.8,61,23,42,3.61,29.69,0.0,901.9,7.16,0.125
2002-07-04,30.7,18.1,24.4,59,19,36,2.64,30.39,0.0,902.2,7.05,0.124
2002-07-05,33.3,16.7,25.7,61,19,35,1.55,30.58,0.0,901.3,6.86,0.127
2002-07-06,33.2,18.2,26.3,46,16,30,2.33,30.55,0.0,901.7,7.48,0.129
2002-07-07,33.3,18.2,26.6,46,21,32,2.19,30.37,0.0,899.4,7.21,0.125
2002-07-08,33.8,18.4,26.4,59,21,36,1.72,28.86,0.0,896.2,6.83,0.122
2002-07-09,32.6,17.8,25.4,71,20,39,2.23,29.96,0.0,895.2,7.16,0.118
2002-07-10,29.6,16.4,23.7,70,24,43,1.83,25.7,0.0,896.0,6.0,0.11
2002-07-11,29.2,19.2,23.4,68,35,53,1.63,23.02,0.3,896.7,5.22,0.111
2002-07-12,30.8,17.8,23.3,79,28,59,1.58,22.94,2.0,897.2,5.04,0.119
2002-07-13,29.2,17.6,23.1,87,38,65,1.56,22.22,5.1,898.8,4.8,0.137
2002-07-14,29.5,18.3,24.2,88,29,57,2.44,23.98,0.0,900.6,5.64,0.138
2002-07-15,31.4,19.9,25.9,71,23,46,3.67,27.07,0.0,901.5,7.09,0.126
2002-07-16,33.1,20.6,27.1,51,18,35,3.34,27.72,0.0,901.4,7.49,0.108
2002-07-17,35.3,19.5,27.7,56,16,35,1.84,29.58,0.0,900.5,7.06,0.103
2002-07-18,36.5,18.8,28.4,63,16,35,2.06,29.58,0.0,898.7,7.48,0.103
2002-07-19,36.4,17.7,27.9,65,10,34,1.92,30.46,0.0,899.1,7.41,0.1
2002-07-20,36.2,17.9,28.1,64,13,35,1.21,29.87,0.0,900.1,6.68,0.097
2002-07-21,36.8,19.0,28.1,63,13,34,1.55,29.25,0.0,897.1,6.98,0.095
2002-07-22,34.7,22.1,27.9,61,23,42,2.92,27.25,0.0,896.2,7.2,0.094
2002-07-23,31.4,22.5,26.9,59,20,39,3.41,26.59,0.0,897.1,7.24,0.094
2002-07-24,28.8,19.9,24.5,60,23,38,3.93,28.11,0.0,898.6,7.17,0.093
2002-07-25,29.0,18.0,23.4,47,19,32,2.62,29.56,0.0,899.6,6.87,0.092
2002-07-26,34.0,16.8,25.9,45,21,31,2.22,29.13,0.0,898.3,7.17,0.092
2002-07-27,33.9,17.2,26.0,65,18,40,2.29,27.79,0.0,899.3,6.97,0.088
2002-07-28,34.5,17.8,26.6,78,19,43,2.71,27.49,0.2,904.6,7.13,0.087
2002-07-29,36.0,19.2,27.9,55,17,35,2.2,26.9,0.0,905.4,6.98,0.088
2002-07-30,36.8,17.6,28.1,53,17,31,3.57,29.11,0.0,901.8,8.56,0.087
2002-07-31,37.2,17.7,27.8,52,16,31,2.89,28.14,0.0,900.9,7.9,0.086
2002-08-01,36.3,18.6,27.7,51,16,31,3.33,28.87,0.0,900.0,8.25,0.087
2002-08-02,33.6,17.0,26.1,61,21,38,2.17,28.07,0.0,898.3,6.94,0.085
2002-08-03,30.4,22.7,26.6,55,29,38,2.46,22.54,0.0,898.8,5.91,0.085
2002-08-04,31.3,20.9,26.1,54,27,39,2.44,25.32,0.0,899.1,6.35,0.085
2002-08-05,31.5,19.6,26.0,61,28,42,1.95,24.85,0.0,899.9,6.02,0.088
2002-08-06,31.7,19.3,25.9,50,24,36,2.71,26.8,0.0,899.9,6.94,0.088
2002-08-07,31.2,17.2,24.7,63,26,43,1.83,26.74,0.0,897.9,6.15,0.087
2002-08-08,33.1,16.8,25.9,67,22,41,3.13,28.33,0.0,893.5,7.33,0.086
2002-08-09,30.1,19.6,24.8,62,27,44,2.3,24.76,0.0,896.7,6.01,0.086
2002-08-10,32.2,17.3,25.0,62,25,43,1.72,26.73,0.0,900.4,6.0,0.085
2002-08-11,33.8,19.4,26.6,53,16,35,2.42,27.5,0.0,902.9,6.94,0.082
2002-08-12,36.4,18.9,28.0,52,15,30,2.04,27.81,0.0,903.0,6.89,0.081
2002-08-13,38.2,20.1,29.3,54,16,30,2.61,26.59,0.0,898.7,7.54,0.079
2002-08-14,33.2,19.3,26.6,62,30,43,2.29,26.54,0.0,894.5,6.57,0.077
2002-08-15,30.9,20.3,25.5,56,24,37,2.5,24.97,0.0,895.7,6.28,0.078
2002-08-16,30.7,19.8,25.1,47,23,34,2.29,24.29,0.0,894.3,6.21,0.078
2002-08-17,28.5,19.3,24.0,52,28,40,2.13,23.71,0.0,894.9,5.65,0.076
2002-08-18,28.9,18.5,23.5,67,34,50,1.84,23.18,0.2,896.4,5.25,0.078
2002-08-19,29.0,17.7,21.9,73,33,55,1.82,21.8,0.8,897.5,4.77,0.088
2002-08-20,27.5,14.9,21.5,85,28,55,1.68,23.73,0.0,899.1,4.98,0.101
2002-08-21,28.6,16.1,22.2,77,34,54,1.73,20.45,0.0,899.1,4.6,0.103
2002-08-22,29.3,15.8,22.7,84,25,53,1.81,21.52,0.0,900.0,4.87,0.104
2002-08-23,30.9,17.3,24.3,58,22,41,1.9,21.68,0.0,902.1,5.25,0.1
2002-08-24,31.6,17.1,24.6,58,17,36,2.23,25.44,0.0,903.4,6.2,0.096
2002-08-25,29.0,16.4,23.2,47,19,34,3.1,25.53,0.0,903.1,6.44,0.094
2002-08-26,27.0,16.0,21.4,55,21,38,3.59,25.91,0.0,903.2,6.28,0.092
2002-08-27,25.5,14.6,19.9,62,21,40,3.29,26.04,0.0,902.0,5.9,0.091
2002-08-28,25.8,13.4,19.4,66,21,42,2.77,25.86,0.0,901.4,5.6,0.09
2002-08-29,27.2,13.3,19.9,56,16,36,2.26,25.89,0.0,901.5,5.67,0.09
2002-08-30,30.0,11.9,21.4,45,20,29,1.18,25.38,0.0,901.0,5.27,0.091
2002-08-31,31.1,14.6,23.1,72,23,43,1.86,22.73,0.0,898.9,5.4,0.087
2002-09-01,29.1,15.9,22.4,79,27,51,2.51,20.96,0.0,900.0,5.15,0.085
2002-09-02,29.3,13.2,21.6,87,26,54,2.01,20.1,0.0,902.7,4.81,0.083
2002-09-03,29.1,15.6,22.6,75,26,51,1.73,20.29,0.0,903.6,4.65,0.082
2002-09-04,28.8,16.2,22.4,75,32,51,1.76,21.25,0.2,901.5,4.82,0.081
2002-09-05,28.2,16.2,22.1,81,27,54,1.22,20.69,0.0,900.0,4.38,0.085
2002-09-06,26.1,17.4,20.8,77,39,60,1.81,17.28,1.4,899.7,3.78,0.095
2002-09-07,26.9,13.8,19.9,90,34,63,1.61,19.32,0.1,900.7,4.05,0.116
2002-09-08,26.8,13.9,19.1,89,37,65,1.28,18.95,1.5,901.4,3.78,0.124
2002-09-09,25.9,11.0,18.3,94,33,64,1.49,20.94,0.0,901.4,4.19,0.138
2002-09-10,25.2,13.3,18.6,82,38,61,1.67,20.33,2.3,899.0,4.1,0.144
2002-09-11,25.3,12.6,18.0,85,37,64,1.56,20.16,1.6,897.2,3.92,0.171
2002-09-12,24.2,11.8,17.3,81,37,62,1.65,19.08,2.1,899.8,3.8,0.189
2002-09-13,26.6,10.7,18.5,91,32,61,1.36,21.98,0.0,903.8,4.33,0.192
2002-09-14,27.5,12.6,20.1,83,33,56,2.23,20.78,0.5,902.6,4.68,0.18
2002-09-15,27.2,13.6,19.8,88,35,62,2.6,19.61,0.0,902.0,4.42,0.167
2002-09-16,26.9,13.5,19.7,84,30,53,3.88,20.73,0.2,901.8,5.2,0.163
2002-09-17,27.5,10.9,19.2,82,31,53,2.02,21.1,0.0,900.3,4.59,0.157
2002-09-18,23.5,13.4,18.3,72,32,49,2.91,20.12,0.0,899.2,4.55,0.149
2002-09-19,20.5,9.8,15.3,64,24,42,2.46,22.13,0.0,903.1,4.38,0.143
2002-09-20,24.3,8.2,16.3,65,16,41,1.42,22.16,0.0,903.8,4.2,0.142
2002-09-21,27.6,8.9,18.1,64,18,40,1.14,21.86,0.0,902.6,4.17,0.143
2002-09-22,29.6,8.4,18.8,84,23,51,1.38,21.38,0.0,901.7,4.28,0.142
2002-09-23,30.6,10.8,20.0,85,26,54,1.78,20.57,0.0,901.2,4.51,0.14
2002-09-24,29.9,10.8,20.1,96,18,57,1.52,20.89,0.0,903.6,4.35,0.137
2002-09-25,30.1,13.2,21.2,72,22,47,1.28,20.44,0.0,903.8,4.25,0.139
2002-09-26,31.1,14.8,22.2,68,25,44,2.36,18.49,0.0,901.2,4.86,0.139
2002-09-27,29.1,11.6,20.2,74,24,48,2.41,18.84,0.0,900.0,4.58,0.131
2002-09-28,28.8,12.2,19.9,85,27,57,1.88,19.48,0.0,903.8,4.27,0.125
2002-09-29,28.5,13.0,20.3,77,30,54,2.08,16.73,1.0,905.9,3.99,0.127
2002-09-30,29.7,14.7,21.4,81,28,53,1.63,17.74,0.7,904.9,4.07,0.129
2002-10-01,27.0,13.2,18.5,75,33,59,2.92,12.99,0.0,900.6,3.38,0.134
2002-10-02,23.4,10.6,16.4,92,33,66,1.77,15.68,0.2,900.7,3.17,0.132
2002-10-03,19.0,10.9,14.1,69,32,54,2.75,13.38,0.2,904.6,2.99,0.136
2002-10-04,19.8,7.6,13.7,77,35,55,1.7,19.16,0.0,904.2,3.4,0.135
2002-10-05,23.3,8.0,15.2,73,29,49,0.91,19.06,0.0,903.8,3.3,0.138
2002-10-06,24.5,7.8,15.6,79,24,50,2.0,16.77,0.0,902.1,3.68,0.139
2002-10-07,23.7,10.2,16.9,77,25,49,3.01,18.56,0.0,901.2,4.29,0.132
2002-10-08,24.3,9.6,16.6,78,29,55,2.03,16.94,0.0,902.7,3.64,0.127
2002-10-09,23.2,8.1,16.2,85,31,57,1.31,17.65,0.0,904.3,3.37,0.126
2002-10-10,25.3,11.2,17.7,67,24,46,1.22,18.14,0.0,906.8,3.52,0.131
2002-10-11,27.0,9.0,17.8,70,21,43,1.23,18.2,0.0,906.5,3.64,0.134
2002-10-12,31.2,7.9,18.6,80,18,43,1.51,17.77,0.0,901.9,3.88,0.135
2002-10-13,27.9,10.7,18.9,71,25,47,1.97,10.92,0.0,898.8,3.16,0.137
2002-10-14,24.6,13.1,18.4,74,41,55,1.88,11.89,0.5,897.8,2.8,0.132
2002-10-15,21.9,10.3,15.6,93,35,67,1.51,14.65,0.0,897.9,2.7,0.13
2002-10-16,20.3,12.3,15.5,90,47,69,2.4,11.6,0.0,900.8,2.37,0.133
2002-10-17,23.2,9.5,16.0,84,38,62,1.71,16.55,0.0,902.8,3.11,0.138
2002-10-18,26.8,9.1,17.2,86,24,57,1.0,16.57,0.0,903.8,3.01,0.139
2002-10-19,27.2,9.3,17.5,86,22,56,1.28,16.57,0.0,902.5,3.19,0.137
2002-10-20,22.2,9.6,14.9,89,27,61,2.34,11.31,0.6,898.6,2.75,0.135
2002-10-21,15.9,7.2,11.6,80,35,57,3.0,15.27,0.0,904.1,2.82,0.141
2002-10-22,18.2,4.2,10.6,76,26,52,1.35,16.24,0.0,904.4,2.69,0.141
2002-10-23,24.1,5.8,14.0,76,22,49,1.12,15.45,0.0,902.6,2.81,0.144
2002-10-24,27.6,6.8,16.2,84,23,53,1.65,15.34,0.0,901.3,3.19,0.143
2002-10-25,24.1,9.5,15.7,86,30,60,1.41,9.88,0.0,901.5,2.04,0.141
2002-10-26,21.1,8.2,14.2,77,40,59,1.51,14.65,0.0,903.1,2.65,0.141
2002-10-27,22.1,7.1,13.9,83,25,57,1.65,15.44,0.0,902.9,2.97,0.138
2002-10-28,20.4,6.9,12.7,81,35,58,1.63,15.38,0.0,902.7,2.68,0.136
2002-10-29,18.0,5.1,11.3,81,33,55,2.51,14.84,0.0,900.2,2.82,0.134
2002-10-30,12.7,3.4,7.8,67,28,43,2.23,15.22,0.0,904.3,2.52,0.127
2002-10-31,16.1,0.0,7.3,60,13,39,1.11,15.01,0.0,903.1,2.33,0.128
2002-11-01,19.6,1.1,9.3,52,19,37,1.26,14.86,0.0,903.4,2.57,0.132
2002-11-02,19.7,2.9,10.4,64,25,44,1.41,14.73,0.0,904.1,2.59,0.133
2002-11-03,22.7,1.9,11.0,92,15,54,2.16,14.11,0.0,901.0,2.88,0.13
2002-11-04,22.3,3.3,11.5,86,13,50,1.59,14.41,0.0,900.9,2.68,0.125
2002-11-05,22.0,3.5,11.1,82,28,57,1.78,13.98,0.0,899.5,2.61,0.118
2002-11-06,20.6,3.8,11.4,93,36,68,2.24,11.02,0.0,902.5,2.24,0.113
2002-11-07,21.4,7.4,13.1,95,38,71,1.81,12.37,0.0,903.4,2.32,0.109
2002-11-08,20.6,8.4,13.3,92,32,65,2.84,9.84,0.5,899.3,2.32,0.109
2002-11-09,21.1,9.7,14.9,84,34,61,4.18,10.32,2.3,897.5,2.99,0.109
2002-11-10,16.4,8.5,11.8,75,48,63,3.91,7.98,0.7,894.3,2.07,0.144
2002-11-11,13.9,5.7,11.0,90,61,72,3.62,5.11,9.0,894.2,1.36,0.168
2002-11-12,11.1,4.3,6.9,86,54,72,1.27,10.29,0.6,900.1,1.44,0.233
2002-11-13,11.4,1.7,6.4,87,44,66,1.24,13.09,0.0,904.1,1.72,0.222
2002-11-14,14.9,-0.9,6.3,93,42,69,0.99,12.9,0.0,904.4,1.81,0.216
2002-11-15,15.9,1.4,7.9,89,32,63,1.05,12.81,0.0,907.5,1.88,0.213
2002-11-16,17.7,0.7,8.1,86,24,59,1.09,12.9,0.0,909.3,1.93,0.208
2002-11-17,18.0,-0.3,8.2,85,24,57,1.23,12.83,0.0,910.8,1.98,0.204
2002-11-18,17.4,1.3,8.4,79,31,56,1.06,12.57,0.0,910.0,1.87,0.199
2002-11-19,20.7,1.1,9.6,86,23,59,0.97,12.39,0.0,907.7,1.94,0.193
2002-11-20,22.7,0.8,10.3,91,20,59,1.06,12.27,0.0,905.5,1.91,0.186
2002-11-21,22.0,0.0,10.2,88,16,54,1.14,12.12,0.0,904.2,1.98,0.179
2002-11-22,21.1,4.0,10.6,84,12,49,2.14,10.53,0.0,901.6,2.45,0.174
2002-11-23,18.5,4.7,10.5,91,33,59,2.02,9.14,1.1,898.7,1.92,0.17
2002-11-24,11.3,4.6,8.2,89,39,65,4.03,9.12,1.3,901.2,1.96,0.198
2002-11-25,11.7,4.5,9.0,81,52,61,2.0,6.36,0.0,906.5,1.36,0.19
2002-11-26,14.0,1.6,6.6,90,44,73,1.14,11.39,0.0,903.9,1.58,0.186
2002-11-27,10.3,2.3,5.9,89,52,74,1.57,11.22,0.0,904.2,1.47,0.184
2002-11-28,9.2,0.5,4.4,95,51,76,1.22,11.05,0.0,905.1,1.32,0.184
2002-11-29,9.9,-1.5,3.7,92,45,73,1.02,10.01,0.0,903.8,1.27,0.187
2002-11-30,9.5,-1.1,3.4,89,50,73,1.12,10.9,0.0,902.0,1.32,0.191
2002-12-01,7.2,-0.9,2.6,94,62,81,0.83,10.68,0.0,902.5,1.16,0.193
2002-12-02,10.7,-0.1,4.4,93,48,73,1.32,6.79,0.0,900.6,1.13,0.194
2002-12-03,13.3,4.5,8.6,82,51,63,4.02,8.02,0.0,899.4,1.83,0.19
2002-12-04,16.3,3.9,9.3,91,45,75,2.22,8.74,0.0,902.7,1.48,0.185
2002-12-05,14.9,5.1,9.4,93,39,69,2.59,7.81,0.0,900.7,1.65,0.181
2002-12-06,14.1,5.6,9.5,81,44,65,2.63,9.06,0.1,898.6,1.7,0.178
2002-12-07,11.5,1.9,6.1,95,56,79,1.51,6.13,0.0,898.0,0.94,0.179
2002-12-08,11.9,4.2,7.1,93,52,79,1.69,5.21,0.2,893.8,0.91,0.18
2002-12-09,5.9,-0.6,3.2,100,77,88,2.85,2.49,4.6,893.4,0.41,0.206
2002-12-10,-0.3,-4.0,-1.9,76,51,64,2.85,9.42,0.0,902.0,1.05,0.217
2002-12-11,-1.1,-7.2,-3.9,71,45,59,2.17,10.55,0.0,904.8,1.0,0.214
2002-12-12,-0.4,-8.1,-5.0,67,37,54,1.51,10.74,0.0,907.8,1.05,0.215
2002-12-13,0.7,-7.8,-4.5,62,39,55,1.38,10.87,0.0,910.5,1.06,0.213
2002-12-14,4.9,-7.3,-1.3,74,45,60,1.4,9.02,0.8,905.5,1.08,0.211
2002-12-15,1.9,-1.3,0.1,98,80,92,1.59,4.92,5.2,904.0,0.5,0.212
2002-12-16,0.8,-2.4,-1.0,88,66,79,1.21,7.55,0.0,907.7,0.72,0.213
2002-12-17,-1.6,-6.0,-3.4,96,75,88,0.95,4.94,2.3,902.2,0.45,0.212
2002-12-18,0.7,-4.6,-2.2,97,74,89,0.97,8.63,0.0,900.0,0.79,0.211
2002-12-19,-1.9,-5.4,-3.7,99,87,93,1.67,2.94,13.9,892.2,0.28,0.21
2002-12-20,-1.6,-3.7,-2.4,87,73,83,5.97,5.99,8.5,889.3,0.66,0.209
2002-12-21,-3.8,-15.8,-7.0,89,65,72,2.72,10.37,0.0,899.8,0.86,0.207
2002-12-22,-10.5,-23.4,-16.9,92,47,72,1.34,10.97,0.0,899.7,0.52,0.205
2002-12-23,-7.4,-18.7,-14.2,75,42,59,1.67,10.92,0.0,898.9,0.67,0.205
2002-12-24,-2.9,-17.3,-10.1,86,66,79,1.71,9.72,0.0,894.8,0.66,0.206
2002-12-25,-1.0,-5.9,-2.9,91,75,82,0.9,7.3,0.1,902.3,0.61,0.204
2002-12-26,-5.7,-11.1,-8.5,95,84,88,0.69,7.35,0.0,904.4,0.45,0.202
2002-12-27,-3.6,-10.1,-7.3,88,68,82,0.87,9.82,0.0,902.8,0.68,0.201
2002-12-28,2.1,-9.2,-5.0,93,68,85,1.51,9.82,0.0,902.5,0.83,0.201
2002-12-29,5.2,-6.6,-0.4,93,80,87,2.04,7.19,0.0,903.6,0.75,0.203
2002-12-30,5.8,1.1,4.0,93,83,86,2.57,6.77,0.0,898.7,0.81,0.277
2002-12-31,5.2,0.2,2.1,95,80,90,1.78,8.57,0.0,900.8,0.88,0.317
2003-01-01,7.9,0.3,5.4,90,76,84,2.56,5.55,1.0,898.5,0.79,0.338
2003-01-02,8.4,1.9,5.0,97,71,87,2.01,8.65,0.0,895.6,0.95,0.342
2003-01-03,8.7,0.0,4.1,96,68,84,2.19,7.9,0.0,897.0,0.98,0.324
2003-01-04,12.7,4.1,7.6,93,62,80,2.4,8.07,0.9,894.6,1.23,0.327
2003-01-05,14.1,2.8,7.5,96,55,77,2.75,7.32,0.0,895.0,1.36,0.321
2003-01-06,16.3,6.9,10.4,87,38,66,2.97,8.71,0.0,897.9,1.86,0.314
2003-01-07,16.0,2.8,7.9,94,36,71,2.14,8.93,0.0,902.7,1.57,0.306
2003-01-08,15.8,2.1,7.3,86,32,65,2.06,9.83,0.0,900.9,1.71,0.294
2003-01-09,14.3,1.5,7.0,90,41,70,1.59,10.0,0.0,902.3,1.52,0.283
2003-01-10,17.0,0.8,7.3,95,36,74,2.15,9.83,0.0,904.4,1.64,0.275
2003-01-11,17.6,5.1,9.4,88,29,64,2.3,8.9,0.0,903.1,1.87,0.267
2003-01-12,19.6,5.4,11.3,62,22,44,3.39,11.16,0.0,898.2,2.88,0.258
2003-01-13,9.6,4.7,6.7,90,67,80,1.72,4.44,0.8,900.1,0.74,0.255
2003-01-14,6.5,3.0,4.7,89,67,81,1.96,7.65,2.4,901.8,0.99,0.277
2003-01-15,3.9,-1.2,1.5,73,46,61,2.85,10.74,0.0,905.2,1.36,0.282
2003-01-16,7.0,-0.1,3.2,80,53,64,1.22,7.7,0.0,907.6,1.04,0.275
2003-01-17,9.7,-2.7,3.0,89,49,71,1.64,11.34,0.0,904.6,1.48,0.271
2003-01-18,5.9,-0.3,3.4,79,47,65,2.26,6.47,0.0,908.1,1.02,0.266
2003-01-19,6.8,-3.2,1.5,91,49,73,1.54,7.18,1.7,902.2,0.95,0.266
2003-01-20,4.1,1.3,2.6,94,82,89,1.72,4.81,5.0,897.1,0.58,0.298
2003-01-21,6.7,-1.0,2.3,95,63,83,1.2,7.05,0.0,897.5,0.87,0.304
2003-01-22,8.6,-1.5,3.2,95,54,77,2.26,9.43,0.0,898.9,1.23,0.297
2003-01-23,9.8,1.4,5.5,96,58,79,2.07,8.71,0.9,900.6,1.2,0.303
2003-01-24,11.5,1.0,6.2,95,57,78,1.28,8.44,0.3,902.2,1.19,0.3
2003-01-25,10.9,3.5,7.0,92,59,81,1.36,8.92,0.4,903.6,1.23,0.3
2003-01-26,11.0,1.4,6.0,94,54,77,1.68,9.98,0.0,900.5,1.41,0.298
2003-01-27,6.5,1.9,4.0,91,75,85,1.45,6.79,3.1,893.0,0.84,0.313
2003-01-28,6.4,2.9,4.9,90,62,76,1.62,6.54,0.0,891.0,0.93,0.329
2003-01-29,10.8,-2.1,4.9,100,47,73,2.11,11.21,0.0,893.4,1.6,0.311
2003-01-30,13.0,4.8,8.5,74,46,61,4.22,6.2,0.0,900.0,1.9,0.301
2003-01-31,13.0,7.9,9.7,68,43,60,6.0,7.46,0.0,899.7,2.33,0.293
2003-02-01,12.6,7.0,9.6,73,43,61,4.34,9.13,0.4,897.9,2.1,0.288
2003-02-02,9.7,6.2,8.0,83,48,68,4.66,8.75,11.4,890.0,1.77,0.332
2003-02-03,9.9,2.7,5.6,87,44,68,2.25,12.3,0.6,889.3,1.75,0.336
2003-02-04,7.8,1.0,3.3,94,39,71,1.27,11.71,0.6,893.2,1.38,0.323
2003-02-05,9.9,-3.8,3.2,88,51,69,3.69,9.73,0.1,897.0,1.67,0.315
2003-02-06,13.2,7.5,9.5,76,39,59,6.59,10.05,0.1,896.4,2.66,0.308
2003-02-07,11.9,3.0,8.3,89,42,63,6.2,10.56,11.0,892.3,2.38,0.313
2003-02-08,4.0,0.1,1.9,88,52,69,2.75,9.78,1.9,889.9,1.17,0.352
2003-02-09,3.6,-2.9,-0.2,72,40,59,1.64,12.77,0.0,896.6,1.39,0.329
2003-02-10,3.4,-5.6,-1.8,78,42,63,1.69,13.54,0.0,897.0,1.48,0.323
2003-02-11,2.9,-4.4,-1.0,75,51,62,1.35,13.77,0.0,902.3,1.4,0.316
2003-02-12,5.8,-1.6,1.6,95,47,66,1.12,9.09,2.4,897.8,1.14,0.312
2003-02-13,4.0,0.6,2.0,98,81,90,1.38,7.39,2.8,893.3,0.82,0.316
2003-02-14,4.1,0.7,1.8,97,74,89,1.35,7.77,3.3,893.8,0.85,0.333
2003-02-15,2.1,-0.8,0.8,87,51,72,1.85,9.72,0.0,897.7,1.06,0.335
2003-02-16,3.7,-2.2,0.1,78,43,63,1.45,13.64,0.0,902.5,1.47,0.326
2003-02-17,5.0,-2.8,0.8,77,42,62,0.86,12.44,0.3,904.4,1.44,0.322
2003-02-18,3.7,-1.3,1.0,96,75,85,1.55,10.15,7.4,889.9,1.05,0.327
2003-02-19,0.3,-1.9,-0.6,91,79,85,2.52,7.62,2.9,885.5,0.77,0.333
2003-02-20,-0.7,-5.0,-2.4,85,63,75,2.02,12.31,0.3,888.7,1.12,0.32
2003-02-21,1.3,-6.5,-2.8,87,50,72,2.06,12.48,1.1,896.2,1.16,0.315
2003-02-22,-0.9,-10.0,-5.6,87,52,71,1.97,11.98,0.0,901.8,1.13,0.313
2003-02-23,-2.5,-5.9,-4.5,66,51,60,2.76,11.98,0.2,902.6,1.13,0.309
2003-02-24,-3.5,-6.5,-4.8,88,64,76,4.41,6.71,11.0,893.5,0.67,0.306
2003-02-25,-0.3,-4.3,-2.6,90,75,82,4.84,12.01,6.6,892.7,1.0,0.305
2003-02-26,-1.0,-7.5,-3.2,83,63,75,2.94,13.64,0.0,902.0,1.14,0.304
2003-02-27,-1.2,-14.2,-7.6,91,63,77,1.47,18.33,0.0,903.8,1.5,0.302
2003-02-28,-1.5,-16.7,-9.2,99,63,80,1.41,19.35,0.0,908.2,1.48,0.314
2003-03-01,0.1,-20.1,-9.8,93,49,75,1.13,19.91,0.0,906.9,1.5,0.309
2003-03-02,1.7,-7.5,-2.3,83,61,73,0.91,10.57,0.7,901.6,1.16,0.316
2003-03-03,2.2,-1.5,0.6,92,84,88,1.14,12.05,4.2,897.6,1.25,0.335
2003-03-04,5.8,-0.1,2.4,96,74,87,1.5,17.1,0.0,899.1,1.83,0.359
2003-03-05,8.1,-1.8,3.6,92,65,82,3.2,14.14,2.7,897.0,1.57,0.371
2003-03-06,8.4,0.6,4.4,95,66,83,1.26,12.07,0.4,895.5,1.57,0.379
2003-03-07,11.9,-2.3,3.8,93,43,75,1.58,17.66,0.0,899.1,2.37,0.364
2003-03-08,12.4,-2.6,4.3,95,45,75,2.13,17.71,0.0,899.8,2.38,0.357
2003-03-09,10.0,2.9,6.0,90,59,78,1.59,13.37,2.2,899.3,1.86,0.353
2003-03-10,8.2,1.6,5.3,86,52,71,1.28,9.96,0.0,901.0,1.46,0.357
2003-03-11,9.1,1.8,4.8,87,45,67,2.51,15.51,0.0,901.2,2.1,0.343
2003-03-12,6.0,-0.6,2.5,75,41,59,3.16,16.05,0.0,900.1,1.98,0.332
2003-03-13,13.8,-3.1,4.6,79,37,59,1.82,20.22,0.0,897.6,2.9,0.324
2003-03-14,14.9,1.0,7.4,83,37,63,3.24,14.62,0.0,898.0,2.61,0.314
2003-03-15,15.9,3.6,8.4,90,35,65,2.05,17.55,0.0,901.0,2.81,0.306
2003-03-16,10.9,3.4,6.8,93,55,76,2.23,11.06,0.0,899.4,1.7,0.298
2003-03-17,8.5,2.3,5.6,82,59,73,1.9,9.96,0.9,899.0,1.43,0.297
2003-03-18,5.9,1.8,3.3,97,79,89,3.0,6.5,11.3,888.4,0.77,0.347
2003-03-19,5.0,-1.1,1.7,87,39,64,3.17,11.43,1.0,891.9,1.55,0.356
2003-03-20,5.8,-3.1,1.1,74,34,54,2.33,19.79,0.0,896.1,2.33,0.336
2003-03-21,8.8,-4.6,2.0,76,32,57,2.17,20.71,0.0,895.2,2.69,0.325
2003-03-22,1.7,-3.5,-0.5,87,45,68,2.66,12.0,0.0,897.6,1.34,0.318
2003-03-23,3.2,-6.0,-1.3,80,48,58,1.66,19.5,1.8,898.6,2.16,0.315
2003-03-24,-0.1,-3.8,-2.2,85,66,78,4.86,12.04,8.4,891.3,1.14,0.314
2003-03-25,4.5,-3.5,-0.4,91,71,80,6.99,13.58,14.3,889.3,1.31,0.315
2003-03-26,5.4,-5.3,0.7,72,46,62,3.27,24.73,0.0,896.1,2.75,0.323
2003-03-27,6.4,-7.7,-1.2,76,48,62,2.45,24.47,0.0,901.9,2.79,0.338
2003-03-28,10.2,-8.4,0.4,79,34,60,1.93,24.2,0.0,901.6,3.11,0.345
2003-03-29,13.5,-3.9,4.3,91,28,65,1.83,22.36,0.0,898.2,3.11,0.346
2003-03-30,14.2,-6.0,4.1,91,28,60,1.73,24.16,0.0,898.0,3.48,0.337
2003-03-31,15.1,-1.6,6.2,92,39,71,2.28,20.95,0.3,900.8,3.13,0.328
2003-04-01,15.9,1.4,8.3,95,33,67,2.19,20.15,0.0,901.5,3.21,0.323
2003-04-02,9.4,6.0,7.6,90,59,82,1.6,6.83,6.9,897.8,1.08,0.336
2003-04-03,19.4,8.9,14.5,77,29,50,4.07,18.51,0.0,894.4,4.18,0.351
2003-04-04,24.3,6.6,14.3,89,31,63,1.22,23.17,0.0,895.5,4.09,0.328
2003-04-05,25.9,6.7,15.6,93,24,56,4.0,24.29,0.0,888.7,5.74,0.309
2003-04-06,15.5,6.7,11.4,71,39,53,4.25,21.04,0.0,888.4,3.85,0.29
2003-04-07,16.0,4.3,9.9,81,32,56,3.64,21.02,0.0,893.3,3.73,0.279
2003-04-08,17.6,2.0,9.4,80,27,55,3.15,23.9,0.0,896.1,4.09,0.268
2003-04-09,9.5,0.3,4.8,83,38,59,2.43,13.77,0.7,901.2,2.01,0.261
2003-04-10,15.9,-1.2,7.4,82,29,53,0.8,25.7,0.0,904.6,3.76,0.256
2003-04-11,18.4,0.8,10.6,85,19,49,1.15,23.58,0.0,905.0,3.99,0.248
2003-04-12,20.9,5.5,13.1,71,22,45,1.76,24.77,0.0,901.6,4.51,0.238
2003-04-13,23.1,5.5,14.4,75,24,50,1.97,24.84,0.0,896.6,4.81,0.228
2003-04-14,13.4,7.6,10.4,86,56,73,2.74,10.45,4.3,892.2,1.91,0.232
2003-04-15,14.0,7.1,9.8,91,59,77,2.03,11.13,4.6,894.7,1.74,0.276
2003-04-16,19.0,4.0,12.0,85,36,62,2.13,25.71,0.0,899.0,4.18,0.287
2003-04-17,20.3,5.9,13.3,82,40,58,1.35,21.8,0.0,900.2,3.83,0.269
2003-04-18,16.5,10.3,12.5,87,59,76,3.07,11.28,5.9,894.7,2.02,0.286
2003-04-19,16.5,7.9,12.4,81,41,64,3.8,20.08,0.3,889.2,3.49,0.304
2003-04-20,10.1,6.2,8.3,87,63,72,2.37,7.65,1.3,893.1,1.46,0.296
2003-04-21,8.8,3.9,6.2,76,53,68,2.57,10.12,0.0,897.8,1.7,0.292
2003-04-22,16.8,3.9,9.8,78,33,57,1.19,23.76,0.0,897.9,3.65,0.28
2003-04-23,18.9,4.8,12.0,93,41,64,3.34,22.83,1.2,897.7,4.0,0.27
2003-04-24,22.4,7.9,15.1,83,27,55,1.8,23.74,1.2,895.6,4.53,0.263
2003-04-25,14.6,8.4,11.7,87,58,72,2.31,14.81,6.6,891.8,2.49,0.289
2003-04-26,10.6,5.8,7.8,86,47,67,5.62,9.17,5.9,895.2,1.96,0.338
2003-04-27,12.7,4.5,8.6,78,33,56,4.89,23.86,0.3,901.4,3.71,0.317
2003-04-28,16.7,0.8,9.5,76,22,46,1.79,27.43,0.0,903.1,4.49,0.291
2003-04-29,20.3,4.5,13.0,75,25,48,1.45,25.57,0.0,905.2,4.52,0.27
2003-04-30,21.7,6.4,14.7,79,27,50,1.45,27.18,0.0,909.1,4.89,0.253
2003-05-01,23.4,7.9,16.0,77,25,47,2.11,27.78,0.0,908.4,5.44,0.237
2003-05-02,25.2,9.4,17.6,69,17,41,2.66,28.31,0.0,907.5,6.03,0.223
2003-05-03,27.8,9.7,18.6,63,12,36,2.4,28.58,0.0,906.6,6.26,0.205
2003-05-04,29.0,10.0,20.1,57,16,35,1.91,28.36,0.0,905.6,6.17,0.183
2003-05-05,29.0,13.6,21.5,52,17,32,2.79,27.13,0.0,904.1,6.6,0.165
2003-05-06,27.2,13.1,19.9,51,13,32,3.21,28.03,0.0,903.9,6.68,0.15
2003-05-07,24.2,10.7,17.5,46,6,26,3.43,29.38,0.0,904.9,6.62,0.138
2003-05-08,24.9,6.6,16.3,43,9,24,2.47,29.76,0.0,904.5,6.32,0.13
2003-05-09,27.3,7.8,18.1,42,9,25,2.09,29.27,0.0,903.8,6.26,0.125
2003-05-10,29.0,11.8,20.4,37,14,26,2.02,28.61,0.0,904.9,6.37,0.119
2003-05-11,29.6,11.4,20.9,64,13,34,1.74,28.95,0.0,904.9,6.19,0.117
2003-05-12,29.9,12.2,21.3,57,16,36,1.72,28.42,0.0,903.2,6.17,0.12
2003-05-13,29.5,11.4,21.1,80,19,42,1.74,27.53,0.0,901.5,5.98,0.12
2003-05-14,30.1,10.9,21.0,67,15,38,1.94,28.26,0.0,899.0,6.33,0.122
2003-05-15,28.8,10.7,19.8,77,16,42,2.21,22.52,0.0,898.0,5.43,0.125
2003-05-16,27.1,11.3,19.3,73,29,50,1.81,24.56,0.9,899.8,5.22,0.137
2003-05-17,27.3,11.6,19.7,75,23,49,2.24,27.36,0.0,901.9,5.8,0.151
2003-05-18,27.0,14.2,20.7,58,23,41,2.16,28.12,0.0,901.7,6.12,0.144
2003-05-19,28.3,12.3,20.2,80,26,50,1.7,27.46,0.2,901.0,5.69,0.139
2003-05-20,26.8,13.2,19.8,83,30,55,1.73,24.95,1.0,901.2,5.1,0.14
2003-05-21,26.3,12.0,18.4,91,34,59,1.63,24.45,1.2,901.1,4.77,0.153
2003-05-22,26.5,9.2,18.0,88,27,54,2.22,28.05,0.1,899.0,5.81,0.162
2003-05-23,28.0,8.7,18.9,90,20,53,2.06,29.19,0.0,898.4,6.07,0.152
2003-05-24,25.1,9.3,17.6,91,27,55,2.18,24.49,3.2,897.8,4.95,0.161
2003-05-25,21.8,10.3,16.3,86,33,57,3.01,26.01,1.5,899.2,5.12,0.206
2003-05-26,21.6,9.3,15.5,82,39,60,1.6,24.79,0.5,900.0,4.62,0.199
2003-05-27,22.4,9.4,16.4,86,35,60,1.69,24.91,0.0,899.4,4.78,0.197
2003-05-28,21.9,12.1,16.9,85,43,65,1.42,20.61,1.9,897.0,3.91,0.201
2003-05-29,22.5,8.7,15.9,96,45,72,1.67,19.73,3.0,892.7,3.72,0.221
2003-05-30,21.1,14.3,16.6,90,53,77,2.58,16.62,15.0,890.4,3.17,0.297
2003-05-31,20.6,14.2,16.7,91,52,70,3.61,19.49,3.0,896.0,3.76,0.334
2003-06-01,22.3,11.1,16.9,86,37,61,1.83,25.73,0.0,899.0,4.73,0.287
2003-06-02,22.2,11.3,16.0,92,33,69,1.69,23.22,1.4,899.3,4.33,0.263
2003-06-03,25.4,9.9,17.8,92,28,59,1.93,27.25,0.0,901.0,5.37,0.246
2003-06-04,27.6,10.9,19.6,83,21,50,2.16,29.16,0.0,903.3,6.14,0.22
2003-06-05,25.7,13.9,19.7,70,19,45,2.92,29.98,0.0,906.0,6.47,0.195
2003-06-06,26.9,11.0,19.2,52,12,33,2.71,30.95,0.0,904.2,6.86,0.173
2003-06-07,29.2,11.9,21.0,48,14,29,2.18,30.96,0.0,901.4,6.91,0.154
2003-06-08,26.4,13.7,20.5,56,25,36,2.3,24.41,1.3,900.4,5.64,0.151
2003-06-09,29.3,14.6,21.3,74,22,47,2.41,26.68,0.6,900.3,5.99,0.162
2003-06-10,29.3,14.7,22.1,67,20,41,2.52,29.78,0.0,899.9,6.52,0.161
2003-06-11,29.0,14.8,22.5,60,14,36,2.98,29.57,0.0,899.5,7.0,0.153
2003-06-12,29.0,15.0,22.4,54,18,33,4.15,30.29,0.0,899.9,7.68,0.14
2003-06-13,30.0,16.5,23.5,55,19,35,4.43,30.54,0.0,901.9,7.99,0.129
2003-06-14,29.8,17.0,23.3,66,10,33,3.59,31.1,0.0,901.2,7.7,0.121
2003-06-15,30.9,14.4,23.2,36,8,23,2.99,31.36,0.0,899.8,7.79,0.118
2003-06-16,32.6,15.0,24.9,46,18,29,1.53,30.83,0.0,897.2,6.81,0.115
2003-06-17,30.7,16.2,23.2,79,25,50,2.85,24.71,1.4,896.3,6.08,0.112
2003-06-18,28.4,18.0,23.0,70,26,46,2.94,24.07,0.0,900.8,5.83,0.113
2003-06-19,30.4,14.5,23.4,57,20,36,1.59,29.82,0.0,899.2,6.41,0.113
2003-06-20,31.6,17.0,24.8,64,20,38,1.82,28.65,0.0,896.8,6.59,0.113
2003-06-21,30.3,16.7,24.1,76,28,48,1.88,27.35,0.1,896.2,6.21,0.111
2003-06-22,29.5,17.6,24.0,71,18,40,2.77,28.38,0.0,897.9,6.79,0.108
2003-06-23,29.7,17.1,23.5,53,17,33,2.63,30.5,0.0,903.1,7.24,0.106
2003-06-24,29.0,16.1,22.7,40,15,27,3.46,31.13,0.0,905.2,7.74,0.105
2003-06-25,31.6,14.5,23.7,40,13,26,2.31,31.2,0.0,902.3,7.32,0.105
2003-06-26,32.8,14.2,24.9,54,18,31,1.79,30.61,0.0,897.2,7.07,0.104
2003-06-27,32.0,19.0,25.7,60,26,40,2.09,26.97,0.0,898.6,6.41,0.102
2003-06-28,32.1,20.6,26.5,47,26,34,2.25,24.4,0.0,899.7,6.35,0.103
2003-06-29,30.3,18.4,24.9,49,19,31,2.66,30.45,0.0,900.9,7.37,0.102
2003-06-30,30.9,18.1,24.7,40,20,29,2.73,30.41,0.0,897.5,7.47,0.101
2003-07-01,30.5,17.9,24.3,39,14,27,2.83,30.9,0.0,895.0,7.4,0.1
2003-07-02,34.0,14.2,25.6,54,16,29,1.2,30.99,0.0,898.0,6.52,0.101
2003-07-03,36.7,16.8,27.7,68,13,33,1.49,30.78,0.0,901.3,7.08,0.099
2003-07-04,37.5,17.7,28.7,69,13,35,2.13,30.5,0.0,900.8,7.65,0.098
2003-07-05,36.5,20.8,29.0,49,16,32,2.51,29.92,0.0,899.0,7.83,0.1
2003-07-06,36.7,17.6,28.5,59,17,33,3.44,29.78,0.0,896.4,8.56,0.102
2003-07-07,30.3,19.7,25.3,54,22,37,3.52,28.08,0.0,897.4,7.34,0.101
2003-07-08,29.5,18.7,24.3,49,23,35,3.22,27.51,0.0,895.7,7.1,0.1
2003-07-09,29.4,17.6,23.8,51,26,36,2.21,29.19,0.0,897.3,6.61,0.101
2003-07-10,30.9,17.5,24.6,48,23,33,2.47,29.95,0.0,900.6,7.05,0.101
2003-07-11,32.4,17.7,25.8,42,18,29,1.91,30.29,0.0,900.4,7.1,0.098
2003-07-12,34.2,19.2,27.1,42,17,28,1.98,29.61,0.0,898.4,7.21,0.098
2003-07-13,31.6,20.1,25.5,55,27,39,2.94,29.65,0.0,900.9,7.3,0.097
2003-07-14,34.4,17.8,26.9,52,19,33,1.02,30.25,0.0,899.2,6.43,0.096
2003-07-15,34.3,19.3,27.0,68,21,40,1.96,28.49,0.0,898.9,6.73,0.096
2003-07-16,32.8,21.9,27.2,52,15,30,2.84,29.22,0.0,900.5,7.56,0.096
2003-07-17,31.0,19.3,25.5,48,15,28,2.94,30.02,0.0,900.7,7.68,0.094
2003-07-18,30.2,18.7,25.0,48,20,32,3.04,29.7,0.0,900.0,7.38,0.093
2003-07-19,30.5,18.9,24.7,53,23,35,2.66,28.63,0.0,899.1,6.96,0.092
2003-07-20,31.3,18.9,25.1,46,23,32,2.69,28.78,0.0,899.9,7.2,0.092
2003-07-21,30.3,18.1,24.7,43,23,31,2.84,29.4,0.0,901.6,7.3,0.092
2003-07-22,28.9,18.1,23.7,59,22,35,3.92,29.61,0.0,901.7,7.48,0.092
2003-07-23,29.1,18.0,23.3,55,24,37,4.1,29.65,0.0,900.8,7.32,0.092
2003-07-24,30.0,18.0,24.0,58,20,35,2.76,29.69,0.0,900.1,6.93,0.093
2003-07-25,30.0,17.1,23.7,49,20,33,3.16,29.21,0.0,898.1,7.23,0.093
2003-07-26,29.3,18.6,23.8,50,22,34,3.01,29.29,0.0,897.1,7.07,0.094
2003-07-27,29.1,18.3,23.4,59,28,41,3.51,25.02,0.0,897.8,6.49,0.094
2003-07-28,27.8,18.4,22.9,57,26,41,3.03,19.84,0.0,899.6,5.29,0.094
2003-07-29,29.4,15.8,23.2,61,23,39,2.42,29.03,0.0,900.2,6.58,0.094
2003-07-30,30.4,17.2,24.0,56,22,37,2.04,28.49,0.0,898.7,6.44,0.094
2003-07-31,32.7,17.7,25.5,54,23,37,1.36,28.33,0.0,897.9,6.25,0.094
2003-08-01,34.6,18.7,27.2,65,23,39,1.84,27.94,0.0,898.8,6.79,0.096
2003-08-02,35.1,18.7,27.7,68,21,40,1.79,28.39,0.0,901.4,6.7,0.092
2003-08-03,36.2,21.4,29.1,48,15,31,2.24,28.66,0.0,901.8,7.44,0.088
2003-08-04,35.8,22.6,29.0,40,17,29,2.44,27.68,0.0,901.0,7.38,0.086
2003-08-05,32.9,22.5,27.6,51,28,37,2.81,25.36,0.0,900.8,6.82,0.087
2003-08-06,30.6,19.6,25.4,54,29,38,3.36,27.78,0.0,901.9,7.19,0.086
2003-08-07,31.5,19.1,25.3,50,19,34,2.72,27.42,0.0,900.1,6.87,0.085
2003-08-08,31.9,19.8,25.7,51,22,34,3.08,27.64,0.0,900.0,7.12,0.085
2003-08-09,32.5,18.7,25.5,52,23,34,2.31,26.15,0.0,899.3,6.52,0.085
2003-08-10,34.5,19.0,26.4,56,20,34,2.16,27.45,0.0,897.4,6.77,0.085
2003-08-11,31.4,15.1,23.6,87,22,51,1.97,26.06,0.0,899.0,6.01,0.084
2003-08-12,29.7,17.2,23.6,71,23,45,2.78,27.71,0.0,904.7,6.44,0.084
2003-08-13,29.3,17.8,23.5,46,24,33,2.94,27.82,0.0,903.7,6.79,0.084
2003-08-14,29.0,15.6,22.7,40,22,30,2.78,28.05,0.0,901.3,6.76,0.084
2003-08-15,29.9,15.3,23.0,43,15,30,2.47,28.0,0.0,901.7,6.68,0.085
2003-08-16,31.7,13.7,23.7,41,14,27,2.14,28.0,0.0,901.5,6.59,0.085
2003-08-17,33.3,15.7,25.2,43,10,26,2.73,27.73,0.0,903.2,7.24,0.086
2003-08-18,31.7,17.3,24.7,46,19,29,3.64,27.5,0.0,904.0,7.49,0.086
2003-08-19,29.7,18.4,24.2,64,26,42,3.96,26.86,0.0,902.6,6.87,0.085
2003-08-20,29.5,17.3,22.8,70,21,45,3.07,26.91,0.0,900.0,6.27,0.085
2003-08-21,29.6,16.0,22.8,56,20,37,3.05,26.9,0.0,898.5,6.54,0.085
2003-08-22,28.7,17.1,22.7,66,19,39,3.44,26.79,0.0,900.1,6.56,0.086
2003-08-23,29.0,16.9,22.7,57,25,39,3.36,26.27,0.0,901.3,6.48,0.086
2003-08-24,29.8,16.4,23.0,52,15,34,2.56,26.47,0.0,900.3,6.32,0.087
2003-08-25,32.9,13.6,23.9,44,14,27,1.37,26.46,0.0,897.8,5.72,0.087
2003-08-26,33.3,14.8,24.9,74,17,36,1.56,25.23,0.0,897.8,5.86,0.086
2003-08-27,33.4,17.0,25.5,53,17,34,2.19,25.35,0.0,898.7,6.25,0.087
2003-08-28,34.5,16.9,26.1,61,16,35,1.59,22.83,0.0,898.2,5.59,0.086
2003-08-29,34.9,18.4,26.6,73,14,39,2.28,24.83,0.0,901.6,6.39,0.086
2003-08-30,33.4,18.6,26.2,43,18,30,2.32,25.16,0.0,903.2,6.44,0.086
2003-08-31,34.9,16.8,26.4,52,15,31,1.46,25.22,0.0,900.8,5.78,0.087
2003-09-01,36.4,15.5,26.8,58,10,31,1.34,25.15,0.0,898.7,5.63,0.087
2003-09-02,36.3,17.8,27.2,46,15,30,1.97,24.47,0.0,899.1,6.3,0.085
2003-09-03,32.5,18.6,25.8,65,25,44,1.64,24.04,0.0,901.5,5.48,0.082
2003-09-04,30.1,19.7,24.5,54,28,39,2.68,21.73,0.0,899.6,5.75,0.083
2003-09-05,18.1,11.9,13.3,85,57,76,5.43,4.01,6.0,899.2,1.65,0.123
2003-09-06,19.0,10.5,14.1,79,31,57,2.53,15.8,0.1,903.2,3.15,0.15
2003-09-07,20.6,8.5,14.3,70,31,49,2.59,23.96,0.0,904.5,4.52,0.149
2003-09-08,22.8,9.0,15.8,60,27,43,1.76,24.12,0.0,902.7,4.66,0.145
2003-09-09,28.7,9.1,19.0,65,25,42,1.6,23.42,0.0,900.8,4.95,0.141
2003-09-10,31.2,12.9,22.0,85,24,53,1.99,23.09,0.0,901.3,5.28,0.134
2003-09-11,32.4,14.4,22.9,94,21,54,3.66,21.81,0.2,899.1,6.06,0.132
2003-09-12,27.0,14.2,20.6,81,33,55,1.63,17.63,0.0,897.4,3.88,0.129
2003-09-13,27.9,15.0,21.8,68,31,47,1.57,18.68,0.0,899.1,4.13,0.124
2003-09-14,29.8,15.6,22.5,81,25,51,2.37,21.05,0.0,901.2,5.06,0.113
2003-09-15,29.0,14.5,21.6,79,24,50,1.5,21.97,0.0,903.5,4.64,0.108
2003-09-16,28.3,14.5,21.1,66,29,47,1.87,21.34,0.0,902.5,4.72,0.107
2003-09-17,22.7,14.3,17.5,84,46,61,2.98,15.32,6.7,900.9,3.27,0.124
2003-09-18,20.8,11.2,15.9,68,34,51,2.77,21.1,0.0,904.7,4.22,0.171
2003-09-19,22.5,11.1,16.4,64,31,48,2.62,20.66,0.0,905.3,4.3,0.164
2003-09-20,20.3,10.1,15.4,60,30,45,3.1,21.79,0.0,906.8,4.47,0.157
2003-09-21,21.4,10.7,16.1,74,34,51,3.62,21.5,0.0,907.6,4.47,0.15
2003-09-22,23.2,11.3,16.6,72,30,51,2.44,21.4,0.0,906.6,4.26,0.143
2003-09-23,27.0,9.9,18.5,69,24,45,1.41,21.29,0.0,903.8,4.23,0.143
2003-09-24,29.3,12.1,20.5,67,16,40,1.59,21.12,0.0,902.6,4.57,0.143
2003-09-25,27.9,12.6,20.4,55,18,33,2.06,20.78,0.0,902.5,4.86,0.142
2003-09-26,27.0,12.1,19.7,53,22,36,2.29,20.7,0.0,903.7,4.82,0.138
2003-09-27,27.7,12.2,19.9,58,23,40,1.5,20.19,0.0,902.4,4.24,0.135
2003-09-28,26.8,13.0,19.6,71,25,45,2.26,20.28,0.0,902.6,4.52,0.13
2003-09-29,26.5,11.8,19.4,57,24,39,1.66,19.71,0.0,901.2,4.24,0.131
2003-09-30,27.6,11.6,19.7,58,25,38,1.35,18.15,0.0,899.5,3.87,0.132
2003-10-01,25.0,14.4,19.2,68,27,50,2.35,17.22,0.8,897.9,3.97,0.122
2003-10-02,22.8,13.9,17.8,84,36,60,2.79,16.84,1.3,899.6,3.63,0.128
2003-10-03,23.5,11.1,17.2,83,31,53,1.86,19.08,0.0,900.7,3.76,0.129
2003-10-04,26.1,10.6,18.2,69,25,46,1.01,19.22,0.0,902.6,3.59,0.132
2003-10-05,29.2,10.2,18.7,97,20,58,1.62,18.41,0.0,905.0,3.66,0.138
2003-10-06,30.8,12.3,20.9,79,18,47,1.29,18.77,0.0,905.2,3.75,0.137
2003-10-07,31.8,12.6,21.5,76,14,43,1.88,18.65,0.0,902.9,4.42,0.135
2003-10-08,29.8,12.4,20.6,69,21,44,2.61,17.76,0.0,899.1,4.67,0.125
2003-10-09,27.1,16.0,21.4,65,24,42,5.42,17.05,0.0,898.1,5.75,0.114
2003-10-10,22.9,12.0,17.1,73,29,44,2.06,15.77,0.0,900.0,3.51,0.111
2003-10-11,18.6,9.1,13.9,56,29,41,2.91,17.6,0.0,903.1,3.75,0.107
2003-10-12,18.8,7.1,12.5,68,29,44,2.54,17.89,0.0,903.5,3.52,0.106
2003-10-13,19.9,5.5,12.3,63,26,45,2.05,17.99,0.0,902.0,3.43,0.107
2003-10-14,21.5,5.7,13.3,61,24,41,1.86,17.82,0.0,903.9,3.55,0.108
2003-10-15,24.1,5.8,14.6,65,26,43,1.64,17.52,0.0,903.9,3.47,0.107
2003-10-16,26.5,7.5,16.3,63,23,42,1.42,17.31,0.0,902.1,3.41,0.104
2003-10-17,25.3,7.5,16.3,75,20,43,1.44,16.35,0.0,900.6,3.35,0.099
2003-10-18,25.3,9.1,16.4,89,28,56,1.62,16.07,0.0,902.2,3.28,0.095
2003-10-19,22.2,10.5,15.9,83,38,58,1.43,15.58,0.0,904.7,2.98,0.091
2003-10-20,26.3,12.8,17.9,80,36,59,2.65,12.41,0.5,904.5,3.17,0.093
2003-10-21,28.8,9.3,18.6,94,19,55,3.27,15.51,0.2,905.2,4.3,0.098
2003-10-22,27.8,8.4,18.0,88,22,49,1.56,15.75,0.0,906.7,3.25,0.101
2003-10-23,28.6,9.4,18.9,72,19,43,2.25,15.35,0.0,905.7,3.89,0.101
2003-10-24,25.3,15.4,20.3,53,34,44,3.4,8.81,0.2,904.2,3.41,0.101
2003-10-25,28.3,15.1,21.6,57,22,36,3.59,15.18,0.0,903.6,4.89,0.1
2003-10-26,24.6,12.0,18.4,69,28,46,2.78,13.25,0.1,897.9,3.56,0.1
2003-10-27,17.6,10.3,13.5,67,39,50,2.09,14.52,0.0,899.8,2.82,0.1
2003-10-28,15.4,2.6,9.1,81,45,63,3.96,7.6,5.9,894.1,1.79,0.126
2003-10-29,5.0,-1.4,2.0,57,32,46,3.62,15.53,0.0,901.4,2.13,0.168
2003-10-30,15.1,-3.3,5.7,83,22,50,2.04,11.3,0.2,900.4,2.07,0.173
2003-10-31,16.0,7.5,11.4,89,63,79,2.42,6.93,2.6,901.0,1.31,0.195
2003-11-01,22.4,11.3,15.6,92,41,71,2.37,11.15,0.0,904.0,2.38,0.19
2003-11-02,21.4,9.3,13.8,96,47,76,1.44,13.7,0.0,906.2,2.34,0.185
2003-11-03,22.0,6.5,13.5,95,36,68,1.27,14.05,0.0,906.8,2.4,0.18
2003-11-04,23.7,7.2,14.0,88,27,63,1.24,13.9,0.0,904.0,2.5,0.175
2003-11-05,23.0,5.8,14.4,93,26,57,1.17,12.33,0.0,902.1,2.34,0.171
2003-11-06,23.3,10.7,15.8,74,28,51,2.21,11.7,0.2,901.5,2.95,0.162
2003-11-07,20.3,10.1,14.9,75,38,57,1.29,10.84,0.4,903.9,2.06,0.153
2003-11-08,15.2,10.6,12.8,82,58,71,3.46,5.5,0.1,902.8,1.5,0.155
2003-11-09,11.1,7.5,9.4,77,56,67,3.54,4.01,0.0,897.9,1.32,0.157
2003-11-10,8.7,2.3,4.9,95,57,86,4.09,4.3,16.2,891.9,0.72,0.207
2003-11-11,6.3,1.7,3.2,93,58,78,3.83,8.37,10.4,896.3,1.06,0.286
2003-11-12,7.3,-2.5,2.0,89,48,72,1.06,11.3,0.0,907.4,1.32,0.263
2003-11-13,9.4,-3.9,2.0,93,43,67,1.12,12.97,0.0,906.9,1.6,0.245
2003-11-14,9.7,-2.1,3.0,89,44,66,0.95,12.88,0.0,908.4,1.55,0.233
2003-11-15,12.5,-3.5,3.4,91,40,70,1.01,12.58,0.0,906.6,1.61,0.224
2003-11-16,14.5,-0.3,5.6,98,44,77,1.28,11.34,0.0,907.4,1.51,0.218
2003-11-17,15.7,-0.8,6.5,92,36,69,1.24,12.43,0.0,908.3,1.76,0.211
2003-11-18,17.0,-0.8,7.1,89,28,62,1.18,11.92,0.0,905.0,1.74,0.204
2003-11-19,12.2,3.5,7.6,78,31,57,1.97,10.54,0.0,903.9,1.76,0.195
2003-11-20,14.5,-1.2,6.1,85,38,62,1.34,11.89,0.0,904.6,1.73,0.187
2003-11-21,15.7,1.7,7.5,85,43,67,1.19,11.88,0.0,907.3,1.76,0.181
2003-11-22,16.8,1.3,8.0,87,32,64,1.0,11.77,0.0,908.0,1.72,0.177
2003-11-23,16.6,0.4,8.0,92,28,64,1.25,11.46,0.0,904.8,1.8,0.172
2003-11-24,14.6,2.3,8.0,84,36,63,1.48,11.39,0.0,904.1,1.77,0.168
2003-11-25,14.8,3.3,8.3,82,33,59,1.43,10.02,0.0,904.4,1.66,0.164
2003-11-26,15.0,2.6,7.9,89,37,64,1.2,10.57,0.0,905.8,1.57,0.16
2003-11-27,14.6,0.5,6.8,85,35,62,1.21,11.42,0.0,903.2,1.66,0.156
2003-11-28,14.5,-0.3,6.0,85,43,67,1.19,11.14,0.0,900.4,1.54,0.149
2003-11-29,14.6,-1.1,6.0,91,38,68,1.14,11.05,0.0,901.1,1.56,0.147
2003-11-30,15.6,-0.3,6.6,89,35,65,1.17,10.93,0.0,901.8,1.61,0.143
2003-12-01,15.9,-0.3,7.1,89,36,64,1.11,10.02,0.0,901.3,1.54,0.14
2003-12-02,11.9,4.4,8.0,81,50,63,1.98,7.39,0.0,903.1,1.43,0.133
2003-12-03,6.8,2.0,4.9,95,65,84,1.86,3.23,10.0,903.8,0.52,0.179
2003-12-04,7.8,3.6,5.3,94,61,78,4.08,5.98,7.0,901.9,1.07,0.263
2003-12-05,6.4,1.2,3.8,84,62,72,1.46,6.37,0.0,903.4,0.91,0.261
2003-12-06,9.8,-4.0,0.9,90,39,72,1.58,10.53,0.0,897.6,1.3,0.248
2003-12-07,10.9,-4.9,2.8,84,44,68,2.4,8.36,0.0,896.5,1.34,0.24
2003-12-08,11.2,6.7,8.3,92,64,81,2.94,4.87,0.2,898.9,0.94,0.246
2003-12-09,8.9,3.1,5.9,99,80,91,1.39,3.03,0.0,902.2,0.49,0.244
2003-12-10,8.7,3.1,6.7,89,60,77,1.22,6.47,0.0,910.0,0.93,0.238
2003-12-11,9.1,1.1,4.4,92,56,78,1.04,10.27,0.0,910.8,1.21,0.233
2003-12-12,8.5,-0.1,3.5,96,54,81,0.91,10.16,0.0,907.6,1.17,0.23
2003-12-13,6.9,-0.8,2.7,96,58,81,0.92,5.36,0.0,904.6,0.72,0.227
2003-12-14,13.7,-0.1,5.3,93,33,69,1.37,10.18,0.0,899.0,1.48,0.222
2003-12-15,9.9,2.4,6.5,80,55,67,3.33,6.06,0.0,892.0,1.3,0.217
2003-12-16,13.4,7.0,9.8,87,57,73,5.12,5.03,1.8,890.0,1.5,0.228
2003-12-17,10.6,4.7,8.9,80,63,71,5.64,4.08,11.6,885.1,1.4,0.29
2003-12-18,4.6,-1.1,0.4,87,65,74,4.7,4.04,3.8,894.2,0.8,0.301
2003-12-19,0.9,-5.1,-1.7,76,50,64,3.51,6.92,0.0,903.3,1.02,0.275
2003-12-20,1.1,-6.8,-3.5,82,44,66,1.32,10.34,0.0,908.1,0.99,0.264
2003-12-21,5.2,-6.7,-1.8,79,42,63,1.16,10.35,0.0,908.1,1.1,0.258
2003-12-22,3.3,-5.1,-1.0,86,46,66,1.16,6.84,0.0,903.5,0.8,0.255
2003-12-23,8.0,-4.5,0.2,85,35,66,2.13,10.12,0.0,899.8,1.34,0.252
2003-12-24,9.9,-2.2,4.2,86,60,75,2.54,8.1,0.0,903.1,1.16,0.246
2003-12-25,10.8,1.7,5.7,94,46,72,2.92,7.68,0.0,900.8,1.33,0.241
2003-12-26,5.3,-4.7,2.6,96,62,82,1.67,6.97,7.6,895.2,0.8,0.261
2003-12-27,4.6,-6.2,0.2,95,73,84,1.37,2.99,0.0,898.4,0.44,0.268
2003-12-28,5.6,-2.3,1.6,93,58,80,0.93,7.25,0.0,903.3,0.82,0.265
2003-12-29,6.4,-5.8,-0.5,97,51,78,1.12,10.52,0.0,908.3,1.09,0.262
2003-12-30,4.8,-4.9,-0.4,90,57,76,0.91,9.59,0.0,908.4,0.97,0.263
2003-12-31,6.5,-4.3,0.3,89,48,74,1.54,9.26,0.0,902.8,1.06,0.261
2004-01-01,8.0,-1.7,2.6,88,65,80,2.1,7.03,0.0,897.9,0.92,0.257
2004-01-02,6.8,1.4,3.6,91,73,85,2.6,5.69,0.5,892.6,0.71,0.255
2004-01-03,8.5,1.3,4.9,93,69,84,2.42,6.04,0.2,893.0,0.85,0.255
2004-01-04,9.6,4.4,6.8,90,57,79,4.13,5.8,5.3,893.5,1.15,0.262
2004-01-05,8.6,0.6,5.0,90,60,79,2.43,8.14,2.9,892.7,1.1,0.326
2004-01-06,7.6,-2.0,3.1,91,55,78,3.05,8.5,4.3,891.8,1.13,0.305
2004-01-07,-1.6,-6.0,-4.2,85,45,66,3.48,6.6,0.9,891.7,0.81,0.295
2004-01-08,-4.0,-9.4,-6.9,61,39,54,1.16,11.41,0.0,897.3,0.93,0.286
2004-01-09,-0.4,-9.0,-5.2,73,44,57,0.6,11.24,0.0,898.7,0.95,0.281
2004-01-10,1.3,-10.3,-4.2,88,57,75,1.69,7.47,0.0,897.4,0.73,0.274
2004-01-11,3.8,-1.6,1.3,90,72,82,2.56,4.02,6.3,895.1,0.59,0.276
2004-01-12,3.5,-0.6,1.8,98,88,95,0.94,3.93,7.0,896.5,0.46,0.288
2004-01-13,4.9,-2.4,1.3,100,72,89,1.22,8.35,0.0,894.0,0.84,0.304
2004-01-14,5.5,-2.2,1.6,95,64,85,1.74,11.24,0.0,891.7,1.13,0.301
2004-01-15,10.6,0.6,5.3,98,53,78,2.56,9.44,0.0,894.0,1.41,0.301
2004-01-16,11.3,5.7,8.5,87,66,78,3.97,5.62,0.0,894.0,1.17,0.315
2004-01-17,5.9,-4.8,1.5,89,61,77,1.36,9.67,3.4,902.3,1.02,0.326
2004-01-18,6.9,-7.7,-2.1,94,44,73,1.23,12.35,0.0,901.1,1.3,0.316
2004-01-19,7.2,-7.8,-1.7,94,46,76,1.03,12.34,0.0,902.2,1.32,0.312
2004-01-20,7.6,-6.6,-1.2,93,44,75,1.62,11.93,0.0,899.2,1.34,0.309
2004-01-21,8.9,-2.9,3.7,86,66,79,2.96,6.33,0.7,894.5,1.0,0.31
2004-01-22,8.5,3.1,5.9,92,67,80,5.59,3.47,18.4,879.9,0.96,0.354
2004-01-23,3.8,-4.7,-0.8,85,68,76,3.32,6.03,3.3,877.0,0.74,0.366
2004-01-24,-3.7,-9.7,-6.3,81,54,69,1.6,11.3,0.4,889.6,0.9,0.346
2004-01-25,3.6,-9.4,-2.1,84,65,75,2.3,6.89,4.7,891.1,0.75,0.339
2004-01-26,4.0,-0.7,2.0,91,76,83,2.3,10.84,0.0,890.2,1.11,0.343
2004-01-27,2.9,-3.0,0.5,92,70,85,1.1,7.02,0.0,895.2,0.78,0.341
2004-01-28,6.6,-6.6,-0.4,92,45,74,2.1,11.83,0.0,898.2,1.34,0.336
2004-01-29,10.0,1.7,5.4,88,63,78,2.99,10.54,0.0,899.5,1.44,0.335
2004-01-30,7.4,0.4,3.6,91,68,81,3.3,7.83,0.0,896.9,1.05,0.331
2004-01-31,4.4,-0.6,2.0,97,85,91,2.07,4.08,13.9,897.7,0.52,0.347
2004-02-01,5.2,-1.3,2.8,95,59,81,4.13,6.86,5.9,902.3,0.93,0.372
2004-02-02,5.2,-7.7,-1.5,96,54,79,1.64,13.3,0.0,902.2,1.37,0.354
2004-02-03,6.8,-3.9,0.8,79,46,67,1.37,11.51,0.0,901.9,1.43,0.342
2004-02-04,6.1,0.5,3.1,87,57,73,2.9,9.83,0.5,902.6,1.33,0.339
2004-02-05,6.9,-1.5,2.1,85,49,71,2.28,11.33,0.0,904.6,1.42,0.336
2004-02-06,10.7,-1.9,4.1,84,59,73,1.82,10.19,0.0,905.1,1.45,0.332
2004-02-07,14.7,0.8,6.6,89,44,73,1.97,14.22,0.0,907.4,2.05,0.328
2004-02-08,17.4,-1.6,6.2,92,31,69,2.79,14.76,0.0,903.7,2.45,0.32
2004-02-09,16.7,2.1,7.9,90,32,67,2.7,13.28,0.0,902.1,2.37,0.309
2004-02-10,9.8,4.3,6.7,90,61,76,1.52,6.94,0.3,901.5,1.13,0.299
2004-02-11,3.6,-4.6,0.8,78,38,56,2.74,11.13,0.1,900.3,1.53,0.298
2004-02-12,9.2,-6.7,1.2,88,31,64,3.31,14.5,1.9,894.5,2.06,0.296
2004-02-13,8.6,-1.8,5.0,82,54,72,5.89,10.88,14.3,885.1,1.71,0.362
2004-02-14,-2.9,-9.9,-6.5,80,55,64,3.96,9.77,3.5,889.6,0.92,0.342
2004-02-15,-4.9,-12.3,-8.6,71,44,57,2.03,16.55,0.0,896.1,1.23,0.329
2004-02-16,4.3,-9.8,-3.2,87,55,66,1.41,16.36,0.0,898.0,1.69,0.323
2004-02-17,4.1,-4.5,-0.4,100,63,82,1.02,10.39,5.4,901.3,1.11,0.32
2004-02-18,4.0,-0.1,1.5,100,81,94,1.37,9.75,4.5,896.9,0.96,0.336
2004-02-19,5.8,-1.4,2.2,100,71,90,1.23,12.91,0.0,899.2,1.38,0.351
2004-02-20,7.7,-2.2,2.4,100,64,85,2.06,12.65,0.0,903.6,1.42,0.349
2004-02-21,1.4,-6.2,-1.3,92,36,66,4.23,10.02,1.5,903.1,1.25,0.34
2004-02-22,-0.5,-7.0,-4.4,70,39,55,6.03,12.18,0.0,903.5,1.43,0.329
2004-02-23,3.1,-7.8,-2.7,78,45,62,1.58,11.33,0.5,902.8,1.27,0.326
2004-02-24,11.2,-2.7,3.3,88,56,74,2.26,16.33,0.0,901.9,2.08,0.326
2004-02-25,14.2,0.3,5.6,92,46,75,2.07,16.23,0.0,903.1,2.29,0.322
2004-02-26,15.6,1.1,6.9,95,38,72,2.06,16.43,0.0,904.6,2.48,0.312
2004-02-27,16.9,2.8,9.0,93,46,72,2.65,15.23,0.7,902.3,2.52,0.304
2004-02-28,21.3,7.1,13.3,88,24,54,3.78,16.97,0.0,900.9,3.81,0.294
2004-02-29,19.8,8.5,13.6,75,36,55,2.6,14.0,0.0,900.6,3.03,0.282
2004-03-01,19.0,4.7,11.3,84,25,57,1.75,17.92,0.0,900.5,3.23,0.273
2004-03-02,17.5,6.1,10.6,78,35,61,1.54,11.1,0.0,901.1,2.06,0.266
2004-03-03,16.2,3.4,9.2,94,47,73,1.07,10.4,0.0,900.9,1.69,0.263
2004-03-04,21.3,4.2,12.3,88,34,62,2.76,11.87,0.0,893.8,2.89,0.258
2004-03-05,16.2,0.1,11.6,85,50,66,5.41,13.49,9.1,888.3,2.73,0.3
2004-03-06,2.6,-2.5,0.1,79,37,60,3.86,12.28,1.1,899.0,1.64,0.308
2004-03-07,1.4,-5.0,-1.9,67,42,55,3.2,15.63,0.0,909.3,1.68,0.299
2004-03-08,5.5,-6.9,-1.2,75,33,54,1.39,21.12,0.0,911.2,2.25,0.293
2004-03-09,14.0,-5.0,3.1,78,23,55,1.56,20.56,0.0,905.9,2.9,0.288
2004-03-10,11.6,-0.5,5.6,86,51,70,2.89,12.63,0.6,901.2,1.96,0.294
2004-03-11,10.3,2.5,5.4,95,37,70,1.43,14.93,0.1,902.1,2.09,0.299
2004-03-12,11.0,0.3,5.2,75,35,58,1.9,18.32,0.0,903.2,2.69,0.288
2004-03-13,9.0,0.8,4.7,75,36,56,3.22,17.1,0.0,905.9,2.5,0.277
2004-03-14,7.0,1.0,3.7,74,31,52,4.53,17.4,0.0,909.8,2.48,0.268
2004-03-15,8.2,-1.4,3.2,75,28,51,2.81,21.82,0.0,912.1,2.7,0.26
2004-03-16,12.8,-1.7,5.3,69,21,46,1.31,21.52,0.0,908.5,3.06,0.25
2004-03-17,11.5,0.2,5.6,70,27,50,2.69,19.66,0.0,904.6,2.95,0.24
2004-03-18,10.5,1.8,5.7,77,51,61,2.76,17.42,1.0,903.9,2.42,0.239
2004-03-19,11.4,0.8,5.9,81,28,55,2.63,18.83,0.0,907.4,2.82,0.24
2004-03-20,15.6,-1.0,7.1,75,18,48,1.56,22.76,0.0,908.3,3.38,0.23
2004-03-21,20.1,-2.4,8.5,83,11,49,1.85,23.02,0.0,906.4,3.98,0.217
2004-03-22,22.6,-0.6,9.9,84,9,49,2.3,23.28,0.0,905.5,4.43,0.205
2004-03-23,22.8,-1.2,10.7,80,9,42,2.17,23.56,0.0,903.9,4.62,0.191
2004-03-24,23.5,6.6,14.5,67,15,35,2.38,22.79,0.0,900.1,4.8,0.174
2004-03-25,21.4,4.8,12.6,82,21,53,2.73,23.3,0.0,899.6,4.51,0.161
2004-03-26,20.7,3.9,11.0,93,26,62,1.65,22.51,0.0,901.6,3.74,0.155
2004-03-27,22.1,6.3,14.0,83,24,52,1.72,22.37,0.0,901.8,4.2,0.155
2004-03-28,25.9,7.3,16.6,86,11,43,2.4,23.63,0.0,902.0,5.12,0.147
2004-03-29,21.0,9.9,15.4,75,27,49,3.32,19.49,0.6,899.0,4.31,0.14
2004-03-30,14.1,6.4,10.0,77,26,48,3.19,21.3,0.0,901.7,3.69,0.146
2004-03-31,14.6,1.4,8.5,66,17,39,2.4,24.58,0.0,901.3,3.98,0.143
2004-04-01,16.9,1.2,9.0,68,23,46,1.56,18.18,0.7,899.7,3.1,0.143
2004-04-02,11.7,7.8,9.4,86,55,70,2.62,8.86,6.0,895.4,1.66,0.22
2004-04-03,10.0,2.5,6.8,73,24,46,3.97,22.76,0.0,901.1,3.41,0.225
2004-04-04,7.5,-1.2,3.1,54,22,39,3.34,25.56,0.0,906.4,3.31,0.213
2004-04-05,14.2,-3.5,5.5,74,17,39,1.14,25.73,0.0,904.8,3.74,0.202
2004-04-06,18.2,-0.4,9.3,73,18,41,1.3,24.48,0.0,900.9,4.01,0.188
2004-04-07,19.9,0.4,10.1,90,11,50,2.46,25.7,0.0,901.5,4.6,0.173
2004-04-08,20.2,0.8,10.7,85,17,48,1.84,25.8,0.0,903.1,4.48,0.159
2004-04-09,21.0,3.3,12.8,87,15,49,1.47,25.41,0.0,903.9,4.44,0.152
2004-04-10,23.5,4.2,14.4,73,12,38,1.28,25.75,0.0,904.6,4.66,0.151
2004-04-11,26.1,4.8,16.1,68,8,35,1.27,25.62,0.0,906.5,4.78,0.148
2004-04-12,27.7,6.7,18.1,71,5,36,1.33,25.51,0.0,905.9,5.03,0.143
2004-04-13,28.7,8.6,18.6,80,19,45,2.12,22.86,0.0,903.0,5.21,0.136
2004-04-14,23.5,12.1,17.3,62,18,40,3.73,15.44,0.3,899.2,4.51,0.127
2004-04-15,16.2,6.2,10.9,73,29,50,3.22,21.5,0.0,898.6,4.06,0.129
2004-04-16,12.8,4.2,7.9,89,23,52,6.15,21.68,2.0,903.0,3.54,0.14
2004-04-17,17.0,1.4,9.3,62,18,38,1.4,23.93,0.0,902.1,3.97,0.143
2004-04-18,19.6,7.9,12.6,82,31,53,2.55,22.36,3.0,893.2,4.12,0.162
2004-04-19,14.8,5.4,10.8,81,48,64,1.41,18.97,3.0,888.3,3.01,0.176
2004-04-20,20.1,5.9,13.1,99,34,67,2.16,20.64,0.1,893.1,3.81,0.192
2004-04-21,17.9,8.4,12.6,90,36,67,2.97,16.65,0.5,893.9,3.06,0.192
2004-04-22,16.7,8.3,11.4,85,43,71,1.2,20.37,17.3,890.7,3.34,0.233
2004-04-23,12.6,8.1,10.3,87,57,72,2.57,12.56,5.3,892.7,2.02,0.349
2004-04-24,18.4,5.0,12.2,92,27,57,1.12,20.71,0.0,897.5,3.38,0.301
2004-04-25,19.4,4.3,12.9,94,31,57,1.12,23.28,0.0,899.3,3.99,0.276
2004-04-26,22.0,7.7,15.5,79,20,46,2.0,24.41,0.0,898.7,4.88,0.249
2004-04-27,23.1,12.2,16.8,55,24,39,4.25,23.7,0.6,895.8,5.41,0.232
2004-04-28,20.3,9.1,14.6,66,28,48,3.29,25.51,0.0,898.0,4.98,0.221
2004-04-29,19.4,7.5,13.1,86,39,66,1.99,23.51,1.1,897.4,4.05,0.207
2004-04-30,19.5,8.0,13.9,90,38,66,1.46,23.17,0.2,896.3,3.95,0.206
2004-05-01,22.0,7.5,14.4,89,34,66,1.63,24.94,1.8,896.5,4.46,0.203
2004-05-02,21.0,11.0,15.0,92,37,69,1.48,24.01,1.4,896.7,4.25,0.21
2004-05-03,19.7,8.2,13.6,99,41,75,1.61,21.69,2.5,897.0,3.78,0.21
2004-05-04,22.5,8.8,15.7,91,37,63,1.56,23.17,0.0,899.9,4.28,0.207
2004-05-05,24.6,9.6,17.9,82,32,55,1.98,22.99,0.0,901.7,4.83,0.192
2004-05-06,27.2,15.0,20.3,88,20,52,3.05,26.86,1.8,898.1,6.11,0.193
2004-05-07,29.1,9.3,19.1,80,20,48,2.7,28.48,0.0,896.9,6.3,0.176
2004-05-08,26.5,10.4,18.8,84,25,53,1.9,28.41,0.0,898.9,5.77,0.157
2004-05-09,25.7,10.3,18.6,94,18,51,1.77,27.8,0.0,898.1,5.56,0.149
2004-05-10,26.4,12.9,19.4,55,27,36,2.13,24.7,1.4,891.0,5.53,0.149
2004-05-11,25.5,12.0,18.3,75,21,49,2.33,27.87,0.0,894.3,5.83,0.151
2004-05-12,21.3,11.4,16.5,56,19,38,2.95,25.47,0.0,898.9,5.15,0.144
2004-05-13,26.2,8.6,17.1,56,23,39,2.1,27.08,0.0,898.1,5.66,0.139
2004-05-14,24.6,13.2,19.4,51,18,28,3.25,28.28,0.2,892.0,6.62,0.126
2004-05-15,18.5,11.9,15.0,71,33,51,4.07,22.9,0.5,894.5,4.68,0.126
2004-05-16,16.7,9.2,12.8,61,31,47,2.68,14.66,0.0,896.2,3.24,0.127
2004-05-17,20.3,6.4,13.9,63,24,44,1.33,27.16,0.2,897.2,4.86,0.127
2004-05-18,20.3,7.0,13.6,88,23,55,3.01,24.85,0.2,899.7,4.71,0.124
2004-05-19,16.0,8.4,11.9,87,50,71,2.01,18.25,7.3,900.7,2.93,0.147
2004-05-20,20.1,7.7,13.8,86,22,52,2.49,26.89,0.0,902.7,4.87,0.181
2004-05-21,23.6,7.3,16.1,63,14,37,1.82,29.57,0.0,903.7,5.69,0.171
2004-05-22,25.5,8.8,17.9,63,19,39,1.65,28.08,0.0,902.6,5.73,0.159
2004-05-23,27.4,9.1,19.0,88,20,47,2.05,29.42,0.3,901.0,6.18,0.149
2004-05-24,28.0,9.3,19.7,87,18,46,1.87,29.92,0.0,899.6,6.21,0.137
2004-05-25,27.0,11.9,19.7,79,28,49,1.65,27.71,0.0,899.8,5.7,0.13
2004-05-26,23.7,13.9,18.7,68,39,51,3.04,24.72,0.3,899.9,5.52,0.134
2004-05-27,22.2,11.7,16.8,70,27,49,3.96,28.23,0.1,900.5,5.74,0.138
2004-05-28,22.2,10.1,16.3,71,28,48,3.06,28.44,0.0,901.6,5.38,0.133
2004-05-29,25.6,8.8,18.3,73,25,45,1.3,29.84,0.0,899.8,5.63,0.132
2004-05-30,25.8,12.4,19.4,87,29,50,2.47,27.58,0.0,897.6,5.91,0.135
2004-05-31,23.4,11.4,17.4,86,25,54,2.63,27.3,1.3,897.5,5.44,0.137
2004-06-01,24.3,10.1,17.5,84,28,52,2.42,23.7,0.2,901.3,4.99,0.142
2004-06-02,24.8,14.1,18.9,64,25,46,1.32,25.57,0.0,903.3,5.09,0.14
2004-06-03,25.7,12.7,19.0,85,23,51,2.65,29.26,0.0,901.0,6.14,0.14
2004-06-04,27.4,11.6,20.0,77,22,47,1.42,25.73,0.0,902.5,5.31,0.138
2004-06-05,29.6,13.6,21.8,75,25,46,2.06,27.99,1.1,903.4,6.23,0.136
2004-06-06,28.7,12.7,21.6,84,24,47,3.41,26.65,0.9,902.4,6.57,0.136
2004-06-07,29.4,11.6,21.4,73,15,38,2.79,30.65,0.0,901.4,7.21,0.135
2004-06-08,24.1,13.3,18.9,66,35,49,2.82,23.06,1.5,898.8,5.06,0.131
2004-06-09,22.5,13.9,18.2,60,29,44,3.4,16.42,0.0,900.9,4.46,0.143
2004-06-10,24.8,11.8,18.8,63,23,42,3.3,24.94,0.0,902.5,5.79,0.133
2004-06-11,25.8,12.3,19.5,61,16,38,2.52,29.66,0.0,903.8,6.36,0.121
2004-06-12,29.8,11.5,21.8,49,10,25,1.15,30.8,0.0,905.3,6.21,0.116
2004-06-13,31.7,13.2,24.2,53,15,28,1.1,30.49,0.0,905.1,6.4,0.114
2004-06-14,32.4,15.9,24.9,59,18,34,1.83,28.07,0.2,902.5,6.7,0.111
2004-06-15,29.4,18.5,24.1,47,18,32,3.46,29.48,0.0,900.1,7.48,0.107
2004-06-16,29.2,16.3,23.3,59,22,37,2.35,29.37,0.0,897.8,6.62,0.106
2004-06-17,31.5,15.3,24.4,53,16,31,1.94,30.38,0.0,899.0,6.94,0.106
2004-06-18,30.8,16.7,23.3,63,23,42,2.14,27.36,0.7,899.9,6.39,0.113
2004-06-19,29.9,16.3,23.3,67,22,41,4.59,26.43,0.3,895.5,7.32,0.127
2004-06-20,29.6,14.5,22.5,68,22,44,1.72,24.04,0.0,896.7,5.38,0.124
2004-06-21,31.4,16.6,24.5,69,22,42,1.81,25.17,0.0,899.9,6.11,0.119
2004-06-22,30.1,20.2,24.6,57,25,41,2.18,24.96,0.1,901.4,5.94,0.116
2004-06-23,27.2,17.2,21.7,70,32,46,1.66,24.75,1.7,898.0,5.38,0.124
2004-06-24,23.1,14.3,18.2,93,45,73,1.56,21.21,7.6,896.1,3.97,0.182
2004-06-25,26.3,14.5,20.2,87,33,60,2.14,21.24,0.7,900.2,4.54,0.217
2004-06-26,28.3,15.0,22.4,79,26,47,2.3,24.83,0.0,902.9,5.65,0.194
2004-06-27,30.8,15.3,23.6,68,20,41,1.66,29.64,0.0,902.8,6.45,0.174
2004-06-28,27.2,17.6,22.5,63,24,41,3.38,28.45,0.0,903.4,6.72,0.154
2004-06-29,27.0,16.4,21.7,48,20,32,3.17,31.04,0.0,904.6,7.15,0.138
2004-06-30,31.0,12.4,22.7,56,13,32,1.91,31.12,0.0,902.3,6.95,0.131
2004-07-01,28.9,17.6,23.3,62,16,37,2.73,30.02,0.0,902.9,6.98,0.124
2004-07-02,31.0,15.9,23.7,42,15,29,1.96,30.65,0.0,901.5,6.91,0.117
2004-07-03,32.4,16.6,25.3,46,15,27,1.99,30.69,0.0,899.2,7.15,0.114
2004-07-04,32.0,19.8,25.9,40,16,27,4.0,30.37,0.0,901.3,8.39,0.109
2004-07-05,31.3,18.0,24.4,45,13,26,3.57,31.14,0.0,903.0,8.0,0.107
2004-07-06,32.9,16.1,24.1,63,14,36,2.52,30.74,0.0,902.2,7.18,0.106
2004-07-07,34.7,17.2,26.1,43,10,25,2.5,30.18,0.0,900.2,7.61,0.104
2004-07-08,31.7,18.9,26.1,56,17,31,4.0,29.3,0.0,900.0,8.09,0.102
2004-07-09,31.0,19.0,25.3,56,18,36,4.75,29.78,0.0,900.4,8.15,0.101
2004-07-10,30.0,18.0,24.0,44,9,25,3.68,31.15,0.0,900.4,8.1,0.101
2004-07-11,32.0,15.7,24.4,38,10,21,2.83,31.17,0.0,897.6,7.75,0.101
2004-07-12,34.9,15.5,26.7,43,14,24,2.44,30.36,0.0,895.4,7.89,0.101
2004-07-13,35.0,18.7,27.7,44,13,25,2.88,30.09,0.0,898.5,8.29,0.1
2004-07-14,34.0,16.1,26.3,46,16,25,4.35,30.22,0.0,896.0,9.01,0.099
2004-07-15,30.2,17.5,23.6,55,22,37,2.52,28.36,0.1,895.1,6.8,0.099
2004-07-16,24.7,17.6,20.2,74,45,61,2.54,20.71,8.0,898.2,4.48,0.114
2004-07-17,25.2,15.7,19.6,83,37,63,2.99,20.55,0.4,902.7,4.61,0.164
2004-07-18,26.0,15.3,19.9,75,28,53,3.97,23.46,0.0,905.1,5.54,0.155
2004-07-19,26.9,14.5,20.6,72,28,48,3.74,29.91,0.0,903.8,6.61,0.145
2004-07-20,27.8,14.9,21.6,65,30,46,3.24,29.42,0.0,901.2,6.56,0.133
2004-07-21,29.6,17.0,22.9,67,20,42,3.63,29.13,0.0,899.9,7.03,0.124
2004-07-22,28.2,15.9,21.9,58,11,32,3.58,30.45,0.0,900.3,7.36,0.117
2004-07-23,28.9,14.9,22.4,53,21,33,3.3,29.75,0.0,900.4,7.11,0.113
2004-07-24,30.8,16.4,23.9,48,17,33,2.4,29.3,0.0,898.0,6.86,0.11
2004-07-25,31.8,18.2,25.2,44,20,32,1.8,24.82,0.0,896.4,6.05,0.108
2004-07-26,32.4,17.8,25.6,63,25,41,1.87,25.27,0.0,897.2,6.17,0.108
2004-07-27,33.8,17.3,26.3,70,20,41,1.72,27.79,0.1,899.4,6.56,0.106
2004-07-28,34.7,17.9,26.9,76,14,38,2.31,28.75,0.0,900.2,7.32,0.104
2004-07-29,34.5,18.2,27.2,44,13,25,1.86,29.49,0.0,900.0,7.17,0.102
2004-07-30,36.0,19.0,28.1,53,14,29,1.55,29.25,0.0,898.7,6.78,0.102
2004-07-31,36.1,18.5,28.1,66,14,34,1.51,29.06,0.0,898.5,6.57,0.101
2004-08-01,36.8,19.3,28.1,69,12,35,1.58,28.87,0.0,896.6,6.81,0.099
2004-08-02,33.3,18.0,26.2,84,19,45,1.95,28.44,0.0,895.3,6.69,0.099
2004-08-03,30.4,20.6,25.2,60,33,48,2.67,22.87,2.0,895.3,5.75,0.103
2004-08-04,31.3,19.6,25.4,57,20,37,1.98,26.2,0.0,897.4,6.17,0.116
2004-08-05,31.9,18.4,25.8,43,21,30,2.0,24.58,0.0,898.5,6.13,0.111
2004-08-06,33.2,19.8,26.8,60,19,36,1.74,25.38,0.0,899.7,6.02,0.108
2004-08-07,33.6,20.1,27.0,52,23,35,2.21,24.18,0.0,899.5,6.31,0.108
2004-08-08,33.4,19.7,26.8,69,21,40,2.13,26.61,0.0,897.9,6.49,0.109
2004-08-09,33.9,21.1,27.7,49,23,34,1.47,25.65,0.0,898.2,5.85,0.107
2004-08-10,34.2,20.4,27.4,66,28,40,1.88,23.49,0.0,896.6,5.91,0.106
2004-08-11,27.7,20.7,24.1,64,35,47,3.21,18.35,0.0,896.1,5.22,0.105
2004-08-12,28.7,17.7,23.0,57,23,40,3.46,24.35,0.0,899.4,6.24,0.105
2004-08-13,29.4,15.8,22.7,49,15,34,2.07,27.72,0.0,900.8,6.19,0.104
2004-08-14,32.9,14.3,24.0,45,16,28,1.13,27.99,0.0,899.9,5.85,0.103
2004-08-15,34.2,15.8,25.6,72,15,39,1.5,27.13,0.0,896.5,6.11,0.1
2004-08-16,33.3,19.6,26.0,67,20,44,1.5,26.09,0.1,896.5,5.76,0.097
2004-08-17,32.4,16.7,24.9,89,18,48,1.47,26.33,0.0,898.9,5.74,0.097
2004-08-18,28.8,18.2,23.7,72,27,46,2.49,20.91,0.0,902.1,5.13,0.098
2004-08-19,28.6,16.6,23.0,59,23,38,2.87,26.27,0.0,901.9,6.3,0.098
2004-08-20,28.1,17.1,22.8,65,29,43,3.09,19.49,0.0,899.1,5.27,0.098
2004-08-21,29.9,16.6,23.4,55,25,41,2.19,24.61,0.0,899.6,5.67,0.097
2004-08-22,32.9,16.6,25.1,57,19,34,1.42,26.34,0.0,900.7,5.86,0.096
2004-08-23,34.2,16.9,26.2,64,17,35,1.81,25.69,0.0,900.5,6.24,0.095
2004-08-24,28.4,17.9,23.3,72,26,45,2.91,25.51,0.0,904.0,6.09,0.095
2004-08-25,28.9,15.5,22.2,55,20,39,2.59,25.74,0.0,903.1,6.02,0.094
2004-08-26,30.1,14.9,22.9,49,20,36,2.27,25.91,0.0,901.1,6.03,0.094
2004-08-27,32.2,15.2,24.0,56,15,33,1.57,25.79,0.0,899.1,5.75,0.093
2004-08-28,34.9,15.6,25.3,49,10,26,3.39,25.1,0.0,897.0,7.53,0.091
2004-08-29,28.9,16.1,22.7,61,27,37,1.76,25.17,0.0,900.5,5.56,0.09
2004-08-30,30.4,16.4,23.6,46,23,33,1.88,24.95,0.0,901.6,5.72,0.091
2004-08-31,31.2,16.4,24.4,53,20,33,1.76,24.2,0.0,900.5,5.64,0.091
2004-09-01,32.5,17.6,25.3,47,16,30,1.9,23.76,0.0,899.6,5.79,0.093
2004-09-02,31.7,18.3,25.3,52,21,34,3.07,23.53,0.0,900.5,6.41,0.092
2004-09-03,30.0,18.8,24.4,57,17,35,3.3,24.01,0.0,904.1,6.38,0.091
2004-09-04,27.8,16.5,22.2,64,23,40,3.16,24.25,0.0,902.9,5.82,0.091
2004-09-05,26.0,16.1,21.0,60,29,41,3.87,20.94,0.0,900.9,5.45,0.091
2004-09-06,23.8,14.6,19.2,63,25,40,4.01,23.98,0.0,902.4,5.78,0.092
2004-09-07,22.8,11.3,16.8,66,27,46,2.72,23.84,0.0,904.5,4.86,0.092
2004-09-08,26.5,10.8,18.8,54,23,37,1.85,23.58,0.0,902.1,5.04,0.092
2004-09-09,30.1,12.8,21.1,49,17,34,2.23,23.58,0.0,898.2,5.68,0.09
2004-09-10,20.7,12.6,16.7,59,25,39,4.04,19.76,0.0,903.5,4.85,0.089
2004-09-11,19.2,9.2,14.4,50,23,35,3.89,23.03,0.0,905.0,4.94,0.089
2004-09-12,19.1,8.6,13.8,57,25,37,3.17,23.54,0.0,905.5,4.65,0.09
2004-09-13,22.7,6.9,14.6,54,22,37,2.23,23.43,0.0,904.3,4.64,0.091
2004-09-14,26.6,5.6,16.3,54,11,30,1.94,23.47,0.0,905.0,4.98,0.091
2004-09-15,28.1,6.6,17.8,41,11,24,1.93,23.44,0.0,903.6,5.15,0.091
2004-09-16,28.8,7.7,19.5,38,10,22,1.82,23.03,0.0,900.5,5.12,0.091
2004-09-17,28.3,10.7,19.7,36,16,25,2.48,22.29,0.0,900.3,5.48,0.09
2004-09-18,25.2,12.0,18.7,53,20,35,2.97,22.29,0.0,903.9,5.24,0.089
2004-09-19,27.3,10.1,18.6,56,18,37,1.87,22.05,0.0,904.3,4.73,0.089
2004-09-20,29.2,9.5,19.8,58,13,32,1.33,21.95,0.0,905.0,4.57,0.088
2004-09-21,30.8,10.4,21.0,46,7,26,1.43,21.63,0.0,903.4,4.68,0.084
2004-09-22,31.3,10.0,21.1,75,14,38,2.34,21.44,0.0,899.2,5.39,0.078
2004-09-23,29.0,9.4,19.8,76,18,42,1.85,21.11,0.0,898.8,4.64,0.074
2004-09-24,29.7,10.5,20.2,83,18,48,2.2,20.7,0.0,901.0,4.87,0.071
2004-09-25,28.5,14.4,20.9,81,23,49,2.42,20.24,0.0,903.2,4.75,0.07
2004-09-26,28.6,11.6,20.7,85,19,50,1.58,20.24,0.0,905.7,4.28,0.068
2004-09-27,30.6,12.1,21.6,60,14,36,1.8,20.41,0.0,906.5,4.71,0.067
2004-09-28,31.5,13.6,22.0,45,14,29,2.64,20.29,0.0,907.2,5.51,0.067
2004-09-29,31.0,13.0,22.0,38,13,26,1.67,20.27,0.0,904.3,4.6,0.067
2004-09-30,32.5,10.7,21.6,60,13,34,1.43,19.89,0.0,903.8,4.39,0.068
2004-10-01,30.3,11.6,21.4,71,20,39,2.52,18.7,0.0,903.9,4.99,0.039
2004-10-02,25.1,12.3,19.2,63,27,43,2.23,18.72,0.0,903.4,4.28,0.034
2004-10-03,22.6,11.5,17.5,49,27,35,2.48,18.97,0.0,902.9,4.31,0.034
2004-10-04,21.2,10.0,15.6,69,36,49,2.75,15.04,0.0,903.5,3.47,0.034
2004-10-05,21.0,7.6,14.5,77,28,48,2.68,18.51,0.0,904.0,3.83,0.034
2004-10-06,19.5,6.3,13.5,77,36,53,2.03,15.24,0.0,901.4,2.75,0.034
2004-10-07,22.1,11.0,15.8,77,31,56,2.97,14.58,0.0,900.5,3.35,0.033
2004-10-08,20.9,7.7,13.8,92,34,65,1.68,15.72,1.7,900.2,2.88,0.039
2004-10-09,20.8,8.2,14.4,89,34,59,1.52,14.87,0.0,900.4,2.88,0.048
2004-10-10,22.6,9.1,15.5,75,29,51,1.43,16.73,0.0,903.3,3.21,0.045
2004-10-11,25.6,6.8,16.3,78,20,45,1.08,17.97,0.0,904.2,3.36,0.041
2004-10-12,26.1,6.8,16.7,83,15,44,1.69,17.91,0.0,903.1,3.75,0.039
2004-10-13,19.7,10.1,14.6,86,38,60,3.13,15.66,0.0,905.5,3.23,0.037
2004-10-14,21.9,6.1,13.9,81,34,55,1.26,16.88,0.0,906.2,2.93,0.037
2004-10-15,26.1,7.8,16.8,82,22,51,1.24,16.74,0.0,906.1,3.23,0.036
2004-10-16,26.2,11.1,18.2,66,22,44,1.46,15.92,0.0,907.0,3.38,0.035
2004-10-17,28.1,10.1,18.5,77,18,45,1.5,16.49,0.0,907.1,3.48,0.033
2004-10-18,30.0,10.2,19.3,77,16,43,2.14,15.86,0.0,907.2,4.09,0.031
2004-10-19,28.6,8.2,17.9,78,15,42,2.1,16.56,0.0,905.7,4.05,0.029
2004-10-20,26.0,7.7,16.9,77,22,44,1.46,13.28,0.0,901.3,3.04,0.028
2004-10-21,21.5,13.2,17.0,62,27,41,2.38,14.58,0.0,902.6,3.32,0.026
2004-10-22,21.7,5.0,13.7,77,28,48,1.3,15.78,0.0,903.5,2.91,0.026
2004-10-23,22.3,6.9,14.8,58,22,39,1.49,15.84,0.0,905.6,3.1,0.026
2004-10-24,24.5,6.1,15.5,64,24,40,0.99,14.84,0.0,905.0,2.73,0.025
2004-10-25,24.8,7.0,15.3,74,21,45,1.76,15.43,0.0,905.5,3.3,0.023
2004-10-26,26.2,7.1,16.1,60,16,38,1.54,15.39,0.0,905.3,3.2,0.023
2004-10-27,28.4,10.3,18.1,65,17,37,1.71,13.49,0.6,904.7,3.34,0.027
2004-10-28,27.3,9.0,17.9,73,19,43,1.65,13.37,0.0,903.0,3.14,0.03
2004-10-29,22.3,8.3,15.5,80,37,54,1.37,13.48,0.0,901.4,2.63,0.029
2004-10-30,23.4,5.4,14.7,93,30,58,1.45,13.17,0.0,901.6,2.57,0.029
2004-10-31,23.1,6.6,14.2,82,31,55,2.16,14.2,0.0,904.6,3.0,0.029
2004-11-01,22.6,6.6,13.9,78,27,50,1.94,14.34,0.0,905.3,2.91,0.028
2004-11-02,23.3,5.2,14.2,74,21,44,1.68,14.11,0.0,904.8,2.84,0.028
2004-11-03,22.4,7.3,14.6,65,35,48,1.97,13.74,0.0,904.3,2.91,0.027
2004-11-04,18.3,7.6,12.9,72,38,53,2.98,10.06,0.0,906.4,2.52,0.026
2004-11-05,16.7,5.0,10.4,65,30,44,1.8,13.77,0.0,905.0,2.46,0.026
2004-11-06,20.7,2.9,11.5,55,26,39,1.03,12.73,0.0,900.0,2.28,0.026
2004-11-07,21.0,6.1,13.6,83,27,52,1.57,12.14,0.0,898.4,2.41,0.025
2004-11-08,18.2,9.7,14.0,78,51,64,2.82,8.33,0.0,898.7,2.06,0.024
2004-11-09,18.9,8.2,13.4,85,44,68,2.51,9.24,0.0,898.6,2.08,0.025
2004-11-10,18.8,8.3,13.0,88,42,70,2.17,8.01,0.0,899.5,1.77,0.025
2004-11-11,20.0,9.2,13.4,93,40,69,1.32,10.54,0.0,903.0,1.86,0.025
2004-11-12,20.5,6.5,12.8,83,38,61,1.55,12.09,0.0,906.5,2.19,0.026
2004-11-13,20.9,4.5,11.8,84,34,59,1.4,12.26,0.0,905.1,2.17,0.028
2004-11-14,22.9,4.6,13.0,81,26,53,1.58,11.67,0.0,904.3,2.35,0.027
2004-11-15,19.6,8.8,14.0,80,31,55,3.31,8.83,0.0,900.8,2.62,0.028
2004-11-16,20.1,10.3,13.8,84,36,65,1.32,9.66,2.0,897.1,1.76,0.044
2004-11-17,10.2,6.9,8.3,91,59,79,3.17,4.77,7.2,894.1,1.01,0.094
2004-11-18,9.8,2.8,6.3,70,44,59,2.48,8.87,0.0,903.2,1.56,0.139
2004-11-19,15.7,-2.5,5.2,90,32,66,1.62,12.41,0.0,899.4,1.88,0.141
2004-11-20,16.5,3.4,9.6,90,39,68,4.59,8.97,0.0,896.1,2.25,0.138
2004-11-21,11.6,0.5,4.8,96,65,83,3.95,4.32,10.8,893.1,0.84,0.185
2004-11-22,0.2,-2.7,-1.5,88,63,73,5.64,5.55,4.0,896.7,0.79,0.209
2004-11-23,1.6,-7.9,-2.6,83,45,67,2.25,11.47,0.0,904.1,1.21,0.202
2004-11-24,8.2,-6.4,-0.2,77,29,59,2.07,11.78,0.0,901.5,1.53,0.204
2004-11-25,9.1,-0.7,3.9,94,60,83,1.96,5.77,16.2,894.7,0.87,0.273
2004-11-26,-0.9,-4.6,-2.5,89,74,80,5.79,5.13,7.4,897.2,0.64,0.281
2004-11-27,0.7,-8.0,-3.6,81,46,67,1.62,11.4,0.0,906.7,1.1,0.253
2004-11-28,6.8,-7.7,-2.2,83,34,64,1.07,11.49,0.0,907.4,1.21,0.241
2004-11-29,8.6,-4.8,0.4,99,51,79,1.28,10.39,0.0,908.7,1.18,0.24
2004-11-30,11.4,-3.4,3.3,93,48,73,1.08,10.6,0.0,907.8,1.34,0.23
2004-12-01,11.0,0.3,4.8,89,50,75,1.72,8.09,0.0,908.1,1.2,0.22
2004-12-02,8.7,0.3,4.3,96,41,72,1.16,9.99,0.0,910.7,1.27,0.215
2004-12-03,13.5,0.0,5.1,85,37,67,1.18,10.51,0.0,910.4,1.43,0.212
2004-12-04,15.0,-0.3,5.8,91,40,73,1.4,10.52,0.0,909.2,1.45,0.208
2004-12-05,13.0,1.3,6.7,92,50,77,1.23,9.22,0.4,907.8,1.36,0.203
2004-12-06,10.7,3.4,7.3,91,50,75,1.38,7.47,0.3,908.1,1.11,0.208
2004-12-07,12.0,1.6,5.7,90,48,77,1.9,6.97,3.4,905.4,1.14,0.21
2004-12-08,6.6,-1.5,3.2,82,41,64,3.92,9.62,0.0,909.2,1.45,0.233
2004-12-09,6.9,-4.2,0.5,82,44,67,1.12,10.58,0.0,906.2,1.21,0.226
2004-12-10,5.7,-2.9,0.9,80,42,64,1.1,10.22,0.0,905.0,1.17,0.222
2004-12-11,3.6,-1.0,0.5,78,52,69,1.58,7.19,0.0,903.9,0.88,0.218
2004-12-12,5.3,-3.6,1.5,75,40,59,1.39,9.6,0.0,907.9,1.17,0.211
2004-12-13,6.1,-5.7,-0.7,81,38,63,0.92,10.56,0.0,905.6,1.16,0.207
2004-12-14,5.3,-3.5,0.6,80,47,65,1.91,9.21,0.0,903.9,1.17,0.205
2004-12-15,1.2,-5.1,-2.0,75,32,54,2.94,10.11,0.0,905.1,1.21,0.201
2004-12-16,0.5,-7.2,-3.8,65,36,51,1.93,10.34,0.0,906.1,1.09,0.202
2004-12-17,5.0,-9.5,-3.0,66,25,49,1.33,10.69,0.0,905.6,1.21,0.201
2004-12-18,7.4,-5.4,0.5,68,33,53,2.43,8.12,0.0,901.8,1.38,0.199
2004-12-19,6.1,1.3,3.8,62,33,53,3.87,6.13,0.0,896.1,1.52,0.195
2004-12-20,10.2,2.4,5.6,85,49,69,2.71,7.6,0.9,895.0,1.32,0.191
2004-12-21,11.8,1.4,5.5,95,55,77,1.32,8.33,0.0,899.7,1.08,0.183
2004-12-22,9.6,1.0,4.9,93,59,81,2.1,4.47,0.5,898.0,0.79,0.181
2004-12-23,9.0,2.0,4.9,99,62,86,1.23,6.91,0.2,895.1,0.88,0.198
2004-12-24,5.4,2.6,4.0,98,78,89,1.75,3.49,0.0,894.1,0.52,0.202
2004-12-25,4.5,-2.1,1.3,91,58,78,1.8,7.92,0.0,901.2,0.86,0.202
2004-12-26,5.4,-2.6,0.7,85,52,73,0.84,10.61,0.0,908.4,1.08,0.203
2004-12-27,8.9,-3.6,2.0,86,39,64,1.0,8.92,0.0,909.2,1.12,0.207
2004-12-28,12.1,-1.7,4.1,88,33,66,1.21,8.46,0.0,906.2,1.21,0.21
2004-12-29,14.1,2.3,7.0,90,39,66,2.54,5.06,0.0,899.4,1.34,0.208
2004-12-30,17.5,3.1,9.6,68,23,45,2.22,10.27,0.0,901.8,2.15,0.198
2004-12-31,16.3,-0.6,6.7,86,22,58,1.39,10.66,0.0,903.1,1.71,0.19
2005-01-01,15.5,-1.0,6.2,88,27,62,1.18,9.63,0.0,900.7,1.38,0.183
2005-01-02,5.2,0.5,3.6,99,82,88,1.3,2.27,7.9,897.3,0.35,0.218
2005-01-03,5.5,0.2,2.7,88,51,72,1.7,6.6,0.0,898.8,0.86,0.242
2005-01-04,6.1,0.1,2.7,96,55,71,1.1,7.03,1.7,899.0,0.87,0.236
2005-01-05,3.5,-1.2,1.4,93,46,70,2.8,9.64,0.3,902.2,1.15,0.238
2005-01-06,5.6,-2.5,1.6,86,54,71,1.86,6.27,0.0,906.7,0.89,0.231
2005-01-07,8.0,-3.8,1.3,87,39,67,1.62,10.47,0.0,904.8,1.31,0.225
2005-01-08,7.7,-0.9,2.5,84,43,68,2.33,9.75,0.0,908.0,1.29,0.219
2005-01-09,6.5,-4.3,0.4,90,48,73,1.4,11.3,0.0,909.2,1.22,0.216
2005-01-10,10.4,-4.2,1.7,86,35,64,1.7,11.31,0.0,908.2,1.52,0.215
2005-01-11,9.0,-2.7,2.6,79,30,57,1.64,11.29,0.0,910.6,1.5,0.211
2005-01-12,11.2,-2.9,2.6,76,29,57,0.91,11.38,0.0,908.9,1.45,0.207
2005-01-13,12.7,-2.8,3.5,82,32,62,1.09,11.56,0.0,904.6,1.53,0.206
2005-01-14,10.8,-1.7,3.9,98,47,75,1.4,7.86,0.0,899.8,1.1,0.202
2005-01-15,8.7,1.6,5.0,85,49,67,1.74,7.83,1.1,896.3,1.2,0.2
2005-01-16,6.7,2.9,4.6,88,68,81,2.87,5.48,3.1,896.4,0.84,0.229
2005-01-17,9.0,2.6,5.2,88,53,75,2.34,6.58,0.6,897.7,1.07,0.245
2005-01-18,8.4,1.2,4.3,95,53,78,1.13,9.3,1.4,895.3,1.16,0.258
2005-01-19,9.0,-2.9,2.3,100,52,78,1.06,10.71,0.0,892.6,1.19,0.249
2005-01-20,10.7,-3.7,2.2,99,42,77,1.92,11.33,0.0,898.7,1.45,0.241
2005-01-21,9.4,1.0,4.6,91,51,75,3.93,6.81,0.2,897.4,1.28,0.235
2005-01-22,11.1,0.8,5.7,85,40,66,2.59,11.09,0.9,890.9,1.71,0.237
2005-01-23,10.4,-0.6,4.0,93,53,76,3.18,10.3,4.2,887.9,1.43,0.24
2005-01-24,1.8,-4.6,-1.7,75,42,57,2.06,13.16,0.0,898.3,1.44,0.246
2005-01-25,9.0,-4.9,1.4,78,35,61,2.86,10.89,0.0,899.5,1.65,0.244
2005-01-26,11.1,3.7,6.2,82,39,65,3.0,10.71,0.0,900.4,1.78,0.238
2005-01-27,13.7,-0.3,5.9,87,31,62,2.9,11.6,0.0,898.5,2.07,0.229
2005-01-28,14.8,1.3,7.6,84,31,59,3.26,8.79,0.0,899.2,2.12,0.221
2005-01-29,18.4,7.2,11.4,67,20,42,4.89,12.08,0.0,894.4,3.57,0.209
2005-01-30,14.7,7.1,10.6,81,43,64,4.77,9.31,7.6,892.4,2.26,0.274
2005-01-31,7.2,1.4,4.3,91,70,80,2.09,6.35,1.8,894.3,0.91,0.291
2005-02-01,6.2,-0.7,2.6,91,44,71,2.52,12.21,0.0,890.2,1.44,0.279
2005-02-02,8.0,-3.8,1.5,91,43,68,1.34,12.0,0.1,895.0,1.43,0.267
2005-02-03,5.3,-2.6,1.5,91,62,83,3.18,7.05,4.0,892.6,0.87,0.272
2005-02-04,6.3,-0.8,2.7,93,67,82,1.84,10.99,1.5,889.6,1.31,0.292
2005-02-05,3.1,-1.3,1.1,95,80,88,2.04,7.8,5.9,893.0,0.8,0.287
2005-02-06,1.9,-2.8,-0.6,82,53,68,3.33,6.96,0.0,898.2,0.98,0.287
2005-02-07,0.7,-4.5,-2.1,65,46,57,3.09,10.69,0.0,901.1,1.22,0.275
2005-02-08,0.5,-4.8,-2.0,72,39,56,4.8,11.51,0.6,904.2,1.42,0.266
2005-02-09,-0.3,-7.9,-4.1,69,39,55,2.85,13.58,0.0,907.5,1.37,0.261
2005-02-10,1.3,-7.1,-3.6,69,34,53,2.22,15.54,0.0,905.3,1.51,0.26
2005-02-11,0.7,-6.6,-3.5,62,34,49,1.92,15.81,0.0,902.7,1.55,0.26
2005-02-12,1.7,-7.4,-3.5,61,33,49,1.51,16.16,0.0,900.6,1.63,0.26
2005-02-13,7.0,-7.9,-0.5,70,38,54,2.69,13.64,0.0,899.0,1.78,0.259
2005-02-14,10.8,0.9,5.4,83,44,65,4.51,12.75,0.0,900.2,2.12,0.256
2005-02-15,12.8,3.5,7.0,84,31,59,4.9,15.77,0.0,900.6,2.79,0.251
2005-02-16,12.0,4.2,7.4,61,36,53,5.11,10.11,0.1,898.9,2.48,0.245
2005-02-17,16.7,5.5,10.3,70,20,46,4.94,14.61,0.0,897.9,3.47,0.242
2005-02-18,17.1,7.3,12.0,68,32,49,5.63,13.47,1.7,895.0,3.52,0.246
2005-02-19,13.0,4.3,8.3,91,44,67,2.4,11.88,0.3,892.6,1.96,0.246
2005-02-20,12.0,1.0,5.7,90,32,63,2.47,15.34,0.0,892.9,2.32,0.241
2005-02-21,12.7,-2.1,4.1,95,31,69,2.25,15.56,0.1,896.7,2.29,0.234
2005-02-22,13.6,0.2,5.8,92,30,63,1.64,15.25,0.0,901.0,2.23,0.228
2005-02-23,15.2,2.2,7.5,88,24,59,2.4,14.81,0.0,900.4,2.53,0.221
2005-02-24,14.6,0.4,7.0,93,33,67,1.61,15.2,0.0,898.9,2.35,0.212
2005-02-25,15.9,1.1,7.5,94,24,64,1.81,14.81,0.0,899.1,2.5,0.206
2005-02-26,15.7,1.5,7.9,91,22,58,2.63,15.41,0.0,897.9,2.79,0.203
2005-02-27,16.0,6.0,10.8,73,31,49,4.53,13.18,0.0,891.5,3.23,0.195
2005-02-28,14.5,8.2,10.9,62,36,48,5.84,15.92,0.2,889.1,3.64,0.191
2005-03-01,16.7,8.6,12.4,70,32,49,5.43,14.85,0.0,890.8,3.71,0.184
2005-03-02,19.6,10.8,14.7,56,23,40,5.72,14.46,0.0,891.4,4.52,0.174
2005-03-03,14.4,6.5,10.9,83,36,61,3.75,14.95,2.7,890.1,2.84,0.172
2005-03-04,8.3,1.6,4.5,78,37,60,2.59,18.66,0.0,900.4,2.44,0.188
2005-03-05,14.9,-1.1,6.9,79,26,53,2.19,14.19,0.2,900.5,2.55,0.19
2005-03-06,15.2,7.2,10.6,76,43,55,3.81,14.25,0.7,895.9,2.84,0.189
2005-03-07,18.0,4.0,10.4,91,32,62,2.72,16.04,0.0,895.5,3.09,0.185
2005-03-08,13.6,6.1,10.1,89,49,70,3.51,9.56,3.2,891.0,1.99,0.208
2005-03-09,11.0,2.6,6.2,83,33,59,2.43,18.32,0.2,893.5,2.66,0.215
2005-03-10,9.2,1.3,4.3,95,28,71,2.09,17.98,5.7,894.5,2.36,0.227
2005-03-11,8.5,-2.3,2.5,81,35,60,2.61,18.04,1.1,894.7,2.23,0.231
2005-03-12,7.8,-4.3,1.1,85,29,60,1.79,21.11,0.7,899.3,2.52,0.228
2005-03-13,13.2,-4.6,3.9,83,23,54,2.42,21.52,0.0,902.2,3.19,0.225
2005-03-14,13.5,-2.3,5.4,89,24,59,1.57,20.83,0.0,904.8,3.02,0.212
2005-03-15,14.1,2.1,8.0,78,25,53,2.1,16.55,0.0,905.7,2.82,0.202
2005-03-16,13.6,2.0,8.0,81,22,50,2.83,15.86,0.0,905.9,2.97,0.193
2005-03-17,14.2,0.7,7.8,71,21,44,2.5,21.79,0.0,907.7,3.51,0.18
2005-03-18,19.3,-0.1,9.4,81,15,47,1.92,21.86,0.0,903.6,3.84,0.17
2005-03-19,20.5,3.0,11.6,83,20,51,2.59,20.94,0.0,899.3,4.06,0.157
2005-03-20,15.8,3.6,8.5,90,41,71,2.63,18.36,3.2,898.2,2.92,0.161
2005-03-21,13.2,4.0,7.6,88,50,70,1.81,14.25,0.0,898.9,2.27,0.201
2005-03-22,12.7,2.1,7.6,87,30,51,1.47,19.27,0.0,898.4,2.89,0.194
2005-03-23,9.8,0.0,5.1,49,14,29,3.23,23.44,0.0,901.4,3.59,0.179
2005-03-24,12.4,-2.1,5.3,59,20,34,1.91,23.46,0.0,904.8,3.39,0.167
2005-03-25,15.0,-1.3,6.8,70,14,39,1.66,23.32,0.0,904.2,3.6,0.157
2005-03-26,20.9,-0.4,10.3,67,13,38,2.68,22.48,0.0,902.1,4.5,0.148
2005-03-27,20.7,3.9,12.2,83,23,54,2.76,19.7,0.8,902.0,3.93,0.138
2005-03-28,22.6,6.2,13.9,89,26,55,3.37,16.29,1.0,901.9,3.98,0.137
2005-03-29,21.4,10.0,15.2,68,27,45,3.72,20.27,0.0,899.5,4.61,0.132
2005-03-30,20.2,4.6,12.4,86,22,51,1.96,19.27,0.0,897.2,3.8,0.124
2005-03-31,19.7,6.2,12.4,82,23,54,2.03,13.75,0.9,893.0,2.97,0.121
2005-04-01,12.7,2.3,8.3,96,48,75,3.41,14.7,4.8,891.4,2.25,0.154
2005-04-02,2.8,-1.1,0.9,87,58,73,3.76,12.4,5.7,896.5,1.49,0.176
2005-04-03,4.5,-0.5,1.8,84,51,67,3.98,13.09,1.6,900.7,1.64,0.184
2005-04-04,6.4,-1.0,2.6,67,39,54,3.11,16.97,0.0,907.9,2.3,0.188
2005-04-05,10.9,-1.2,4.8,77,26,52,2.03,24.0,0.0,909.2,3.36,0.184
2005-04-06,14.5,-0.5,7.2,76,24,49,2.11,24.92,0.0,907.8,3.75,0.176
2005-04-07,18.5,0.5,10.0,77,14,42,1.34,18.64,0.0,905.3,3.37,0.166
2005-04-08,21.2,5.8,13.3,58,15,37,1.84,15.53,0.0,900.3,3.54,0.151
2005-04-09,23.9,8.1,15.5,67,13,39,1.63,22.36,0.0,900.7,4.6,0.136
2005-04-10,26.0,6.8,16.4,85,10,42,1.58,25.08,0.0,904.1,4.94,0.128
2005-04-11,28.5,8.3,18.6,62,3,28,1.55,25.48,0.0,904.8,5.3,0.12
2005-04-12,29.1,10.2,19.5,61,4,29,2.33,19.94,0.0,902.5,5.31,0.105
2005-04-13,28.5,11.7,20.0,49,9,26,4.41,23.53,0.0,897.3,7.03,0.097
2005-04-14,19.0,8.9,14.0,70,21,41,3.98,24.5,0.0,896.5,5.06,0.096
2005-04-15,18.3,4.7,11.9,78,27,48,2.59,24.44,0.3,896.7,4.44,0.098
2005-04-16,19.4,5.3,12.4,86,26,52,2.07,21.73,0.0,898.7,4.08,0.096
2005-04-17,24.3,4.6,15.0,93,19,50,2.63,23.27,0.0,900.0,4.99,0.096
2005-04-18,20.1,11.7,14.7,74,32,57,4.57,16.57,2.6,895.5,3.79,0.101
2005-04-19,21.4,9.8,14.9,76,17,49,3.76,26.22,0.0,894.1,5.32,0.123
2005-04-20,23.9,4.8,14.2,87,17,51,1.86,25.97,0.0,900.0,4.9,0.114
2005-04-21,26.7,6.2,17.0,93,14,49,2.37,25.06,0.8,901.8,5.49,0.104
2005-04-22,23.5,14.2,18.5,78,35,58,5.1,15.87,0.9,898.4,4.32,0.108
2005-04-23,21.6,10.5,15.6,90,27,57,3.71,18.66,0.1,898.1,4.24,0.116
2005-04-24,19.5,9.7,14.1,75,19,48,2.63,18.08,0.0,902.8,3.88,0.115
2005-04-25,20.8,6.8,14.2,60,9,34,2.8,27.68,0.0,903.7,5.41,0.11
2005-04-26,24.3,5.9,16.0,54,13,31,1.23,26.37,0.0,901.2,5.0,0.106
2005-04-27,24.6,10.6,17.4,73,23,45,2.84,22.53,2.2,898.4,5.11,0.111
2005-04-28,20.4,10.0,14.9,75,23,46,2.62,21.29,0.0,899.9,4.43,0.119
2005-04-29,21.8,6.9,14.2,60,24,42,2.29,24.18,0.1,896.5,4.81,0.119
2005-04-30,15.0,4.4,9.7,98,41,67,2.06,16.45,6.8,894.1,2.69,0.167
2005-05-01,14.1,6.2,9.6,89,28,60,2.52,20.46,2.6,896.3,3.2,0.205
2005-05-02,14.1,7.2,10.8,72,37,53,3.61,20.0,0.1,899.3,3.6,0.205
2005-05-03,18.4,5.9,12.2,76,30,52,3.8,19.45,0.2,898.8,4.06,0.192
2005-05-04,15.0,4.6,10.2,54,22,38,4.59,26.41,0.0,896.9,4.53,0.179
2005-05-05,23.4,2.4,13.5,72,14,38,1.35,27.89,0.0,897.4,5.05,0.167
2005-05-06,27.0,9.6,18.4,76,22,46,3.32,23.49,0.0,898.5,5.67,0.155
2005-05-07,26.2,13.6,19.7,81,19,43,3.95,24.93,0.9,897.7,6.17,0.145
2005-05-08,23.3,11.3,16.7,68,11,37,3.78,25.27,0.8,893.9,5.81,0.138
2005-05-09,24.8,6.7,15.8,85,14,49,1.27,28.16,0.3,900.4,5.12,0.14
2005-05-10,26.6,7.1,17.7,95,4,45,1.73,28.74,0.0,901.9,5.77,0.134
2005-05-11,27.8,10.3,19.9,54,6,27,1.65,28.68,0.0,901.7,6.11,0.124
2005-05-12,28.0,11.8,20.4,76,13,40,2.04,27.68,0.0,903.0,6.07,0.121
2005-05-13,24.3,16.5,19.9,60,33,43,2.56,21.93,0.8,902.9,5.03,0.128
2005-05-14,21.5,11.5,16.8,80,21,49,4.03,26.52,0.0,902.7,5.65,0.13
2005-05-15,22.5,8.6,15.4,70,6,37,2.82,30.06,0.0,903.1,5.82,0.125
2005-05-16,25.0,8.5,17.1,34,8,22,1.71,27.36,0.0,901.5,5.6,0.123
2005-05-17,28.3,8.5,20.2,40,7,21,1.15,29.62,0.0,903.1,5.81,0.121
2005-05-18,29.9,11.3,21.8,55,5,25,1.64,29.61,0.0,904.2,6.41,0.115
2005-05-19,32.3,11.0,23.3,52,7,26,1.36,29.19,0.0,901.8,6.3,0.116
2005-05-20,31.7,16.6,24.0,59,11,32,2.7,20.28,0.0,900.4,6.04,0.11
2005-05-21,31.8,13.3,23.0,46,15,27,3.69,26.24,0.3,898.1,7.28,0.107
2005-05-22,28.0,10.3,19.8,70,13,34,2.78,30.47,0.0,897.8,6.91,0.106
2005-05-23,25.8,10.5,18.5,68,16,41,2.07,28.54,0.0,899.3,6.0,0.102
2005-05-24,23.8,13.7,18.8,67,28,46,1.82,24.41,0.0,899.0,5.09,0.101
2005-05-25,25.4,12.4,18.9,67,25,48,1.86,21.53,0.0,898.0,4.69,0.103
2005-05-26,24.4,12.0,18.0,85,30,54,2.33,24.22,1.4,898.4,5.03,0.111
2005-05-27,24.4,11.7,18.6,61,21,38,1.56,25.77,0.0,898.9,5.26,0.119
2005-05-28,24.6,11.5,18.0,69,28,49,1.6,24.59,2.8,899.6,4.92,0.125
2005-05-29,23.5,11.4,17.3,79,31,58,1.82,24.29,1.4,899.2,4.72,0.144
2005-05-30,20.4,12.9,16.6,88,45,68,1.23,17.39,2.1,899.3,3.27,0.162
2005-05-31,21.4,12.0,17.1,92,35,60,1.72,25.22,1.0,898.1,4.78,0.165
2005-06-01,22.2,13.6,17.4,79,36,60,1.45,21.6,1.9,896.7,4.17,0.175
2005-06-02,23.1,13.6,17.6,82,38,64,2.11,18.53,0.4,899.4,3.94,0.191
2005-06-03,23.7,14.2,18.6,74,33,54,2.59,20.09,0.0,902.0,4.5,0.178
2005-06-04,23.7,14.1,18.6,62,21,41,3.1,24.72,0.0,901.4,5.62,0.164
2005-06-05,25.2,10.4,18.4,60,14,37,2.26,27.19,0.0,900.7,5.89,0.148
2005-06-06,29.4,11.3,21.5,60,11,32,1.31,30.26,0.0,902.1,6.23,0.136
2005-06-07,31.6,12.6,23.0,88,11,44,1.38,29.81,0.0,903.2,6.28,0.13
2005-06-08,32.9,15.1,24.7,77,13,40,1.34,29.36,0.0,901.7,6.31,0.119
2005-06-09,33.3,16.7,25.6,72,15,39,1.75,28.16,0.1,898.8,6.67,0.107
2005-06-10,32.7,17.0,24.8,78,15,42,2.36,30.04,0.0,897.7,7.35,0.103
2005-06-11,28.8,14.6,22.0,75,18,43,3.13,29.32,0.0,897.9,6.92,0.1
2005-06-12,28.0,13.7,21.3,65,16,37,1.89,29.35,0.0,900.1,6.29,0.1
2005-06-13,29.2,15.9,23.0,38,12,26,1.69,28.93,0.0,898.3,6.47,0.1
2005-06-14,28.3,15.8,21.7,50,21,34,2.35,25.38,0.6,898.0,6.08,0.102
2005-06-15,25.6,14.5,20.3,66,29,46,3.74,27.98,0.0,900.3,6.43,0.107
2005-06-16,27.5,14.9,21.1,69,22,43,2.77,26.29,0.0,902.9,6.05,0.105
2005-06-17,29.7,14.8,22.9,47,12,28,2.64,28.6,0.0,904.6,6.98,0.102
2005-06-18,31.6,15.6,24.0,41,12,26,1.95,30.54,0.0,902.1,6.92,0.102
2005-06-19,30.8,16.0,24.1,51,18,32,2.59,27.09,0.4,897.3,6.82,0.103
2005-06-20,26.9,16.6,22.6,68,28,43,2.43,24.19,0.0,897.3,5.8,0.102
2005-06-21,26.2,15.8,21.6,49,25,34,2.49,23.82,0.1,897.6,5.81,0.1
2005-06-22,26.4,13.8,20.7,60,18,35,2.83,30.5,0.0,901.5,6.86,0.101
2005-06-23,28.0,13.3,20.5,46,10,27,2.31,31.33,0.0,904.2,6.84,0.1
2005-06-24,30.9,11.9,22.7,34,6,19,1.37,31.36,0.0,900.7,6.56,0.099
2005-06-25,26.6,16.4,21.9,58,16,36,3.88,26.86,0.0,899.9,6.82,0.097
2005-06-26,26.6,14.8,20.9,65,18,38,4.17,30.75,0.0,902.0,7.19,0.097
2005-06-27,28.3,15.2,21.7,50,14,29,3.41,31.14,0.0,900.0,7.47,0.096
2005-06-28,30.0,14.8,23.0,41,14,26,2.89,31.01,0.0,897.1,7.47,0.095
2005-06-29,30.8,16.0,23.7,43,19,30,2.37,28.66,0.0,895.5,6.86,0.096
2005-06-30,30.8,16.9,24.6,61,27,41,1.9,25.83,0.0,897.8,6.04,0.096
2005-07-01,33.1,17.2,25.9,57,11,30,2.25,30.78,0.0,899.5,7.48,0.095
2005-07-02,33.2,18.6,26.4,56,16,34,2.48,29.45,0.0,898.9,7.51,0.093
2005-07-03,34.7,17.6,26.6,67,14,34,3.23,30.34,0.0,894.8,8.25,0.091
2005-07-04,29.0,17.3,23.2,68,24,42,3.33,27.68,0.0,892.9,6.89,0.09
2005-07-05,25.7,17.0,21.6,66,38,50,2.41,14.89,0.0,895.3,4.06,0.091
2005-07-06,30.2,16.9,23.1,72,21,47,1.72,24.15,0.0,898.3,5.27,0.09
2005-07-07,32.8,17.4,25.7,50,14,30,1.39,29.86,0.0,899.5,6.41,0.088
2005-07-08,34.2,18.8,27.5,51,11,27,2.28,28.26,0.0,901.3,7.36,0.085
2005-07-09,34.7,21.3,28.4,40,13,25,2.4,27.36,0.0,902.0,7.22,0.082
2005-07-10,35.1,19.7,28.2,42,13,25,1.73,29.59,0.0,902.0,7.1,0.077
2005-07-11,35.9,20.8,28.9,34,13,23,1.93,30.17,0.0,903.2,7.54,0.074
2005-07-12,36.2,18.9,28.6,33,12,21,1.54,30.28,0.0,902.6,7.06,0.072
2005-07-13,37.0,19.6,28.8,47,11,26,3.25,30.63,0.0,897.3,8.85,0.07
2005-07-14,33.3,19.5,26.8,65,20,39,1.68,28.43,0.0,897.5,6.53,0.069
2005-07-15,32.9,20.1,26.3,76,19,45,1.98,25.16,0.0,896.4,6.15,0.068
2005-07-16,28.7,17.9,23.1,74,32,52,2.25,25.18,0.7,898.4,5.88,0.07
2005-07-17,29.1,16.2,23.0,59,18,39,2.83,29.6,0.0,901.5,6.9,0.072
2005-07-18,31.5,17.4,25.0,47,17,32,2.48,29.7,0.0,901.2,7.28,0.071
2005-07-19,32.5,19.5,26.4,44,18,30,2.97,29.6,0.0,904.1,7.7,0.069
2005-07-20,33.8,18.4,26.9,50,15,30,2.77,29.77,0.0,902.7,7.71,0.067
2005-07-21,34.9,20.1,28.1,45,12,26,2.13,29.71,0.0,899.1,7.45,0.065
2005-07-22,36.9,18.9,28.8,40,15,24,2.36,29.36,0.0,896.3,7.85,0.063
2005-07-23,35.7,17.7,27.2,49,14,31,1.69,29.65,0.0,896.6,7.04,0.06
2005-07-24,33.7,20.8,27.7,56,23,36,2.39,26.04,0.8,897.3,6.73,0.059
2005-07-25,33.8,20.0,27.3,47,16,31,2.24,28.22,0.0,898.3,7.02,0.06
2005-07-26,33.7,20.2,27.1,56,22,34,2.82,27.82,0.0,900.6,7.29,0.058
2005-07-27,33.5,20.1,27.3,44,16,31,2.6,29.0,0.0,901.3,7.43,0.054
2005-07-28,32.9,17.8,25.7,44,18,32,3.07,29.42,0.0,900.4,7.54,0.05
2005-07-29,33.5,19.5,26.8,73,28,44,3.03,28.41,0.0,899.3,7.07,0.048
2005-07-30,33.7,22.0,27.7,70,27,46,3.15,26.31,0.1,898.0,6.72,0.046
2005-07-31,34.6,22.2,28.2,56,18,36,2.92,26.54,0.0,897.3,7.26,0.046
2005-08-01,32.5,18.9,25.4,69,25,46,2.32,24.98,0.0,897.1,6.18,0.047
2005-08-02,31.3,20.7,25.9,64,23,42,3.55,22.62,0.0,897.8,6.39,0.049
2005-08-03,30.8,20.7,25.9,48,21,33,4.77,28.2,0.0,898.7,8.07,0.047
2005-08-04,31.2,18.7,25.4,53,21,35,2.8,27.81,0.0,898.7,6.8,0.046
2005-08-05,33.9,17.5,26.4,56,20,35,1.86,25.53,0.0,896.8,6.33,0.045
2005-08-06,35.6,17.2,26.9,65,12,34,2.6,28.68,0.0,896.3,7.49,0.041
2005-08-07,31.4,16.9,24.2,81,23,47,2.7,26.94,0.0,896.5,6.56,0.04
2005-08-08,33.2,16.4,25.4,77,18,43,1.44,27.95,0.0,898.7,5.98,0.04
2005-08-09,35.2,18.0,27.3,53,8,28,1.64,28.12,0.0,899.2,6.66,0.039
2005-08-10,33.6,20.4,27.2,61,17,33,3.02,27.23,0.0,899.1,7.23,0.037
2005-08-11,32.0,19.9,26.4,61,18,35,3.09,27.56,0.0,900.3,7.1,0.035
2005-08-12,32.3,18.7,26.1,44,18,30,2.46,27.72,0.0,901.0,6.93,0.034
2005-08-13,33.9,18.7,26.8,46,17,30,2.52,27.42,0.0,902.2,7.03,0.034
2005-08-14,35.2,19.1,27.7,49,12,29,1.46,27.53,0.0,901.4,6.26,0.034
2005-08-15,36.7,17.6,28.0,51,14,27,2.16,27.35,0.0,898.8,7.19,0.035
2005-08-16,36.4,16.8,27.7,57,12,28,1.8,27.52,0.0,898.5,6.79,0.032
2005-08-17,36.5,15.9,27.1,59,8,29,1.84,27.54,0.0,898.0,6.68,0.031
2005-08-18,35.6,15.2,26.3,74,7,36,1.6,27.7,0.0,898.5,6.27,0.028
2005-08-19,34.3,16.8,26.4,74,17,41,1.79,26.66,0.0,900.1,6.16,0.026
2005-08-20,33.6,20.0,26.9,51,22,34,2.5,24.39,0.0,897.7,6.53,0.025
2005-08-21,29.9,19.7,25.1,62,25,40,3.13,25.6,0.0,899.3,6.55,0.024
2005-08-22,32.7,17.6,25.2,53,23,38,2.17,25.96,0.0,900.2,6.21,0.024
2005-08-23,35.3,17.6,27.1,56,22,36,1.48,25.53,0.0,898.9,5.96,0.024
2005-08-24,34.7,18.1,27.0,80,19,45,1.56,25.7,0.0,897.5,5.94,0.023
2005-08-25,33.1,19.1,26.4,80,23,48,1.68,23.98,0.0,898.9,5.5,0.021
2005-08-26,34.7,19.4,27.6,69,19,39,2.03,23.71,0.0,899.6,5.89,0.02
2005-08-27,30.7,20.8,25.5,68,27,42,2.02,22.09,0.8,899.1,5.44,0.025
2005-08-28,30.1,18.4,24.2,64,23,42,3.11,25.03,0.0,902.8,6.24,0.036
2005-08-29,30.6,16.8,24.1,50,25,36,2.92,25.18,0.0,904.5,6.4,0.036
2005-08-30,29.1,16.6,23.1,48,19,34,3.57,25.07,0.0,904.4,6.7,0.036
2005-08-31,27.5,15.0,21.7,55,21,36,3.55,25.25,0.0,901.8,6.28,0.036
2005-09-01,28.6,14.4,22.0,57,20,36,2.45,24.78,0.0,899.2,5.84,0.036
2005-09-02,29.7,15.8,23.0,49,21,32,1.92,22.87,0.0,900.2,5.44,0.036
2005-09-03,25.0,16.4,20.6,64,34,50,2.95,19.01,0.4,901.3,4.64,0.04
2005-09-04,20.9,12.8,17.2,61,23,42,3.7,17.35,0.0,902.5,4.47,0.051
2005-09-05,22.6,11.9,17.2,65,23,41,3.6,22.56,0.0,904.1,5.08,0.05
2005-09-06,24.3,10.1,17.3,55,16,36,2.45,24.53,0.0,904.0,5.22,0.05
2005-09-07,26.5,10.0,19.0,48,15,30,2.31,24.04,0.0,903.8,5.46,0.048
2005-09-08,26.0,11.4,19.1,41,18,28,3.14,23.89,0.0,903.5,5.89,0.047
2005-09-09,23.9,12.3,18.1,56,24,37,3.29,23.62,0.0,902.1,5.36,0.048
2005-09-10,25.3,10.9,18.6,61,24,41,2.05,23.06,0.0,899.6,4.9,0.049
2005-09-11,26.4,11.5,19.5,53,20,35,1.97,23.23,0.0,899.4,5.01,0.049
2005-09-12,28.2,10.8,20.3,52,13,30,1.8,23.48,0.0,900.6,5.18,0.047
2005-09-13,28.8,11.9,21.0,43,16,28,2.13,23.07,0.0,903.2,5.44,0.046
2005-09-14,28.9,12.6,21.3,47,14,30,2.16,22.78,0.0,902.7,5.35,0.046
2005-09-15,30.4,12.4,22.0,45,13,29,1.36,21.91,0.0,898.5,4.75,0.041
2005-09-16,21.4,14.4,18.1,69,40,56,2.16,13.84,0.3,896.4,3.15,0.044
2005-09-17,26.8,13.7,20.3,87,36,59,1.29,16.69,0.0,897.5,3.47,0.044
2005-09-18,29.3,14.2,22.4,83,21,48,1.6,21.49,0.0,903.4,4.6,0.041
2005-09-19,30.2,14.8,22.7,71,22,41,1.81,21.41,0.0,904.6,4.88,0.038
2005-09-20,31.0,13.0,22.5,71,12,36,2.89,21.82,0.0,899.9,5.85,0.037
2005-09-21,31.0,12.9,22.2,60,20,36,2.17,20.63,0.1,899.2,5.22,0.036
2005-09-22,28.8,11.1,20.6,77,18,45,2.23,20.59,0.0,899.8,4.85,0.033
2005-09-23,27.0,10.8,19.6,86,24,53,1.51,18.55,0.0,900.5,3.96,0.034
2005-09-24,24.5,12.3,18.2,86,34,58,1.51,17.57,1.2,900.4,3.54,0.04
2005-09-25,23.8,10.0,17.0,89,32,59,1.46,17.1,0.0,901.0,3.42,0.055
2005-09-26,25.0,10.6,18.1,85,25,53,1.32,16.58,0.0,903.3,3.47,0.051
2005-09-27,24.1,12.7,18.9,79,29,50,1.95,15.49,0.0,903.9,3.57,0.048
2005-09-28,23.8,12.7,17.9,80,34,57,1.54,18.27,1.6,903.2,3.57,0.051
2005-09-29,21.3,11.0,16.1,94,31,59,1.71,17.49,0.0,901.3,3.29,0.068
2005-09-30,23.7,11.3,17.0,56,28,44,1.34,17.01,0.0,901.6,3.32,0.069
2005-10-01,26.4,8.2,17.7,90,22,51,1.79,18.05,0.0,903.3,3.84,0.051
2005-10-02,24.0,9.7,17.2,96,33,61,3.13,13.94,0.0,903.2,3.53,0.044
2005-10-03,20.6,14.2,16.8,82,37,59,2.37,15.11,2.6,903.7,3.09,0.048
2005-10-04,20.8,8.6,15.2,86,42,61,2.87,11.73,0.0,904.2,2.82,0.053
2005-10-05,21.3,9.3,15.0,80,27,53,3.14,18.92,0.0,904.2,3.94,0.058
2005-10-06,20.4,6.0,13.2,81,25,51,2.42,18.98,0.0,904.5,3.59,0.059
2005-10-07,21.5,6.7,14.4,68,18,42,2.58,17.71,0.0,906.1,3.97,0.059
2005-10-08,18.8,7.4,12.7,80,26,51,2.54,18.3,0.0,906.5,3.41,0.057
2005-10-09,19.8,4.2,12.3,80,30,52,2.09,18.07,0.0,903.7,3.33,0.057
2005-10-10,23.0,8.8,15.4,60,25,42,1.75,16.73,0.0,903.6,3.53,0.05
2005-10-11,22.9,9.6,16.0,64,27,46,1.78,15.69,0.3,902.0,3.37,0.043
2005-10-12,22.9,8.2,15.6,89,29,57,1.18,13.15,0.0,903.5,2.58,0.042
2005-10-13,22.3,6.9,15.1,90,38,61,1.25,12.13,0.0,905.4,2.38,0.037
2005-10-14,23.5,10.4,16.9,75,30,53,1.62,16.41,0.0,904.2,3.37,0.037
2005-10-15,21.7,11.8,16.1,76,40,60,1.86,13.8,0.2,902.1,2.85,0.036
2005-10-16,14.0,10.0,11.6,87,78,83,2.03,8.14,8.5,894.9,1.3,0.094
2005-10-17,17.4,7.2,11.3,88,34,64,1.72,12.79,0.0,896.9,2.27,0.203
2005-10-18,18.6,5.7,11.6,85,29,60,2.15,13.46,1.1,899.6,2.68,0.192
2005-10-19,10.5,4.6,7.4,88,39,63,3.41,12.43,6.1,900.7,2.09,0.255
2005-10-20,11.2,3.4,7.0,68,41,55,2.11,9.89,0.0,904.0,1.77,0.237
2005-10-21,12.9,0.4,6.7,84,40,61,1.65,15.36,0.0,905.3,2.24,0.221
2005-10-22,15.0,-0.3,7.1,85,32,57,1.16,16.6,0.0,908.5,2.44,0.21
2005-10-23,17.5,-0.3,8.2,83,17,52,0.99,16.4,0.0,909.1,2.49,0.201
2005-10-24,19.0,-0.6,9.1,79,16,47,1.16,16.33,0.0,906.1,2.62,0.193
2005-10-25,20.2,1.1,10.6,75,26,49,1.75,15.78,0.0,906.1,2.9,0.182
2005-10-26,21.5,6.4,13.2,73,35,56,1.64,15.22,0.0,907.2,2.76,0.169
2005-10-27,21.2,4.3,12.8,88,28,59,1.35,15.08,0.0,904.4,2.63,0.16
2005-10-28,19.6,5.7,12.6,84,33,58,1.87,14.82,0.0,901.8,2.79,0.149
2005-10-29,12.6,6.0,8.6,66,39,52,4.01,7.18,0.0,903.6,2.09,0.141
2005-10-30,8.5,2.2,5.5,67,45,57,3.13,10.37,0.7,902.1,1.74,0.141
2005-10-31,9.6,1.0,5.3,81,44,60,1.79,11.46,0.3,902.8,1.62,0.144
2005-11-01,9.0,-0.5,3.7,86,39,66,1.12,10.89,2.7,903.9,1.41,0.158
2005-11-02,7.1,-0.4,3.3,97,62,82,0.97,9.61,0.0,903.6,1.21,0.189
2005-11-03,9.1,-0.2,4.0,94,53,77,1.78,7.4,9.8,901.6,1.12,0.206
2005-11-04,4.1,1.8,2.8,92,82,88,3.52,7.37,41.5,896.2,0.78,0.323
2005-11-05,8.6,3.9,6.0,89,66,79,2.29,3.58,1.8,901.9,0.75,0.333
2005-11-06,9.9,5.3,7.4,94,70,83,3.72,5.27,6.1,902.9,0.9,0.309
2005-11-07,10.8,6.9,8.3,83,59,71,3.64,4.06,0.0,905.6,1.2,0.289
2005-11-08,12.4,3.9,7.8,84,48,68,2.48,8.36,0.0,907.9,1.54,0.266
2005-11-09,12.8,2.4,6.6,88,38,69,2.34,13.51,0.0,908.5,1.98,0.25
2005-11-10,12.6,0.0,5.8,84,41,67,1.61,12.71,0.0,908.4,1.81,0.235
2005-11-11,13.1,-0.4,5.8,90,36,66,1.94,13.28,0.0,906.6,1.94,0.227
2005-11-12,12.8,-0.9,5.6,84,35,61,1.45,13.1,0.0,903.8,1.84,0.22
2005-11-13,14.3,2.2,7.3,83,34,61,1.11,11.35,0.0,903.2,1.7,0.213
2005-11-14,12.8,1.2,6.4,87,37,66,1.73,10.96,0.0,903.6,1.69,0.207
2005-11-15,11.1,2.8,6.5,90,44,69,1.56,8.77,0.0,903.3,1.37,0.201
2005-11-16,13.3,0.2,5.7,91,43,69,1.26,12.55,0.0,900.0,1.7,0.196
2005-11-17,14.9,-2.3,6.0,92,30,64,2.18,12.34,0.0,898.5,2.04,0.192
2005-11-18,12.9,4.0,8.5,87,60,77,3.14,5.8,2.0,897.8,1.24,0.207
2005-11-19,15.3,5.3,9.7,94,49,74,2.5,8.28,0.0,899.2,1.6,0.211
2005-11-20,14.8,8.6,11.0,86,45,68,4.5,8.46,2.2,893.5,2.04,0.228
2005-11-21,9.6,0.5,3.4,84,55,68,2.88,4.89,4.7,895.2,0.9,0.239
2005-11-22,3.3,-3.2,-0.2,79,41,63,1.33,11.82,0.0,906.4,1.26,0.239
2005-11-23,8.1,-3.7,1.7,79,37,58,0.94,11.15,0.0,909.4,1.31,0.235
2005-11-24,13.4,-3.0,4.4,86,22,58,1.35,11.52,0.0,905.3,1.67,0.23
2005-11-25,15.6,0.5,7.2,90,29,61,2.23,6.78,0.0,901.3,1.62,0.224
2005-11-26,17.1,2.7,9.5,86,33,60,1.51,8.16,0.0,903.7,1.58,0.215
2005-11-27,19.3,5.0,10.7,90,31,65,1.26,7.74,0.0,903.3,1.44,0.207
2005-11-28,23.2,3.3,11.9,90,19,56,2.25,10.58,0.0,900.8,2.53,0.198
2005-11-29,20.4,5.9,11.8,78,30,57,2.82,8.93,0.0,899.9,2.25,0.187
2005-11-30,14.7,5.3,9.4,90,48,69,1.19,9.51,0.0,903.4,1.48,0.184
2005-12-01,19.7,1.9,9.1,91,26,66,1.53,10.34,0.0,902.8,1.79,0.18
2005-12-02,18.5,5.3,10.1,86,33,63,1.82,6.98,0.0,902.7,1.6,0.176
2005-12-03,19.0,5.4,10.3,78,30,60,1.49,7.65,0.1,901.8,1.43,0.174
2005-12-04,20.7,-0.4,7.7,99,21,66,1.74,10.59,0.0,898.3,1.89,0.169
2005-12-05,14.8,0.1,6.6,89,41,68,1.2,10.61,0.0,899.2,1.56,0.164
2005-12-06,16.8,-1.3,6.4,93,32,69,1.48,10.72,0.0,901.3,1.68,0.167
2005-12-07,16.4,1.1,7.0,94,30,69,1.37,8.54,0.0,904.2,1.35,0.164
2005-12-08,18.4,2.6,8.4,86,25,63,1.64,8.51,0.0,903.0,1.65,0.158
2005-12-09,16.4,3.3,8.6,87,35,64,1.42,10.27,0.0,903.1,1.67,0.153
2005-12-10,16.1,3.5,8.2,85,38,67,1.4,9.69,0.0,904.9,1.58,0.149
2005-12-11,7.7,0.6,4.6,94,69,83,1.7,8.97,0.0,908.4,1.05,0.147
2005-12-12,6.9,4.6,6.0,87,67,76,1.38,6.01,0.0,909.7,0.83,0.147
2005-12-13,7.6,3.0,5.6,81,56,71,0.93,9.3,0.0,906.4,1.11,0.138
2005-12-14,11.0,-1.3,4.0,95,38,71,0.7,10.37,0.0,899.8,1.27,0.141
2005-12-15,10.8,-0.1,5.0,89,47,70,2.8,6.42,0.0,891.2,1.23,0.144
2005-12-16,12.4,-0.8,4.9,99,41,76,2.31,7.62,0.0,889.7,1.28,0.137
2005-12-17,14.1,1.6,6.8,93,43,68,3.26,8.54,0.0,891.8,1.67,0.133
2005-12-18,12.7,8.8,10.4,66,47,58,5.47,6.4,0.0,895.7,2.21,0.132
2005-12-19,11.2,-0.6,8.1,90,51,68,5.13,6.15,6.0,894.0,1.64,0.143
2005-12-20,-0.5,-4.3,-2.1,79,60,70,2.74,6.58,0.7,903.5,0.79,0.181
2005-12-21,1.2,-6.1,-3.2,76,54,67,1.19,10.21,0.0,904.1,0.94,0.188
2005-12-22,1.8,-4.8,-2.7,85,53,71,1.21,8.63,0.0,901.6,0.85,0.194
2005-12-23,-1.0,-4.1,-3.0,96,52,75,1.69,9.31,0.9,896.8,0.81,0.197
2005-12-24,-1.0,-4.5,-3.2,82,59,72,2.73,6.79,0.6,895.2,0.72,0.197
2005-12-25,-0.2,-5.9,-4.0,78,45,65,2.5,9.16,0.0,898.8,0.91,0.196
2005-12-26,3.3,-8.7,-3.9,74,40,60,1.89,10.52,0.0,903.5,1.12,0.195
2005-12-27,8.4,-6.7,-1.0,85,41,65,2.05,10.45,0.0,905.8,1.3,0.195
2005-12-28,8.4,-3.8,1.0,90,46,71,1.65,9.63,0.0,906.4,1.22,0.197
2005-12-29,6.5,-3.1,0.8,94,62,80,1.25,5.35,0.6,906.8,0.65,0.204
2005-12-30,7.5,-2.8,1.6,87,43,68,1.05,9.91,0.0,907.9,1.18,0.209
2005-12-31,10.7,-1.3,3.0,90,43,71,1.77,6.97,0.0,903.3,1.09,0.216
2006-01-01,8.3,-3.4,2.3,95,51,74,1.13,7.44,0.0,902.9,0.95,0.223
2006-01-02,12.9,-0.4,5.1,92,50,75,1.23,10.5,0.0,902.7,1.36,0.232
2006-01-03,12.0,-1.1,4.2,94,49,75,1.45,9.21,0.0,903.4,1.21,0.239
2006-01-04,9.5,-0.8,3.7,93,53,76,0.9,7.12,0.0,902.9,0.94,0.239
2006-01-05,9.7,2.4,5.8,88,56,74,0.71,4.75,1.1,900.1,0.76,0.245
2006-01-06,13.6,1.9,6.4,90,43,71,2.03,10.02,0.1,898.8,1.49,0.24
2006-01-07,6.5,1.3,3.8,92,81,88,1.61,6.18,6.1,898.2,0.74,0.256
2006-01-08,4.7,1.3,3.2,94,76,86,4.13,5.32,5.3,900.2,0.65,0.316
2006-01-09,2.9,-1.1,0.8,84,51,68,2.59,7.91,0.0,902.0,1.03,0.293
2006-01-10,0.2,-2.7,-0.9,75,58,65,2.17,7.69,0.0,900.8,0.91,0.275
2006-01-11,2.7,-2.9,0.2,78,55,67,2.03,7.85,0.0,899.4,0.95,0.263
2006-01-12,4.8,-0.3,1.8,82,56,72,1.81,6.69,0.0,900.3,0.87,0.255
2006-01-13,4.7,0.3,2.4,85,58,72,2.48,6.79,0.0,902.7,0.95,0.25
2006-01-14,4.0,-1.1,1.3,80,57,70,2.34,7.28,0.4,904.2,0.99,0.246
2006-01-15,3.2,-3.9,-0.7,79,44,64,2.42,9.64,0.0,906.3,1.1,0.243
2006-01-16,3.3,-6.0,-2.2,81,44,65,1.27,12.26,0.0,904.5,1.23,0.24
2006-01-17,6.0,-8.0,-1.6,83,35,61,0.99,12.05,0.0,901.8,1.33,0.239
2006-01-18,7.3,-3.8,0.8,77,33,58,1.21,12.24,0.0,900.7,1.47,0.238
2006-01-19,9.1,-4.8,2.1,85,45,68,4.16,7.65,1.2,897.2,1.48,0.239
2006-01-20,6.7,-3.3,1.5,96,50,69,4.22,9.98,9.7,898.5,1.23,0.283
2006-01-21,1.1,-7.5,-3.9,80,51,67,1.55,12.61,0.0,905.2,1.15,0.281
2006-01-22,6.6,-7.2,-0.7,86,50,71,1.72,8.34,2.2,899.8,1.07,0.278
2006-01-23,4.9,0.2,1.9,97,79,90,1.72,6.54,2.9,895.3,0.76,0.297
2006-01-24,1.5,-2.8,-1.1,96,76,86,2.44,6.86,1.9,899.0,0.67,0.293
2006-01-25,4.0,-2.4,-0.1,97,79,88,1.72,7.29,6.0,889.3,0.75,0.293
2006-01-26,0.2,-3.1,-1.8,95,72,83,2.37,7.28,0.4,894.4,0.68,0.293
2006-01-27,-1.2,-7.3,-3.3,80,61,72,1.85,8.97,0.0,905.2,0.84,0.282
2006-01-28,-2.6,-9.4,-6.0,83,53,69,1.55,11.14,0.0,909.0,0.93,0.275
2006-01-29,-1.0,-10.3,-7.1,93,46,76,1.53,13.73,0.0,907.5,1.09,0.267
2006-01-30,-0.4,-10.6,-6.6,85,37,66,1.3,14.17,0.0,905.7,1.23,0.266
2006-01-31,3.6,-10.3,-4.6,71,32,56,1.2,14.2,0.0,899.6,1.41,0.265
2006-02-01,5.0,-7.8,-2.1,85,35,64,1.26,13.78,0.6,897.8,1.45,0.267
2006-02-02,5.3,-2.4,1.0,91,60,78,1.36,13.95,0.3,895.7,1.47,0.279
2006-02-03,3.4,-1.4,0.2,91,66,83,1.52,12.59,0.0,895.7,1.21,0.282
2006-02-04,5.1,-2.2,0.2,94,50,79,1.3,12.66,0.0,899.3,1.32,0.281
2006-02-05,7.5,-3.2,1.3,94,50,77,1.69,10.51,0.0,898.4,1.29,0.278
2006-02-06,9.8,1.1,4.8,88,54,78,3.65,7.85,0.9,892.8,1.31,0.287
2006-02-07,9.8,3.7,5.9,90,46,75,3.29,10.86,0.2,889.2,1.56,0.305
2006-02-08,7.5,-0.3,3.6,95,64,85,3.14,8.81,3.1,885.1,1.0,0.315
2006-02-09,6.3,-1.1,1.6,93,50,76,1.76,10.63,0.2,890.3,1.24,0.319
2006-02-10,10.1,-1.7,4.2,90,56,75,3.51,10.17,0.0,898.7,1.54,0.307
2006-02-11,11.1,6.8,8.6,78,48,61,4.96,9.42,0.0,898.3,2.15,0.303
2006-02-12,10.3,-0.1,6.5,90,52,71,4.76,9.23,3.4,892.9,1.67,0.302
2006-02-13,2.3,-1.8,0.1,82,60,74,2.63,8.39,1.1,894.7,1.04,0.305
2006-02-14,1.6,-3.5,-0.8,79,55,69,2.3,8.59,1.1,895.0,1.11,0.297
2006-02-15,-1.1,-6.4,-3.5,73,48,63,4.04,11.03,0.4,895.9,1.19,0.291
2006-02-16,-1.4,-8.0,-5.2,65,34,51,1.95,16.95,0.0,898.8,1.52,0.288
2006-02-17,4.6,-6.3,-1.4,73,30,52,1.91,10.41,0.0,899.7,1.38,0.289
2006-02-18,11.2,-1.7,3.8,90,54,76,2.4,12.81,0.0,903.3,1.71,0.288
2006-02-19,11.4,-0.2,5.0,96,54,78,1.4,11.87,0.0,905.1,1.63,0.283
2006-02-20,7.8,3.1,5.4,94,72,83,0.74,4.75,5.6,902.8,0.74,0.302
2006-02-21,10.7,4.8,7.3,95,55,77,1.35,8.84,0.1,904.4,1.34,0.328
2006-02-22,11.8,0.4,5.4,96,50,75,1.24,17.09,0.0,904.2,2.17,0.315
2006-02-23,15.8,-2.0,6.2,96,33,69,1.28,17.43,0.0,902.7,2.53,0.305
2006-02-24,18.4,-2.5,7.3,91,20,55,3.11,16.19,0.0,898.8,3.21,0.295
2006-02-25,17.7,1.9,9.2,77,25,49,1.99,17.46,0.0,896.7,3.07,0.283
2006-02-26,15.8,3.9,8.6,89,32,63,2.99,13.67,0.0,897.0,2.58,0.272
2006-02-27,12.7,2.9,7.3,86,40,64,2.59,10.7,0.0,896.8,1.92,0.264
2006-02-28,15.2,-0.1,6.4,91,35,67,2.07,12.26,0.0,897.8,2.07,0.257
2006-03-01,16.0,4.1,9.2,80,31,57,3.07,17.29,0.0,894.1,3.07,0.252
2006-03-02,17.7,-1.3,7.5,95,35,68,2.26,17.41,0.0,896.7,2.86,0.247
2006-03-03,15.8,5.0,10.0,79,39,63,4.27,15.49,0.0,894.8,2.86,0.248
2006-03-04,14.9,4.2,8.7,82,36,60,1.9,16.68,0.1,899.8,2.63,0.242
2006-03-05,16.4,-0.2,7.6,92,28,63,2.06,18.69,0.0,897.8,2.97,0.239
2006-03-06,19.7,1.4,9.2,96,27,66,2.69,19.28,0.0,899.3,3.32,0.233
2006-03-07,19.2,1.9,10.4,91,22,56,4.56,18.53,0.0,892.4,4.02,0.223
2006-03-08,13.3,4.8,10.2,75,35,49,5.44,15.16,1.3,884.3,3.33,0.212
2006-03-09,6.0,0.2,3.4,88,46,68,3.09,13.55,0.5,889.1,1.74,0.222
2006-03-10,9.5,-2.8,2.1,74,37,59,1.17,20.66,0.0,900.3,2.55,0.223
2006-03-11,13.9,-3.4,5.0,88,35,63,2.7,18.93,0.0,899.6,2.82,0.219
2006-03-12,14.9,2.1,8.5,92,33,60,3.69,17.36,0.0,896.9,3.13,0.212
2006-03-13,13.1,6.9,9.4,73,42,53,5.06,15.01,1.2,890.5,2.98,0.211
2006-03-14,8.9,4.8,7.1,85,68,76,4.41,9.1,7.6,892.2,1.47,0.256
2006-03-15,11.7,1.7,5.9,89,38,68,2.17,18.14,0.8,896.0,2.54,0.295
2006-03-16,12.4,-0.8,5.4,93,36,68,1.94,18.98,0.2,897.7,2.68,0.28
2006-03-17,12.1,1.8,6.1,94,38,71,1.16,13.11,0.1,897.6,1.9,0.273
2006-03-18,11.8,1.2,6.4,96,47,71,2.46,18.14,0.8,895.5,2.54,0.267
2006-03-19,9.9,2.5,5.8,87,43,64,2.22,18.66,0.2,895.1,2.53,0.262
2006-03-20,14.1,-0.6,7.1,80,34,56,1.92,21.29,0.5,897.7,3.1,0.256
2006-03-21,16.0,4.3,9.6,94,40,69,1.67,15.83,0.0,898.4,2.61,0.244
2006-03-22,19.9,2.1,11.1,90,20,60,1.32,22.27,0.0,900.8,3.63,0.238
2006-03-23,25.0,4.4,13.5,91,13,52,3.24,21.1,0.0,898.6,4.77,0.228
2006-03-24,19.6,6.8,13.1,70,17,46,1.47,17.51,1.2,893.4,3.26,0.212
2006-03-25,13.5,6.8,9.6,83,51,72,2.35,10.54,6.0,894.2,1.84,0.262
2006-03-26,13.1,5.9,8.9,86,46,69,1.18,17.77,0.1,898.0,2.63,0.279
2006-03-27,16.0,0.9,9.0,96,34,66,1.34,20.42,0.0,898.8,3.21,0.26
2006-03-28,17.5,4.1,10.8,90,22,56,1.66,21.38,0.2,898.5,3.49,0.246
2006-03-29,18.4,1.8,10.7,85,29,54,2.14,22.95,0.0,899.2,4.07,0.234
2006-03-30,21.7,2.8,11.6,97,26,62,2.86,22.99,0.0,899.5,4.26,0.216
2006-03-31,16.4,8.1,11.5,89,37,65,1.4,15.38,0.5,900.8,2.62,0.207
2006-04-01,18.3,5.3,11.7,93,31,67,1.55,21.86,1.4,898.2,3.65,0.206
2006-04-02,15.1,8.4,11.5,75,34,52,3.57,21.39,1.1,897.5,3.64,0.212
2006-04-03,15.6,3.6,9.9,78,29,51,2.02,23.27,0.0,895.8,3.77,0.204
2006-04-04,17.1,4.7,10.7,74,27,48,1.47,22.59,0.2,891.8,3.84,0.195
2006-04-05,18.1,5.2,11.1,88,23,54,2.72,22.49,0.0,893.2,4.0,0.186
2006-04-06,20.2,4.3,12.3,78,23,49,1.8,24.62,0.0,900.1,4.41,0.177
2006-04-07,24.5,7.2,14.7,88,26,57,2.35,23.1,0.4,901.6,4.54,0.168
2006-04-08,22.4,9.1,14.9,80,17,48,2.68,20.71,0.0,899.1,4.43,0.158
2006-04-09,22.3,4.8,13.1,81,24,52,2.18,20.81,2.1,895.8,4.11,0.156
2006-04-10,20.1,7.5,13.6,82,28,57,1.48,21.79,0.1,899.1,3.92,0.162
2006-04-11,21.6,6.5,13.9,88,25,57,1.78,24.26,0.0,900.7,4.52,0.156
2006-04-12,24.1,9.9,16.7,81,22,47,3.36,19.0,0.0,898.5,4.95,0.148
2006-04-13,22.9,12.9,17.7,42,24,33,4.96,25.03,0.0,896.6,6.22,0.137
2006-04-14,22.7,10.9,17.0,55,33,44,2.21,12.92,0.4,897.6,3.29,0.131
2006-04-15,21.9,11.9,15.8,88,38,68,3.42,17.79,16.3,897.5,3.47,0.179
2006-04-16,21.3,10.9,15.4,83,22,51,4.67,21.54,3.0,898.9,4.78,0.319
2006-04-17,22.2,5.7,14.5,73,24,45,1.35,26.22,0.0,896.1,4.66,0.269
2006-04-18,20.3,8.7,14.4,75,37,56,1.74,22.41,0.0,898.3,4.12,0.245
2006-04-19,24.9,6.8,16.1,90,26,54,2.35,21.54,0.0,901.7,4.62,0.228
2006-04-20,24.8,12.0,17.8,74,19,44,3.12,25.15,0.0,898.5,5.62,0.205
2006-04-21,22.6,6.6,15.1,84,28,54,1.75,24.28,0.0,897.2,4.61,0.186
2006-04-22,17.4,10.3,14.2,82,48,63,1.71,18.85,1.3,896.9,3.37,0.182
2006-04-23,19.4,7.5,13.0,95,45,74,1.38,21.94,10.3,892.7,3.63,0.206
2006-04-24,12.2,9.7,10.8,86,69,78,4.24,10.74,15.1,893.8,1.78,0.349
2006-04-25,12.5,6.2,9.3,74,30,50,5.19,26.71,0.0,898.3,4.14,0.308
2006-04-26,12.5,2.2,7.4,70,28,47,2.64,27.48,0.0,900.4,3.94,0.276
2006-04-27,19.0,-0.1,9.6,76,23,47,1.44,28.17,0.0,898.1,4.64,0.256
2006-04-28,19.6,7.0,12.4,88,35,62,1.83,18.93,1.1,896.0,3.44,0.245
2006-04-29,21.3,8.1,14.2,99,36,69,1.75,22.22,1.8,893.5,4.05,0.248
2006-04-30,22.4,10.0,15.6,84,35,61,1.23,23.09,1.0,896.0,4.21,0.232
2006-05-01,20.8,8.3,14.4,92,33,62,1.99,24.71,0.4,898.8,4.52,0.221
2006-05-02,17.4,9.0,13.0,90,47,69,1.79,21.53,2.0,900.2,3.54,0.221
2006-05-03,16.9,8.8,12.4,90,50,72,2.02,20.0,1.0,900.3,3.25,0.237
2006-05-04,19.1,7.0,12.4,86,37,66,1.45,21.55,2.4,899.7,3.65,0.236
2006-05-05,19.1,5.7,12.3,100,33,69,1.33,24.7,0.5,897.9,4.08,0.248
2006-05-06,19.8,6.4,13.2,91,31,61,2.34,23.71,0.0,898.8,4.33,0.235
2006-05-07,21.2,10.2,14.9,93,29,62,2.37,23.56,1.7,896.8,4.47,0.231
2006-05-08,18.2,8.5,12.9,83,38,58,1.23,22.78,0.0,897.2,3.88,0.218
2006-05-09,17.1,6.3,12.0,85,30,59,1.59,27.29,0.0,899.0,4.45,0.206
2006-05-10,21.1,5.7,13.6,83,30,55,1.99,24.97,0.0,900.9,4.68,0.193
2006-05-11,24.3,7.5,16.1,91,23,52,2.84,28.74,0.0,902.0,5.75,0.179
2006-05-12,24.7,6.5,15.8,87,24,54,2.85,25.71,0.0,903.5,5.33,0.168
2006-05-13,21.7,10.3,15.8,80,31,56,2.21,25.16,1.8,903.3,4.74,0.168
2006-05-14,21.2,7.6,14.8,74,24,47,2.22,28.2,0.0,903.2,5.23,0.166
2006-05-15,23.9,7.3,16.2,71,21,44,1.62,27.45,0.0,900.1,5.31,0.152
2006-05-16,22.0,11.2,15.4,72,27,54,1.89,24.43,0.4,897.9,4.6,0.146
2006-05-17,17.0,11.7,13.8,83,42,62,2.84,14.12,1.4,899.5,2.87,0.159
2006-05-18,23.0,7.0,15.8,88,25,53,1.16,27.34,0.0,901.0,4.92,0.164
2006-05-19,24.2,10.3,17.9,81,20,44,1.91,26.84,0.0,900.7,5.54,0.155
2006-05-20,26.4,10.7,19.2,66,18,38,1.57,26.92,0.0,900.9,5.48,0.143
2006-05-21,25.0,11.5,19.1,81,32,52,2.0,24.48,1.1,900.9,5.06,0.138
2006-05-22,28.5,10.9,20.6,86,21,49,1.77,26.72,0.0,901.9,5.74,0.142
2006-05-23,29.4,14.2,22.1,74,18,43,2.81,28.66,0.0,902.1,6.71,0.139
2006-05-24,30.0,15.8,22.9,56,12,32,2.78,29.87,0.0,902.9,7.16,0.13
2006-05-25,31.5,13.7,23.3,55,17,32,1.82,29.9,0.0,901.0,6.75,0.123
2006-05-26,31.9,15.0,23.2,67,17,39,2.1,27.14,0.8,899.5,6.51,0.117
2006-05-27,27.3,16.9,21.9,65,23,40,1.98,28.41,0.0,902.3,6.01,0.113
2006-05-28,26.8,14.4,20.7,58,20,36,2.3,29.71,0.0,903.5,6.4,0.112
2006-05-29,30.5,12.6,21.9,64,22,40,1.97,29.88,0.3,901.4,6.62,0.115
2006-05-30,32.4,12.9,23.3,83,18,45,2.39,30.01,0.0,898.0,7.09,0.11
2006-05-31,31.9,11.7,22.7,79,9,36,1.97,29.15,0.0,897.5,6.64,0.104
2006-06-01,32.8,13.6,24.0,77,11,38,1.8,30.02,0.0,900.3,6.75,0.1
2006-06-02,33.6,17.1,25.8,51,15,33,1.98,29.68,0.0,901.3,7.01,0.099
2006-06-03,34.7,17.2,26.6,61,13,33,2.26,28.33,0.1,901.2,7.36,0.099
2006-06-04,34.3,15.4,26.0,65,15,33,2.61,27.86,0.0,902.0,7.39,0.102
2006-06-05,33.6,15.9,26.1,69,20,37,3.36,27.96,0.0,903.6,7.72,0.103
2006-06-06,31.0,16.7,24.1,57,16,32,1.98,30.26,0.0,903.4,6.78,0.099
2006-06-07,30.7,14.8,22.8,70,15,38,2.75,30.48,0.0,899.7,7.34,0.098
2006-06-08,28.3,13.5,21.2,63,20,40,2.38,30.15,0.0,900.0,6.78,0.098
2006-06-09,26.4,11.7,19.0,74,14,42,2.96,29.47,0.0,898.1,6.61,0.098
2006-06-10,26.2,10.9,18.5,72,19,46,1.78,27.46,0.0,901.5,5.67,0.097
2006-06-11,23.0,12.7,18.6,74,26,46,2.73,27.72,0.0,903.2,5.79,0.099
2006-06-12,26.3,11.5,19.2,68,19,40,1.79,30.1,0.0,905.7,6.1,0.1
2006-06-13,28.5,14.4,21.7,51,21,33,3.09,29.26,0.4,901.4,6.86,0.102
2006-06-14,25.5,14.5,19.9,67,23,42,2.36,27.77,0.3,899.9,6.04,0.108
2006-06-15,27.4,12.5,20.0,63,24,42,2.23,27.14,0.0,902.0,6.04,0.11
2006-06-16,26.6,13.6,20.4,79,22,45,1.93,25.28,0.0,901.7,5.46,0.11
2006-06-17,26.3,14.4,20.8,51,21,34,2.88,30.25,0.0,903.5,6.74,0.107
2006-06-18,29.2,16.0,22.8,53,16,31,3.09,30.79,0.0,904.8,7.39,0.103
2006-06-19,30.2,16.0,23.4,44,12,27,3.09,31.06,0.0,903.9,7.6,0.102
2006-06-20,31.9,16.5,24.6,38,14,25,2.45,30.85,0.0,901.1,7.44,0.102
2006-06-21,32.6,17.2,25.3,41,15,27,2.38,29.85,0.0,898.4,7.39,0.101
2006-06-22,31.5,17.6,25.0,53,24,36,2.79,27.62,0.0,899.0,7.0,0.101
2006-06-23,30.9,19.0,25.0,54,21,35,2.33,29.8,0.0,898.7,7.06,0.101
2006-06-24,31.8,19.2,25.6,49,22,34,2.16,28.95,0.0,898.6,6.9,0.1
2006-06-25,33.0,19.5,26.1,49,25,36,2.09,26.99,0.0,898.8,6.59,0.101
2006-06-26,31.9,20.2,25.9,56,22,39,2.85,26.5,0.2,899.2,6.83,0.103
2006-06-27,29.0,19.5,24.5,52,26,36,3.73,28.67,0.0,899.0,7.33,0.103
2006-06-28,27.2,19.3,23.0,66,34,49,3.42,22.13,0.2,897.2,5.59,0.105
2006-06-29,26.6,17.6,21.1,82,42,65,2.73,16.6,4.7,898.3,3.96,0.136
2006-06-30,28.0,18.2,22.8,79,33,56,4.07,22.74,0.5,900.5,5.74,0.148
2006-07-01,29.8,18.8,24.2,67,22,45,3.6,26.23,0.0,900.4,6.64,0.141
2006-07-02,30.3,18.5,24.8,60,24,41,2.89,26.94,0.0,898.8,6.65,0.132
2006-07-03,27.0,18.4,22.6,57,35,48,2.63,24.87,2.8,896.8,5.68,0.137
2006-07-04,25.7,16.0,21.1,75,21,43,2.97,27.86,0.0,897.2,6.08,0.148
2006-07-05,26.6,16.7,21.3,65,30,44,3.16,26.26,0.0,898.3,5.92,0.14
2006-07-06,23.7,16.4,20.6,57,36,45,4.03,18.05,0.0,900.3,4.99,0.131
2006-07-07,25.1,15.7,20.5,56,21,37,3.69,24.46,0.0,900.3,5.99,0.124
2006-07-08,28.6,13.2,21.2,48,16,33,1.87,29.79,0.0,900.2,6.35,0.118
2006-07-09,30.4,13.9,23.0,47,17,30,1.4,29.29,0.0,901.3,6.27,0.114
2006-07-10,31.6,16.9,25.0,67,16,34,1.88,28.37,0.0,901.0,6.56,0.114
2006-07-11,32.0,18.7,25.6,45,21,32,2.57,26.73,0.0,901.1,6.96,0.111
2006-07-12,32.6,18.4,26.0,46,20,31,2.46,29.77,0.0,899.1,7.4,0.111
2006-07-13,33.8,18.5,26.9,47,15,29,1.94,29.16,0.0,896.6,7.07,0.109
2006-07-14,31.7,20.5,26.1,51,23,36,2.95,26.91,0.0,896.7,7.02,0.106
2006-07-15,31.1,19.9,25.4,55,17,34,2.71,28.11,0.0,899.2,6.95,0.106
2006-07-16,30.9,20.4,25.9,52,22,34,2.83,24.33,0.0,901.5,6.67,0.105
2006-07-17,33.3,18.7,26.5,46,18,30,1.71,27.69,0.0,900.5,6.64,0.105
2006-07-18,31.5,20.3,26.0,60,25,40,3.06,27.58,0.0,900.9,7.09,0.106
2006-07-19,31.3,20.6,25.7,53,24,37,3.49,28.39,0.0,901.6,7.41,0.106
2006-07-20,29.5,18.3,23.8,49,18,30,3.57,30.45,0.0,902.3,7.68,0.107
2006-07-21,28.5,17.5,22.6,62,24,41,3.22,29.03,0.0,900.8,6.71,0.106
2006-07-22,29.6,17.6,23.3,68,27,46,2.83,28.38,0.0,899.9,6.51,0.105
2006-07-23,31.3,17.3,24.9,62,22,40,1.54,26.37,0.0,899.7,5.9,0.105
2006-07-24,31.0,18.6,25.2,55,25,38,3.0,25.29,0.0,900.5,6.56,0.104
2006-07-25,30.8,18.4,24.8,45,16,31,3.23,29.67,0.0,900.7,7.52,0.104
2006-07-26,31.7,17.4,24.9,49,18,32,2.6,29.41,0.0,900.4,7.09,0.102
2006-07-27,32.8,17.7,25.9,47,19,31,2.17,29.17,0.0,899.2,7.07,0.101
2006-07-28,31.0,18.6,25.4,42,13,28,2.76,28.44,0.0,895.8,7.19,0.101
2006-07-29,29.4,18.5,24.0,51,18,32,3.41,27.86,0.0,895.8,7.07,0.101
2006-07-30,30.6,16.8,24.1,43,16,30,2.34,29.3,0.0,898.2,6.92,0.1
2006-07-31,32.3,15.0,24.8,41,12,23,1.71,29.24,0.0,896.4,6.72,0.098
2006-08-01,33.0,17.3,25.9,62,15,31,2.22,26.91,0.0,895.9,6.81,0.096
2006-08-02,34.1,17.9,26.4,48,16,32,1.59,26.71,0.0,896.4,6.23,0.094
2006-08-03,35.0,19.7,27.5,71,21,40,1.53,26.03,0.0,897.0,6.22,0.093
2006-08-04,36.1,19.4,28.6,59,14,32,1.68,28.16,0.0,897.4,6.73,0.091
2006-08-05,37.8,20.2,29.7,72,11,32,1.64,28.43,0.0,898.3,6.83,0.088
2006-08-06,38.2,21.0,30.2,69,11,31,1.91,28.26,0.0,898.6,7.03,0.084
2006-08-07,38.2,20.2,29.3,53,15,29,2.21,26.96,0.0,894.8,7.28,0.082
2006-08-08,35.5,17.7,26.9,65,11,35,2.23,28.66,0.0,893.0,7.17,0.083
2006-08-09,33.2,18.9,26.6,65,21,40,1.97,26.77,0.0,897.1,6.36,0.082
2006-08-10,35.2,19.4,28.0,68,16,34,1.47,27.84,0.0,899.1,6.29,0.082
2006-08-11,36.6,18.7,27.8,71,18,37,2.9,26.87,0.0,897.6,7.51,0.077
2006-08-12,35.2,17.6,27.2,69,14,36,1.32,27.96,0.0,897.1,6.15,0.076
2006-08-13,35.9,20.1,28.4,52,16,33,2.41,27.36,0.0,897.7,7.03,0.076
2006-08-14,36.8,20.8,29.3,64,15,34,2.74,25.89,0.0,898.5,7.26,0.076
2006-08-15,35.4,24.1,29.4,53,19,34,3.32,26.7,0.0,899.2,7.6,0.075
2006-08-16,35.5,22.9,28.8,59,15,37,3.28,25.32,0.0,897.9,7.2,0.075
2006-08-17,36.1,23.2,28.7,59,22,39,3.11,25.04,1.3,898.4,7.02,0.075
2006-08-18,34.5,23.3,28.2,57,21,36,3.45,22.82,2.0,900.2,6.85,0.084
2006-08-19,34.0,22.0,27.3,53,11,33,3.64,26.25,0.0,902.1,7.52,0.094
2006-08-20,32.5,21.2,26.6,44,22,32,3.87,26.67,0.0,903.7,7.6,0.091
2006-08-21,32.2,20.7,26.1,59,15,36,3.54,26.42,0.0,902.9,7.17,0.089
2006-08-22,33.5,18.6,26.2,38,14,27,2.3,26.63,0.0,900.6,6.69,0.09
2006-08-23,35.6,17.5,27.0,38,14,26,1.4,26.37,0.0,898.6,6.09,0.091
2006-08-24,33.7,19.2,26.7,51,21,36,2.01,25.25,0.0,898.7,6.16,0.087
2006-08-25,34.9,20.1,27.9,46,17,28,1.83,25.61,0.0,898.7,6.25,0.085
2006-08-26,35.9,17.7,27.3,58,10,29,2.36,25.7,0.0,898.9,6.84,0.084
2006-08-27,34.8,16.8,26.5,64,12,34,1.52,25.42,0.0,900.0,5.9,0.079
2006-08-28,35.5,18.3,27.1,63,15,33,2.77,24.67,0.0,899.1,6.97,0.075
2006-08-29,32.0,17.7,25.1,53,21,35,1.74,24.88,0.0,897.9,5.91,0.074
2006-08-30,34.9,14.6,25.3,50,19,32,1.88,25.27,0.0,900.3,6.16,0.072
2006-08-31,35.0,13.9,25.1,89,12,45,1.64,24.81,0.0,898.1,5.72,0.07
2006-09-01,25.6,13.5,20.1,80,43,59,3.0,18.04,3.0,895.1,4.17,0.074
2006-09-02,21.9,12.4,16.9,79,37,55,2.21,15.0,0.3,898.9,3.37,0.103
2006-09-03,25.6,12.5,19.1,57,27,42,1.95,24.63,0.0,904.3,5.12,0.099
2006-09-04,27.6,12.4,20.6,61,19,38,2.28,24.59,0.0,905.4,5.56,0.096
2006-09-05,29.0,14.2,21.9,44,21,33,2.91,24.1,0.0,903.6,6.03,0.093
2006-09-06,29.4,15.1,22.7,52,25,38,2.51,23.64,0.0,901.0,5.78,0.09
2006-09-07,27.1,15.7,21.2,51,19,33,2.76,23.75,0.0,903.2,5.79,0.086
2006-09-08,29.5,12.7,21.1,43,16,28,1.76,23.97,0.0,902.9,5.41,0.086
2006-09-09,31.5,12.6,22.7,45,13,26,1.47,23.72,0.0,903.6,5.36,0.084
2006-09-10,30.6,17.3,23.9,33,19,26,2.63,21.47,0.0,905.8,5.92,0.083
2006-09-11,27.8,18.2,22.5,63,27,42,3.36,20.56,0.0,903.7,5.33,0.083
2006-09-12,24.7,15.1,19.8,78,31,51,3.19,20.9,0.0,905.8,4.79,0.082
2006-09-13,25.9,11.6,18.8,63,17,39,2.21,23.21,0.0,906.2,5.05,0.082
2006-09-14,27.1,11.1,19.3,39,19,30,2.19,22.58,0.0,903.5,5.2,0.082
2006-09-15,27.5,11.7,19.8,48,19,31,2.01,22.55,0.0,902.5,5.09,0.08
2006-09-16,29.9,12.0,21.0,44,14,27,1.5,22.03,0.0,901.8,4.89,0.079
2006-09-17,28.0,14.4,20.9,43,11,25,2.29,22.23,0.0,904.7,5.39,0.075
2006-09-18,31.2,11.6,21.1,49,16,28,1.72,20.78,0.0,902.0,4.91,0.075
2006-09-19,30.2,13.9,22.0,74,19,41,3.34,21.06,0.0,899.5,5.84,0.072
2006-09-20,28.9,12.9,20.7,74,20,47,1.72,19.39,0.0,899.0,4.4,0.069
2006-09-21,25.0,14.1,19.5,81,33,57,1.34,16.95,0.2,899.0,3.51,0.068
2006-09-22,23.2,13.9,17.8,83,37,62,1.37,17.74,1.7,898.0,3.44,0.08
2006-09-23,24.3,12.9,17.8,90,36,65,0.99,16.97,0.7,898.0,3.23,0.102
2006-09-24,25.4,11.0,17.7,85,28,58,2.19,16.79,0.0,900.3,3.77,0.106
2006-09-25,19.5,12.6,16.1,83,38,61,2.13,13.98,0.8,899.1,2.86,0.11
2006-09-26,23.2,12.2,17.3,68,33,52,1.3,15.81,0.0,901.0,3.2,0.115
2006-09-27,27.7,11.8,19.6,75,25,48,0.94,19.25,0.0,902.1,3.72,0.114
2006-09-28,28.9,14.0,21.2,83,20,48,2.96,18.09,0.7,902.8,4.88,0.112
2006-09-29,27.8,15.0,21.1,76,28,49,2.85,15.9,1.6,902.1,4.16,0.125
2006-09-30,25.1,14.0,19.4,84,37,59,2.22,16.86,0.0,899.9,3.7,0.137
2006-10-01,23.1,15.2,19.1,65,41,53,2.25,12.01,0.0,901.1,2.99,0.138
2006-10-02,23.1,13.6,17.8,76,35,55,2.84,15.72,0.0,902.4,3.65,0.132
2006-10-03,23.1,11.1,16.9,73,26,50,2.34,19.35,0.0,904.1,3.98,0.127
2006-10-04,25.4,7.5,16.6,78,18,45,1.38,19.36,0.0,904.9,3.75,0.128
2006-10-05,27.9,8.2,17.8,65,12,34,1.28,19.39,0.0,905.2,3.95,0.132
2006-10-06,29.3,8.9,18.8,58,12,31,1.12,19.25,0.0,902.9,3.87,0.13
2006-10-07,29.9,9.3,19.2,72,12,35,1.28,18.2,0.0,899.8,3.83,0.13
2006-10-08,28.3,9.7,18.6,81,14,46,1.37,16.52,0.0,898.1,3.43,0.122
2006-10-09,27.1,10.7,18.7,79,19,46,1.27,17.5,0.0,899.5,3.59,0.107
2006-10-10,25.4,11.2,18.1,90,29,56,1.67,16.91,0.0,900.6,3.54,0.095
2006-10-11,24.5,11.9,17.8,78,38,56,2.0,16.11,0.0,901.5,3.45,0.095
2006-10-12,23.3,13.4,17.8,68,27,49,2.05,14.57,0.0,902.9,3.38,0.098
2006-10-13,20.0,13.3,16.1,72,48,62,1.53,10.48,0.0,903.3,2.18,0.099
2006-10-14,19.2,11.9,14.8,91,59,81,1.41,8.74,8.8,901.8,1.62,0.14
2006-10-15,15.4,11.2,13.3,95,72,81,2.15,6.72,2.4,899.1,1.26,0.249
2006-10-16,18.7,9.7,13.4,83,39,64,1.05,10.58,0.0,897.9,1.93,0.24
2006-10-17,19.4,10.0,14.2,85,39,64,1.81,11.09,0.5,898.6,2.28,0.224
2006-10-18,19.4,11.1,14.5,90,51,72,3.28,11.72,0.3,899.7,2.34,0.227
2006-10-19,20.3,11.2,15.0,82,39,63,2.47,12.41,0.5,899.2,2.68,0.213
2006-10-20,18.3,9.2,13.5,88,46,68,1.08,12.89,0.1,898.7,2.21,0.205
2006-10-21,21.3,6.2,13.4,96,33,65,1.45,14.75,0.0,901.7,2.64,0.197
2006-10-22,21.3,7.2,13.7,97,38,68,1.1,14.86,0.0,903.2,2.47,0.19
2006-10-23,22.0,9.6,15.2,90,38,64,1.18,13.83,0.0,902.8,2.5,0.183
2006-10-24,21.6,11.7,15.4,85,39,65,1.65,14.57,0.0,903.0,2.75,0.177
2006-10-25,21.2,8.4,14.7,87,39,65,1.54,13.22,0.0,903.1,2.48,0.174
2006-10-26,22.9,7.9,14.5,87,30,62,1.62,14.63,3.7,903.8,2.76,0.174
2006-10-27,13.9,7.4,10.9,84,42,64,4.03,11.43,1.9,902.9,2.36,0.231
2006-10-28,12.9,9.0,11.1,91,74,83,4.41,3.87,10.9,898.8,1.01,0.277
2006-10-29,12.9,9.6,11.0,92,73,83,2.96,2.45,1.6,896.0,0.72,0.289
2006-10-30,18.1,6.9,12.1,94,47,74,2.63,12.19,0.9,893.8,2.24,0.264
2006-10-31,13.6,11.9,12.8,87,79,82,3.74,3.09,24.9,894.5,0.99,0.356
2006-11-01,16.7,9.2,12.9,93,46,74,2.63,9.62,32.1,894.7,1.86,0.393
2006-11-02,16.9,4.8,10.1,95,50,76,1.32,13.17,0.0,895.3,1.94,0.354
2006-11-03,15.9,5.6,10.6,97,53,79,3.84,7.52,2.0,893.5,1.7,0.342
2006-11-04,11.3,3.0,6.5,92,75,82,3.42,4.61,2.2,892.9,0.78,0.356
2006-11-05,2.6,-2.8,0.1,92,57,76,4.39,5.85,7.8,899.1,0.79,0.343
2006-11-06,5.3,-5.9,-0.8,86,50,71,1.33,14.33,0.0,903.6,1.5,0.332
2006-11-07,10.5,-3.6,2.9,86,41,67,1.41,13.5,0.0,904.5,1.74,0.324
2006-11-08,10.9,1.0,5.3,86,49,70,1.08,12.46,0.0,910.4,1.64,0.316
2006-11-09,12.6,-1.8,4.5,90,40,71,1.22,13.53,0.0,908.2,1.81,0.31
2006-11-10,16.8,-2.0,6.0,91,32,67,1.45,13.49,0.0,902.5,1.96,0.304
2006-11-11,12.2,2.6,6.7,100,59,83,1.34,7.63,0.8,901.6,1.1,0.298
2006-11-12,13.1,5.7,8.7,91,58,78,1.32,7.87,0.0,900.7,1.21,0.301
2006-11-13,15.9,6.9,10.7,91,41,70,3.49,9.78,0.0,898.1,2.05,0.293
2006-11-14,9.3,3.0,5.6,89,67,79,2.09,2.7,1.9,899.6,0.62,0.296
2006-11-15,10.1,-0.4,4.5,99,48,75,1.36,11.73,0.0,905.7,1.47,0.296
2006-11-16,11.9,-0.6,4.9,89,40,69,1.22,12.54,0.0,908.4,1.65,0.288
2006-11-17,14.8,-2.7,5.1,91,34,68,0.89,12.36,0.0,904.8,1.65,0.282
2006-11-18,15.4,-0.9,6.5,90,41,71,1.24,12.24,0.0,904.0,1.73,0.276
2006-11-19,13.5,0.4,6.0,89,40,71,1.36,12.25,0.0,906.2,1.68,0.269
2006-11-20,13.4,-3.2,4.5,92,36,70,1.01,12.1,0.0,904.0,1.62,0.264
2006-11-21,15.3,0.5,6.6,92,36,72,1.62,10.19,0.2,900.6,1.59,0.258
2006-11-22,13.4,1.3,6.8,96,34,67,1.6,9.15,0.0,899.7,1.49,0.254
2006-11-23,15.4,-0.5,6.4,87,35,64,1.6,11.31,0.0,901.3,1.76,0.249
2006-11-24,15.5,-1.5,6.0,90,35,68,1.18,11.58,0.0,904.3,1.66,0.246
2006-11-25,14.7,-1.6,5.8,88,39,69,1.39,11.58,0.0,906.0,1.63,0.242
2006-11-26,14.1,-0.9,5.5,85,40,70,1.71,11.5,0.0,908.0,1.63,0.238
2006-11-27,14.2,-0.6,5.6,84,40,68,2.11,11.31,0.0,907.9,1.71,0.233
2006-11-28,14.7,-1.0,5.7,86,35,68,1.53,11.23,0.0,906.6,1.6,0.226
2006-11-29,14.0,-2.7,4.9,87,36,68,1.4,11.16,0.0,904.7,1.55,0.22
2006-11-30,11.2,-0.7,4.2,84,33,66,2.54,11.26,0.0,906.9,1.68,0.213
2006-12-01,10.5,-3.7,2.2,78,24,57,2.19,11.3,0.0,910.0,1.66,0.207
2006-12-02,9.3,-3.7,2.0,74,38,60,1.41,10.99,0.0,909.9,1.43,0.202
2006-12-03,8.8,-4.2,1.4,85,48,71,1.19,10.61,0.0,907.5,1.25,0.201
2006-12-04,10.3,-2.6,2.3,91,50,75,0.91,9.11,0.0,901.4,1.16,0.2
2006-12-05,8.2,-2.1,2.6,95,62,81,1.06,3.21,0.3,900.6,0.53,0.202
2006-12-06,10.5,-0.2,4.2,94,45,76,1.03,6.03,0.1,903.0,0.89,0.209
2006-12-07,11.0,-2.0,3.6,93,49,76,1.08,8.29,0.0,903.3,1.08,0.205
2006-12-08,10.8,-2.4,2.5,100,48,82,1.12,8.67,0.0,905.6,1.03,0.204
2006-12-09,10.0,-4.4,1.6,93,45,74,1.19,10.67,0.0,906.3,1.28,0.204
2006-12-10,10.1,-4.6,1.2,88,43,70,1.09,10.62,0.0,908.1,1.26,0.205
2006-12-11,10.0,-5.1,1.2,83,43,68,1.16,9.93,0.0,908.9,1.25,0.206
2006-12-12,7.0,-1.4,2.1,82,49,69,0.92,5.1,0.0,902.5,0.74,0.208
2006-12-13,9.2,-0.7,3.6,91,56,75,1.59,8.75,0.0,906.5,1.15,0.208
2006-12-14,8.3,-2.9,2.1,88,54,75,1.38,10.21,0.0,909.7,1.19,0.204
2006-12-15,6.5,-1.3,1.5,85,43,70,2.44,8.7,0.0,912.8,1.17,0.202
2006-12-16,7.1,-5.4,-0.3,81,33,62,1.52,10.57,0.0,916.0,1.25,0.2
2006-12-17,9.2,-5.6,0.1,71,28,53,0.87,10.52,0.0,911.2,1.26,0.2
2006-12-18,11.9,-5.8,1.9,77,26,51,1.22,9.16,0.0,905.0,1.35,0.201
2006-12-19,14.2,-3.1,3.1,86,31,68,1.19,8.61,0.0,902.1,1.16,0.201
2006-12-20,10.7,-2.5,2.5,99,57,83,1.46,8.36,0.0,903.0,1.03,0.203
2006-12-21,9.4,-1.3,3.9,91,62,81,1.78,7.68,0.9,903.5,1.02,0.205
2006-12-22,4.6,-1.0,2.9,87,63,75,3.27,5.85,1.2,907.7,0.88,0.219
2006-12-23,1.5,-5.8,-2.4,78,43,63,3.01,9.36,0.0,910.6,1.04,0.22
2006-12-24,3.1,-7.0,-3.0,72,40,57,1.01,10.43,0.0,909.6,1.04,0.221
2006-12-25,7.5,-10.2,-1.8,80,36,59,1.16,10.59,0.0,898.6,1.25,0.22
2006-12-26,2.2,-5.0,-0.9,75,41,60,3.58,8.18,0.0,898.5,1.13,0.219
2006-12-27,-2.7,-8.1,-5.5,63,34,50,6.78,9.37,0.0,903.2,1.3,0.22
2006-12-28,-0.7,-8.5,-5.1,75,40,59,1.86,10.32,0.0,907.8,0.96,0.22
2006-12-29,5.7,-12.3,-4.0,76,33,56,1.23,10.78,0.0,906.6,1.17,0.218
2006-12-30,6.4,-9.1,-1.9,89,42,69,1.53,10.35,0.0,908.6,1.2,0.218
2006-12-31,4.9,-6.1,-1.5,77,34,59,2.22,10.81,0.0,912.0,1.29,0.218
2007-01-01,5.7,-7.5,-2.7,73,38,60,1.32,10.89,0.0,912.6,1.21,0.218
2007-01-02,13.9,-8.6,0.4,72,16,51,2.35,11.08,0.0,907.5,1.82,0.217
2007-01-03,12.4,-0.1,5.6,85,43,69,3.88,6.13,0.0,903.7,1.48,0.215
2007-01-04,9.6,2.8,6.8,85,51,66,4.25,7.23,0.2,899.7,1.6,0.214
2007-01-05,2.6,0.9,1.7,100,79,92,1.62,3.26,7.6,895.6,0.41,0.225
2007-01-06,3.5,0.8,2.0,96,67,82,1.4,5.01,0.0,902.0,0.63,0.233
2007-01-07,3.8,-1.1,1.1,87,51,70,2.03,8.06,0.0,905.8,0.98,0.233
2007-01-08,3.9,-5.1,-0.9,77,44,64,1.02,11.17,0.0,906.1,1.14,0.233
2007-01-09,5.5,-6.7,-1.1,83,36,62,0.91,11.21,0.0,906.2,1.2,0.235
2007-01-10,6.7,-6.3,-0.5,82,42,64,1.43,11.22,0.0,907.6,1.3,0.237
2007-01-11,5.4,-4.6,-0.2,82,53,70,1.86,11.43,0.0,906.3,1.24,0.239
2007-01-12,7.3,-4.6,-0.6,87,39,70,1.6,11.69,0.0,900.8,1.29,0.241
2007-01-13,7.8,-3.4,1.3,91,53,76,1.23,10.35,0.5,901.3,1.21,0.247
2007-01-14,7.8,-3.0,1.8,89,58,78,1.3,11.43,0.0,906.2,1.28,0.25
2007-01-15,6.8,-3.4,1.5,91,61,79,1.55,11.7,0.0,906.9,1.27,0.251
2007-01-16,6.0,-1.6,2.4,88,42,68,1.78,11.67,0.0,909.7,1.34,0.25
2007-01-17,8.0,-4.9,0.1,78,26,58,1.29,12.31,0.0,909.6,1.48,0.251
2007-01-18,11.8,-8.1,0.4,84,19,53,1.65,12.43,0.0,905.8,1.73,0.254
2007-01-19,10.7,-2.6,2.9,88,41,71,2.34,9.09,0.0,901.3,1.39,0.254
2007-01-20,6.2,1.9,4.2,89,53,73,3.74,5.57,6.5,895.8,1.06,0.296
2007-01-21,5.5,-0.8,1.9,83,40,62,2.46,12.4,0.0,904.5,1.46,0.306
2007-01-22,11.1,-5.4,1.7,83,35,61,1.43,12.5,0.0,906.5,1.61,0.294
2007-01-23,15.0,-4.3,3.4,89,32,67,1.64,12.66,0.0,906.4,1.83,0.289
2007-01-24,16.1,-0.1,5.7,92,25,65,2.51,12.73,0.0,903.9,2.17,0.28
2007-01-25,15.5,0.1,5.7,84,26,62,2.27,10.95,0.0,904.8,1.96,0.269
2007-01-26,17.1,-0.6,6.3,89,21,61,1.72,12.6,0.0,904.6,2.03,0.259
2007-01-27,16.6,-0.7,6.7,91,16,57,2.67,12.62,0.0,901.1,2.44,0.25
2007-01-28,9.5,-4.4,3.4,86,30,62,5.58,5.73,9.6,894.0,1.62,0.254
2007-01-29,-3.5,-10.8,-6.8,83,57,73,2.28,14.22,0.0,898.0,1.13,0.268
2007-01-30,2.6,-12.1,-5.0,81,48,68,2.22,11.97,0.0,893.6,1.22,0.271
2007-01-31,4.0,-8.0,-1.7,79,47,63,1.62,12.12,0.0,901.4,1.26,0.269
2007-02-01,8.7,-6.7,-0.4,87,35,66,2.19,14.37,0.0,902.6,1.7,0.267
2007-02-02,8.0,-0.5,3.5,96,49,75,2.68,7.91,2.9,897.7,1.21,0.269
2007-02-03,1.9,-2.8,-1.0,98,89,92,3.52,6.29,20.0,893.6,0.48,0.275
2007-02-04,-0.4,-5.5,-2.8,100,81,91,1.18,10.2,0.0,891.4,0.85,0.272
2007-02-05,-3.1,-6.9,-5.0,100,91,95,2.05,5.95,8.6,891.6,0.42,0.269
2007-02-06,-1.9,-9.8,-4.0,96,78,88,1.9,10.96,2.9,892.5,0.81,0.267
2007-02-07,-3.9,-18.9,-11.4,100,74,88,1.61,15.15,0.0,899.8,0.94,0.266
2007-02-08,2.0,-11.4,-4.9,89,63,76,1.32,15.61,0.0,901.1,1.38,0.266
2007-02-09,6.7,-2.5,0.8,80,49,68,1.07,14.89,0.0,901.5,1.65,0.27
2007-02-10,6.6,-3.9,0.6,87,44,70,1.1,15.3,0.0,900.6,1.68,0.276
2007-02-11,10.5,-4.2,1.5,83,41,65,0.96,14.05,0.0,900.0,1.74,0.279
2007-02-12,9.8,-4.3,1.7,93,49,76,1.73,12.54,0.0,897.1,1.62,0.279
2007-02-13,11.3,-0.9,4.0,92,44,75,1.78,14.74,0.0,895.7,1.94,0.278
2007-02-14,9.8,0.6,4.9,94,64,80,3.04,8.37,0.3,893.6,1.22,0.281
2007-02-15,8.3,0.8,4.0,99,58,83,1.7,10.97,0.2,894.0,1.4,0.283
2007-02-16,8.9,1.3,5.0,89,58,77,1.54,9.99,0.0,899.0,1.36,0.284
2007-02-17,9.4,0.2,4.5,91,50,73,1.19,13.11,0.0,898.2,1.71,0.285
2007-02-18,8.1,0.5,4.3,85,56,71,2.66,13.24,0.0,901.3,1.66,0.282
2007-02-19,12.2,-0.7,5.1,88,44,70,1.32,15.87,0.0,902.3,2.12,0.278
2007-02-20,14.9,-0.4,6.2,98,40,74,1.79,13.18,0.0,901.0,2.04,0.275
2007-02-21,14.8,0.9,7.5,97,39,71,1.35,14.02,0.0,899.4,2.11,0.274
2007-02-22,15.4,2.5,8.1,83,38,65,1.39,16.17,0.0,899.4,2.44,0.267
2007-02-23,17.2,-0.1,7.4,100,29,67,2.11,15.28,0.0,894.6,2.54,0.272
2007-02-24,10.4,2.8,6.5,83,47,67,3.2,11.14,0.0,894.4,1.86,0.264
2007-02-25,6.9,-1.8,2.7,69,42,58,2.42,15.53,0.0,897.3,1.96,0.257
2007-02-26,11.5,0.4,5.0,69,37,54,1.21,16.78,0.0,896.7,2.29,0.249
2007-02-27,15.9,-2.9,6.2,99,29,67,2.0,16.24,0.0,896.1,2.6,0.239
2007-02-28,10.4,3.2,6.5,87,59,75,3.16,6.5,2.0,896.0,1.25,0.242
2007-03-01,14.2,2.3,7.5,92,40,71,2.35,13.12,0.4,898.0,2.14,0.259
2007-03-02,17.7,1.9,8.7,97,33,68,2.28,18.12,0.0,901.0,2.96,0.25
2007-03-03,16.0,5.7,10.1,84,40,67,3.11,12.76,0.0,900.9,2.41,0.239
2007-03-04,17.1,4.3,9.5,96,37,71,2.76,15.02,0.0,899.2,2.65,0.231
2007-03-05,10.4,3.5,6.5,94,38,69,3.57,15.04,5.5,900.2,2.26,0.266
2007-03-06,8.9,1.3,5.0,80,37,58,3.46,15.03,0.0,907.3,2.14,0.273
2007-03-07,12.0,-2.1,4.9,85,27,57,1.61,19.78,0.0,904.7,2.67,0.261
2007-03-08,15.1,-1.8,5.9,82,20,56,1.41,20.04,0.0,898.6,2.99,0.25
2007-03-09,17.5,-0.3,8.6,84,18,50,1.35,20.33,0.0,900.0,3.19,0.237
2007-03-10,19.0,-0.2,9.5,78,15,43,1.35,20.52,0.0,901.9,3.48,0.221
2007-03-11,18.5,4.6,10.6,60,19,41,1.31,16.57,0.1,900.0,2.98,0.203
2007-03-12,15.8,4.4,10.0,73,36,54,2.41,18.77,0.0,898.8,3.19,0.188
2007-03-13,8.8,2.3,5.6,74,31,54,3.65,14.27,0.7,896.3,2.29,0.186
2007-03-14,2.8,-0.7,0.7,89,57,75,5.55,11.6,5.5,890.9,1.32,0.192
2007-03-15,3.9,0.3,2.0,92,83,87,4.94,8.7,7.8,893.2,0.87,0.211
2007-03-16,8.5,-1.0,3.4,87,30,62,3.41,17.92,0.0,898.8,2.37,0.243
2007-03-17,12.4,-1.5,4.8,81,20,51,2.09,20.85,0.0,900.6,2.81,0.231
2007-03-18,16.7,-3.4,6.6,85,20,51,2.11,21.98,0.0,897.1,3.62,0.22
2007-03-19,17.7,0.1,8.7,96,22,59,1.93,20.51,0.0,894.8,3.45,0.208
2007-03-20,17.8,3.1,9.8,89,28,59,2.36,19.81,0.2,896.2,3.43,0.198
2007-03-21,19.7,1.1,10.2,92,24,57,2.41,20.45,0.0,898.3,3.73,0.187
2007-03-22,19.2,1.6,11.2,89,23,51,2.88,17.46,0.0,899.7,3.73,0.176
2007-03-23,21.3,11.9,14.9,70,24,45,6.24,17.27,5.7,893.4,4.68,0.179
2007-03-24,12.8,4.9,8.8,79,44,63,2.65,18.16,7.7,893.5,2.83,0.295
2007-03-25,12.8,2.4,7.4,93,35,65,1.57,20.93,0.2,899.7,3.12,0.274
2007-03-26,11.9,2.4,7.3,81,40,60,1.99,17.83,0.2,899.0,2.72,0.259
2007-03-27,13.8,1.8,7.6,82,27,53,1.84,21.61,0.0,898.7,3.32,0.246
2007-03-28,11.8,2.8,7.3,73,42,57,2.11,20.36,0.7,900.5,3.01,0.236
2007-03-29,15.4,-0.0,7.6,87,24,56,1.26,23.06,0.0,903.1,3.5,0.229
2007-03-30,18.4,0.1,9.8,85,22,50,1.64,21.78,0.0,903.2,3.81,0.218
2007-03-31,16.8,3.3,8.8,83,30,65,2.05,10.09,5.1,898.6,2.01,0.222
2007-04-01,11.5,5.6,7.6,90,61,78,3.35,12.73,3.5,897.4,1.94,0.283
2007-04-02,8.2,4.5,6.0,74,45,60,4.09,10.49,0.0,901.5,1.97,0.284
2007-04-03,9.8,1.0,5.6,80,32,54,2.23,16.99,0.0,897.2,2.49,0.267
2007-04-04,14.8,-1.9,6.7,78,27,50,1.49,24.81,0.0,896.4,3.72,0.253
2007-04-05,16.0,1.6,9.1,91,41,65,2.2,16.11,1.3,897.0,2.69,0.247
2007-04-06,18.6,3.6,10.6,96,33,69,1.56,20.25,0.0,898.8,3.42,0.243
2007-04-07,18.0,6.4,11.8,85,34,61,2.14,21.22,0.0,898.5,3.67,0.225
2007-04-08,18.5,5.8,12.2,83,27,53,2.02,23.01,0.0,897.0,4.06,0.211
2007-04-09,16.5,6.5,11.4,70,29,47,3.28,22.56,0.4,896.7,4.14,0.197
2007-04-10,14.8,3.1,9.3,78,24,47,2.99,25.61,0.0,898.3,4.06,0.186
2007-04-11,17.0,3.5,10.8,64,23,41,1.94,22.02,0.0,896.2,3.97,0.172
2007-04-12,18.2,6.3,11.8,52,17,34,3.46,22.88,0.0,897.0,4.69,0.156
2007-04-13,17.1,4.3,11.2,65,21,39,3.23,22.4,0.0,901.3,4.37,0.145
2007-04-14,14.0,5.6,9.9,61,21,38,3.7,25.55,0.0,901.3,4.33,0.136
2007-04-15,11.5,2.6,7.8,56,26,38,3.59,22.17,0.1,898.0,3.74,0.133
2007-04-16,12.8,2.3,7.7,61,23,41,1.61,19.33,0.0,900.8,3.11,0.136
2007-04-17,14.2,2.0,8.4,70,29,46,1.54,19.17,0.0,898.3,3.13,0.137
2007-04-18,13.2,3.8,7.8,95,41,68,1.91,14.47,4.6,893.4,2.32,0.153
2007-04-19,15.6,0.8,8.3,88,24,51,2.29,25.8,0.2,898.6,4.0,0.192
2007-04-20,13.8,4.7,8.2,94,30,63,1.76,13.59,1.5,902.8,2.23,0.195
2007-04-21,20.8,0.4,11.0,87,21,52,1.74,26.59,0.0,904.3,4.65,0.196
2007-04-22,21.2,5.7,13.6,94,26,60,1.45,21.88,0.6,904.0,4.09,0.182
2007-04-23,16.6,7.8,12.5,80,17,48,4.5,25.13,0.1,902.0,4.68,0.177
2007-04-24,14.9,1.9,8.8,61,11,35,2.83,27.95,0.0,902.4,4.6,0.166
2007-04-25,19.3,1.1,10.8,59,12,31,1.46,26.67,0.0,899.8,4.56,0.16
2007-04-26,20.7,4.8,14.1,66,14,35,1.33,20.83,0.0,900.8,3.98,0.152
2007-04-27,23.4,7.4,16.3,62,14,32,1.87,24.05,0.0,901.3,5.11,0.137
2007-04-28,21.2,9.3,15.2,69,25,44,2.1,17.86,0.0,899.0,3.94,0.129
2007-04-29,14.9,8.5,10.8,89,50,77,1.9,16.65,8.4,893.6,2.55,0.165
2007-04-30,19.8,4.3,12.1,92,20,54,1.62,28.45,0.0,896.4,4.77,0.237
2007-05-01,23.4,5.0,14.7,82,26,48,2.88,26.94,0.0,899.7,5.44,0.214
2007-05-02,23.9,10.5,17.5,81,29,50,3.01,26.4,0.1,901.9,5.49,0.192
2007-05-03,23.3,11.5,16.7,78,25,53,2.22,25.02,0.0,901.3,4.89,0.177
2007-05-04,24.7,10.4,17.9,68,24,42,1.86,27.62,0.0,899.3,5.58,0.165
2007-05-05,28.0,10.4,20.1,57,15,33,1.5,27.76,0.0,902.3,5.78,0.155
2007-05-06,30.8,11.8,22.1,58,10,32,1.67,27.92,0.0,903.9,6.1,0.146
2007-05-07,33.1,11.5,22.7,79,5,36,2.39,28.43,0.0,901.8,6.97,0.137
2007-05-08,29.8,13.8,21.4,57,19,38,3.24,21.4,0.3,899.5,5.89,0.126
2007-05-09,23.5,16.7,20.3,68,34,49,1.36,16.16,0.0,899.3,3.66,0.129
2007-05-10,24.0,14.5,18.6,74,32,56,2.03,19.1,0.3,899.4,4.12,0.131
2007-05-11,24.0,14.6,18.5,75,35,54,2.59,19.16,0.6,898.4,4.23,0.138
2007-05-12,23.2,14.8,18.0,77,39,55,1.93,17.07,1.8,896.9,3.62,0.158
2007-05-13,26.6,13.7,20.1,79,16,46,2.97,24.86,0.0,897.9,5.74,0.16
2007-05-14,25.2,11.4,18.9,63,18,38,4.09,29.26,0.0,902.0,6.64,0.147
2007-05-15,27.0,11.7,19.2,66,13,37,2.84,29.49,0.0,901.1,6.35,0.135
2007-05-16,28.3,12.7,20.7,63,20,33,2.26,27.43,0.0,899.2,6.27,0.129
2007-05-17,26.5,11.5,19.0,80,28,56,1.91,17.97,2.9,897.5,4.04,0.141
2007-05-18,23.8,14.8,18.4,93,41,71,1.54,17.38,2.4,898.8,3.5,0.188
2007-05-19,28.6,9.9,19.5,98,22,58,2.35,27.04,0.0,902.1,5.83,0.181
2007-05-20,28.9,15.5,21.8,68,22,43,4.66,26.82,0.5,899.7,7.09,0.163
2007-05-21,27.0,11.1,19.2,87,17,50,2.0,29.19,0.0,900.1,5.91,0.15
2007-05-22,26.6,10.0,18.7,87,16,46,2.5,29.34,0.3,897.4,6.17,0.136
2007-05-23,28.1,9.6,19.4,76,13,37,2.28,29.68,0.0,896.2,6.55,0.125
2007-05-24,28.5,10.8,20.3,73,14,37,2.51,29.68,0.0,898.2,6.68,0.114
2007-05-25,29.2,11.9,21.1,70,16,39,2.12,25.91,0.1,899.1,5.87,0.108
2007-05-26,29.0,12.8,22.0,52,16,32,3.22,29.22,0.0,897.8,7.07,0.105
2007-05-27,27.2,11.1,19.6,78,21,46,2.13,28.01,0.2,898.3,6.01,0.102
2007-05-28,29.0,12.9,21.2,72,19,43,2.74,27.67,0.2,898.3,6.57,0.104
2007-05-29,28.2,16.9,22.3,73,26,46,2.83,25.8,1.0,898.3,6.16,0.107
2007-05-30,31.1,14.9,23.3,66,14,38,2.05,28.22,0.0,897.2,6.56,0.107
2007-05-31,31.2,14.1,23.1,66,13,35,2.59,30.41,0.0,897.7,7.24,0.101
2007-06-01,29.4,11.8,21.4,68,8,34,1.69,30.88,0.0,899.4,6.5,0.098
2007-06-02,29.5,14.0,22.6,70,18,41,2.31,28.33,0.0,900.5,6.51,0.096
2007-06-03,31.1,15.3,23.6,62,17,36,2.17,27.15,0.0,901.9,6.57,0.096
2007-06-04,30.3,16.2,24.0,51,17,34,2.11,27.11,0.0,902.6,6.57,0.097
2007-06-05,31.4,15.9,24.4,55,20,35,2.04,28.1,0.0,901.2,6.8,0.098
2007-06-06,30.7,17.4,24.1,56,19,34,2.82,25.53,0.0,897.0,6.78,0.101
2007-06-07,27.8,12.7,20.7,65,20,41,1.98,28.58,0.3,894.3,6.28,0.1
2007-06-08,24.4,15.9,19.6,68,34,53,2.25,21.08,0.3,896.9,4.66,0.102
2007-06-09,24.4,14.9,19.5,79,40,61,1.88,20.44,0.0,899.7,4.2,0.111
2007-06-10,23.8,13.6,19.0,83,37,61,1.57,20.12,4.8,899.2,4.09,0.134
2007-06-11,26.1,13.4,19.1,94,33,63,1.66,21.91,0.5,896.8,4.53,0.169
2007-06-12,25.9,13.2,19.6,83,21,49,1.71,27.68,0.0,897.7,5.6,0.159
2007-06-13,28.9,13.5,21.9,62,16,38,1.74,29.69,0.0,899.5,6.47,0.146
2007-06-14,31.3,16.0,24.7,60,14,33,2.18,29.96,0.0,900.2,7.11,0.134
2007-06-15,33.1,17.2,25.9,48,8,27,2.17,30.23,0.0,899.1,7.39,0.124
2007-06-16,33.0,18.8,25.8,46,14,30,2.2,28.97,0.0,897.5,7.17,0.119
2007-06-17,31.7,18.5,25.1,54,20,37,2.23,26.92,0.4,897.5,6.61,0.114
2007-06-18,29.6,17.0,23.5,69,25,45,2.43,24.22,1.0,897.5,5.9,0.121
2007-06-19,30.1,18.2,24.4,62,17,36,3.29,29.93,0.0,899.5,7.44,0.13
2007-06-20,29.2,17.7,24.0,53,16,33,3.88,29.52,0.0,900.2,7.68,0.119
2007-06-21,28.3,18.6,23.8,50,18,32,4.47,29.62,0.0,901.0,7.85,0.11
2007-06-22,28.9,16.6,22.8,47,13,30,3.58,31.19,0.0,902.5,7.69,0.107
2007-06-23,32.9,14.3,25.0,40,8,21,2.46,31.26,0.0,903.7,7.7,0.107
2007-06-24,37.9,16.7,28.4,36,6,21,2.64,30.39,0.0,903.8,8.4,0.106
2007-06-25,32.3,22.6,27.6,56,15,31,4.01,30.3,0.0,903.5,8.46,0.101
2007-06-26,34.0,19.8,27.1,37,13,24,3.54,30.43,0.0,899.9,8.43,0.099
2007-06-27,35.1,19.5,28.0,36,11,24,3.46,30.83,0.0,898.8,8.7,0.099
2007-06-28,37.0,17.5,28.5,44,6,23,2.44,30.8,0.0,899.1,8.11,0.1
2007-06-29,36.0,20.2,28.4,33,11,22,2.95,29.66,0.0,897.2,8.39,0.1
2007-06-30,29.0,19.4,24.6,66,25,41,4.12,27.19,0.0,898.2,7.22,0.099
2007-07-01,27.3,17.6,22.7,63,20,39,3.76,28.98,0.0,899.1,7.04,0.102
2007-07-02,27.5,15.7,21.9,63,16,35,3.54,30.52,0.0,900.0,7.17,0.103
2007-07-03,29.3,15.2,22.5,60,17,36,3.19,30.76,0.0,900.1,7.17,0.103
2007-07-04,32.8,16.0,25.0,43,10,28,2.22,30.87,0.0,897.7,7.31,0.104
2007-07-05,35.9,16.7,27.3,43,9,23,1.5,30.99,0.0,896.4,7.07,0.108
2007-07-06,37.4,17.2,27.7,75,14,36,2.8,30.43,0.0,895.4,8.21,0.108
2007-07-07,29.4,18.6,23.9,57,9,32,4.07,29.16,0.0,901.3,7.66,0.106
2007-07-08,29.7,17.9,24.0,39,15,25,4.5,30.81,0.0,903.6,8.43,0.104
2007-07-09,32.1,17.2,24.8,33,9,21,3.59,31.32,0.0,901.6,8.41,0.103
2007-07-10,33.7,16.1,25.6,31,6,18,2.23,31.2,0.0,898.8,7.56,0.102
2007-07-11,36.0,15.5,27.5,34,8,19,1.17,30.88,0.0,897.4,6.75,0.099
2007-07-12,37.5,16.7,28.1,65,9,30,2.3,30.88,0.0,896.9,8.03,0.094
2007-07-13,35.3,16.6,26.9,63,12,34,2.11,30.48,0.0,896.6,7.46,0.093
2007-07-14,28.0,19.2,23.9,61,27,43,5.11,20.85,0.0,900.2,6.55,0.092
2007-07-15,27.1,18.7,22.8,59,19,38,5.4,25.63,0.0,902.4,7.22,0.093
2007-07-16,27.4,16.9,22.2,50,17,31,5.54,30.19,0.0,903.6,8.11,0.093
2007-07-17,28.3,16.5,22.6,59,21,35,4.52,30.09,0.0,904.3,7.56,0.094
2007-07-18,30.3,17.8,24.6,54,20,33,5.09,30.1,0.0,904.0,8.6,0.095
2007-07-19,31.8,19.2,25.8,47,15,29,4.16,30.01,0.0,903.0,8.29,0.096
2007-07-20,34.6,18.3,26.7,51,12,30,2.32,29.51,0.0,901.3,7.31,0.095
2007-07-21,35.5,17.8,28.1,38,12,21,2.25,29.95,0.0,899.9,7.73,0.094
2007-07-22,35.8,20.5,28.8,39,9,22,3.1,29.71,0.0,899.0,8.38,0.094
2007-07-23,35.6,20.6,28.3,40,9,21,3.77,30.34,0.0,899.0,9.02,0.094
2007-07-24,35.0,20.1,28.0,37,8,22,3.39,29.86,0.0,899.1,8.52,0.095
2007-07-25,36.7,20.4,29.1,30,9,19,2.16,29.55,0.0,898.1,7.57,0.095
2007-07-26,38.5,18.5,29.7,41,9,21,1.82,28.9,0.0,898.6,7.32,0.094
2007-07-27,39.0,19.8,30.0,40,11,25,1.5,28.42,0.0,899.8,6.76,0.094
2007-07-28,38.0,22.5,30.4,44,12,25,2.2,26.9,0.0,899.2,7.41,0.094
2007-07-29,38.4,22.2,30.5,40,14,25,1.58,25.9,0.0,898.3,6.65,0.095
2007-07-30,37.0,21.6,29.8,44,13,27,1.86,26.32,0.2,897.2,6.92,0.095
2007-07-31,36.2,20.5,29.2,41,13,26,1.46,26.74,0.0,897.6,6.48,0.095
2007-08-01,36.7,23.1,29.9,31,15,23,2.16,27.02,0.0,898.2,7.33,0.096
2007-08-02,34.7,21.4,28.3,41,22,30,2.75,25.98,0.0,898.5,7.27,0.095
2007-08-03,32.3,19.3,26.0,53,22,37,2.54,28.28,0.0,901.5,7.0,0.094
2007-08-04,33.5,19.0,26.8,49,14,30,2.02,28.87,0.0,898.8,6.99,0.094
2007-08-05,35.3,19.6,28.3,37,12,22,1.17,28.59,0.0,895.6,6.26,0.093
2007-08-06,36.6,17.9,27.5,76,10,37,2.57,28.84,0.0,894.9,7.62,0.091
2007-08-07,34.1,15.5,25.4,72,15,37,2.38,28.79,0.0,896.2,7.12,0.09
2007-08-08,32.8,17.1,25.6,62,17,35,1.87,28.07,0.0,898.0,6.46,0.088
2007-08-09,33.3,19.7,26.9,45,19,30,2.59,27.46,0.0,897.3,6.98,0.087
2007-08-10,34.1,20.2,28.0,41,16,27,2.03,27.54,0.0,897.6,6.86,0.087
2007-08-11,36.3,20.1,29.0,42,13,25,1.31,27.71,0.0,898.4,6.29,0.084
2007-08-12,37.7,19.5,28.7,71,12,36,2.43,28.01,0.0,896.5,7.44,0.08
2007-08-13,34.9,18.5,27.5,66,17,36,1.78,27.12,0.0,896.7,6.44,0.078
2007-08-14,34.5,22.3,28.5,52,20,30,2.61,26.27,0.0,897.3,7.04,0.078
2007-08-15,34.6,23.5,28.5,45,18,31,2.96,25.79,0.0,897.4,7.22,0.078
2007-08-16,34.2,22.3,28.1,45,21,32,2.82,23.57,0.0,898.9,6.66,0.078
2007-08-17,33.9,20.2,27.2,57,14,34,2.51,26.17,0.0,899.8,6.83,0.078
2007-08-18,32.0,19.2,25.9,46,18,29,2.54,27.0,0.0,898.5,6.86,0.076
2007-08-19,32.8,17.9,25.8,44,18,30,2.41,25.28,0.0,897.1,6.64,0.075
2007-08-20,34.9,18.4,27.3,46,14,27,1.36,25.1,0.0,897.8,5.89,0.071
2007-08-21,35.8,17.8,28.1,78,14,38,1.71,24.12,0.0,901.1,6.03,0.067
2007-08-22,34.6,21.9,28.6,47,10,28,2.77,26.11,0.0,903.0,7.26,0.066
2007-08-23,31.9,20.9,26.4,48,16,26,3.82,26.26,0.0,903.1,7.62,0.065
2007-08-24,28.7,20.2,24.4,50,25,38,4.49,20.58,0.0,903.0,6.3,0.067
2007-08-25,29.5,19.5,23.3,76,32,52,3.7,18.12,0.8,902.8,4.99,0.07
2007-08-26,29.4,19.4,23.9,76,27,46,2.74,22.89,0.0,901.0,5.54,0.08
2007-08-27,30.2,18.5,24.7,55,26,41,2.16,19.95,0.0,898.8,5.05,0.079
2007-08-28,29.5,19.0,23.4,57,31,47,1.85,21.62,1.0,900.1,4.96,0.086
2007-08-29,30.9,15.9,23.9,81,24,49,1.98,22.62,0.0,901.3,5.4,0.101
2007-08-30,31.6,18.5,25.6,57,21,39,2.13,23.23,0.0,902.1,5.76,0.1
2007-08-31,32.8,18.3,25.7,50,13,30,3.02,25.24,0.0,901.9,6.95,0.099
2007-09-01,34.9,18.0,26.6,39,11,24,2.74,25.19,0.0,900.8,6.96,0.099
2007-09-02,35.6,17.9,27.0,38,8,21,1.52,24.7,0.0,898.7,5.82,0.095
2007-09-03,35.7,18.0,26.6,56,11,31,2.13,23.77,0.0,898.8,6.34,0.092
2007-09-04,34.2,14.5,25.2,54,10,28,2.07,24.94,0.0,898.3,6.29,0.087
2007-09-05,33.8,14.3,24.6,66,12,37,1.69,24.72,0.0,899.2,5.67,0.081
2007-09-06,32.3,14.5,23.9,91,15,47,1.63,23.85,0.0,900.4,5.25,0.081
2007-09-07,32.9,16.1,24.0,45,15,29,2.55,24.08,0.0,897.9,6.38,0.079
2007-09-08,30.9,13.5,22.2,79,20,47,2.39,24.2,0.0,894.5,5.79,0.081
2007-09-09,25.0,15.0,19.1,67,31,44,2.49,17.14,0.3,896.5,4.16,0.084
2007-09-10,25.3,8.5,17.7,95,22,51,1.21,23.49,0.0,902.0,4.55,0.085
2007-09-11,27.7,10.9,19.9,45,15,28,1.62,23.77,0.0,901.2,5.03,0.084
2007-09-12,29.9,10.3,20.8,71,17,36,1.33,23.36,0.0,900.0,4.84,0.08
2007-09-13,27.5,13.8,20.8,69,19,40,2.31,22.62,0.0,900.0,5.27,0.081
2007-09-14,22.9,11.9,17.5,51,29,38,3.24,23.04,0.0,905.1,5.16,0.081
2007-09-15,28.0,9.5,18.8,61,16,37,1.49,22.88,0.0,902.2,4.65,0.082
2007-09-16,25.7,11.9,19.5,48,20,32,3.23,22.39,0.0,901.7,5.55,0.083
2007-09-17,24.2,12.3,18.2,62,23,40,3.27,22.39,0.0,905.7,5.19,0.083
2007-09-18,27.0,9.6,18.3,47,13,30,2.07,22.64,0.0,903.4,5.01,0.083
2007-09-19,28.9,8.5,19.5,40,13,25,1.53,22.42,0.0,900.8,4.84,0.08
2007-09-20,30.7,10.6,21.2,38,9,22,1.43,22.2,0.0,900.8,4.86,0.076
2007-09-21,30.6,9.9,20.6,65,11,29,1.61,21.84,0.0,900.9,4.85,0.074
2007-09-22,26.1,13.1,19.7,64,26,44,2.19,20.77,0.0,902.0,4.63,0.076
2007-09-23,24.9,13.5,19.2,68,37,50,2.68,17.69,0.7,900.6,4.07,0.079
2007-09-24,21.6,15.2,18.0,64,37,51,3.21,11.3,0.0,901.4,3.24,0.089
2007-09-25,22.2,11.1,16.6,56,28,43,1.93,20.84,0.0,902.5,4.15,0.09
2007-09-26,25.3,7.2,17.0,63,18,38,1.43,21.09,0.0,904.4,4.16,0.089
2007-09-27,27.9,7.6,18.3,51,15,33,1.38,20.99,0.0,904.2,4.28,0.094
2007-09-28,29.2,9.0,19.4,52,14,29,2.04,20.82,0.0,904.4,4.86,0.096
2007-09-29,29.2,10.3,19.8,41,8,22,2.64,20.85,0.0,904.1,5.43,0.095
2007-09-30,27.5,10.2,18.9,31,13,22,2.42,20.53,0.0,903.4,5.06,0.094
2007-10-01,27.3,9.5,18.7,38,15,26,1.99,20.11,0.0,902.7,4.65,0.094
2007-10-02,28.4,11.2,19.4,46,16,31,1.7,18.52,0.0,903.5,4.21,0.094
2007-10-03,28.2,13.3,20.1,69,20,42,1.76,16.43,0.2,903.6,3.89,0.095
2007-10-04,25.7,15.0,19.2,68,32,47,1.9,14.94,0.0,903.1,3.49,0.1
2007-10-05,26.2,9.0,17.4,82,19,49,1.79,18.65,0.0,901.8,3.89,0.103
2007-10-06,25.2,10.2,18.1,78,27,49,1.53,17.38,0.0,902.3,3.51,0.101
2007-10-07,26.2,9.4,18.2,73,21,43,1.4,18.57,0.0,903.2,3.81,0.104
2007-10-08,27.6,9.7,18.9,62,15,36,1.66,18.62,0.0,905.1,4.16,0.107
2007-10-09,28.2,12.4,20.1,41,15,28,1.45,18.22,0.0,904.6,4.02,0.106
2007-10-10,26.7,13.2,19.3,51,21,35,2.06,16.01,0.1,903.0,3.96,0.107
2007-10-11,26.6,11.6,19.0,65,29,46,1.43,16.95,0.0,903.9,3.55,0.11
2007-10-12,27.8,11.3,18.8,61,21,43,1.68,16.96,0.0,903.3,3.85,0.108
2007-10-13,26.2,10.5,17.9,87,21,54,2.63,16.27,0.0,900.1,4.0,0.104
2007-10-14,22.0,10.9,15.8,80,33,56,2.46,12.34,1.3,898.1,2.95,0.108
2007-10-15,13.1,7.1,8.8,83,67,78,2.99,4.67,1.9,902.2,0.98,0.129
2007-10-16,12.6,4.4,8.0,80,42,62,2.24,12.61,0.0,909.3,2.04,0.143
2007-10-17,16.8,1.4,9.0,86,34,58,2.54,17.29,0.0,908.8,2.98,0.143
2007-10-18,18.3,4.4,11.3,79,26,52,1.73,17.25,0.0,905.0,2.94,0.142
2007-10-19,23.5,2.1,12.3,80,14,43,1.23,17.16,0.0,901.4,3.03,0.144
2007-10-20,24.5,4.6,14.0,80,22,49,2.02,15.24,0.0,902.4,3.39,0.144
2007-10-21,21.8,9.0,15.2,92,28,60,2.88,11.14,0.0,903.4,2.76,0.138
2007-10-22,22.5,6.7,14.3,87,36,63,1.75,10.13,0.0,903.2,2.19,0.138
2007-10-23,26.2,9.1,17.2,88,25,54,3.72,14.42,0.5,901.7,4.0,0.135
2007-10-24,25.0,8.3,15.4,93,12,55,1.98,13.72,0.0,901.8,3.01,0.128
2007-10-25,21.1,7.3,13.7,91,33,61,1.64,12.16,0.0,904.9,2.42,0.122
2007-10-26,19.4,7.7,13.6,78,37,56,2.15,14.71,0.0,909.5,2.84,0.118
2007-10-27,18.3,6.1,12.0,76,30,50,2.3,15.38,0.0,909.9,2.91,0.115
2007-10-28,17.8,3.5,10.9,75,25,46,1.79,15.27,0.0,906.8,2.74,0.119
2007-10-29,22.3,3.7,12.4,67,24,46,1.45,14.48,0.0,901.7,2.76,0.118
2007-10-30,17.3,8.5,12.4,95,46,69,1.44,10.62,6.6,901.6,1.9,0.162
2007-10-31,20.0,6.1,12.0,88,38,64,1.11,14.14,0.0,907.2,2.34,0.191
2007-11-01,22.5,9.3,14.9,77,29,56,1.65,10.99,0.0,909.3,2.35,0.184
2007-11-02,22.5,7.0,14.1,91,35,64,2.27,12.07,0.0,906.3,2.6,0.173
2007-11-03,19.3,9.1,13.8,86,44,67,1.63,10.68,0.1,904.4,2.04,0.165
2007-11-04,22.7,6.5,14.0,99,26,65,1.97,12.59,0.4,902.2,2.61,0.158
2007-11-05,16.7,9.6,12.7,92,57,77,3.36,4.65,6.9,900.2,1.36,0.176
2007-11-06,12.1,8.6,10.6,93,78,88,1.7,3.16,17.7,897.1,0.63,0.3
2007-11-07,10.7,6.4,8.2,95,55,73,2.32,8.51,1.2,895.6,1.43,0.308
2007-11-08,14.4,4.7,8.6,82,37,61,1.1,10.8,0.0,899.3,1.71,0.266
2007-11-09,11.2,4.0,7.3,82,43,66,1.83,10.58,0.5,900.7,1.62,0.249
2007-11-10,16.1,-0.9,8.6,89,33,60,4.1,12.85,0.9,895.4,2.75,0.235
2007-11-11,13.9,4.9,9.9,64,33,46,4.57,13.23,0.2,894.3,2.97,0.227
2007-11-12,16.3,-0.1,7.1,72,19,47,2.43,13.45,0.0,900.4,2.46,0.218
2007-11-13,13.9,3.3,8.7,84,48,68,3.93,7.26,0.0,898.7,1.76,0.207
2007-11-14,17.2,7.4,11.7,89,39,67,2.34,9.03,0.1,899.8,1.85,0.199
2007-11-15,17.2,7.4,11.4,88,37,66,2.56,8.94,0.0,902.4,1.91,0.189
2007-11-16,18.8,4.4,10.5,92,35,65,1.17,11.88,0.0,905.4,1.89,0.179
2007-11-17,18.7,4.2,10.5,89,33,64,1.05,12.23,0.0,903.3,1.92,0.176
2007-11-18,18.8,2.5,10.0,93,27,61,1.97,10.84,0.0,898.1,2.13,0.174
2007-11-19,15.7,6.6,10.8,79,32,58,3.04,10.07,0.9,896.0,2.21,0.179
2007-11-20,7.9,4.6,6.4,99,69,88,1.2,3.18,14.4,895.4,0.54,0.253
2007-11-21,8.9,4.2,6.6,98,62,83,3.07,6.1,5.9,899.7,0.98,0.334
2007-11-22,9.3,1.1,5.7,88,47,74,3.05,8.7,0.0,906.6,1.31,0.297
2007-11-23,10.4,-1.7,3.6,90,46,73,1.31,11.86,0.0,908.1,1.45,0.273
2007-11-24,10.3,-2.4,2.9,89,38,72,1.01,11.87,0.0,907.7,1.46,0.261
2007-11-25,8.8,-2.6,2.0,90,40,72,0.94,11.9,0.0,907.9,1.38,0.253
2007-11-26,13.1,-3.9,3.0,88,27,63,1.63,11.63,0.0,905.5,1.66,0.248
2007-11-27,18.6,0.0,7.4,92,31,68,2.85,10.56,0.0,902.1,2.05,0.241
2007-11-28,9.5,2.9,6.0,92,68,81,2.22,6.64,0.0,902.1,1.02,0.233
2007-11-29,5.2,-0.0,2.3,66,43,55,1.35,9.84,0.0,905.4,1.21,0.229
2007-11-30,14.0,-2.8,4.3,95,39,69,1.41,10.82,0.0,900.7,1.47,0.227
2007-12-01,13.7,0.7,6.0,95,43,77,1.97,8.73,0.8,896.5,1.29,0.223
2007-12-02,6.7,0.6,4.2,87,38,64,1.96,9.07,0.2,902.2,1.22,0.23
2007-12-03,11.4,-3.2,2.9,90,48,67,1.34,10.63,0.0,899.4,1.34,0.229
2007-12-04,10.4,-0.4,5.1,97,61,84,2.38,4.9,1.6,898.1,0.88,0.23
2007-12-05,10.2,7.4,8.5,85,71,78,5.84,3.99,8.6,893.9,1.2,0.256
2007-12-06,8.5,1.8,5.2,96,67,87,2.12,4.74,30.4,889.9,0.71,0.378
2007-12-07,7.9,0.7,4.3,95,62,81,1.27,5.99,0.3,895.4,0.77,0.337
2007-12-08,10.8,-0.8,4.9,88,48,73,1.41,10.09,0.0,899.8,1.3,0.317
2007-12-09,12.6,2.7,7.3,92,46,74,2.56,8.34,0.0,900.7,1.41,0.304
2007-12-10,13.5,7.5,9.5,85,50,72,4.11,8.59,7.3,897.4,1.67,0.344
2007-12-11,14.3,5.8,9.1,90,47,71,2.78,8.55,0.0,899.5,1.61,0.326
2007-12-12,14.5,6.5,9.5,84,46,69,2.88,7.86,0.0,900.1,1.6,0.309
2007-12-13,12.1,4.9,8.2,90,41,73,3.13,8.52,1.3,892.4,1.46,0.305
2007-12-14,5.0,2.2,3.4,94,68,80,2.13,5.22,1.8,893.6,0.74,0.317
2007-12-15,9.9,-1.0,4.2,95,54,76,1.05,9.95,0.0,900.8,1.21,0.307
2007-12-16,6.1,1.8,4.2,100,78,87,1.33,3.82,6.2,904.0,0.49,0.327
2007-12-17,6.3,1.6,3.4,93,59,79,1.06,8.43,0.0,908.0,0.97,0.323
2007-12-18,2.6,-0.5,1.4,87,56,72,1.5,4.63,0.0,907.9,0.64,0.31
2007-12-19,1.3,-2.1,-0.3,72,52,62,1.0,8.29,0.0,907.9,0.83,0.299
2007-12-20,1.6,-4.6,-1.4,80,54,68,1.43,10.13,0.0,906.3,0.95,0.293
2007-12-21,1.7,-2.6,-1.0,78,59,70,1.11,9.43,0.0,908.2,0.9,0.29
2007-12-22,1.5,-2.7,-1.0,81,60,71,0.89,9.8,0.0,911.2,0.9,0.286
2007-12-23,3.6,-4.1,-0.9,85,55,73,0.73,10.45,0.0,910.8,0.98,0.283
2007-12-24,4.9,-6.1,-1.4,86,48,74,0.81,10.54,0.0,908.1,1.04,0.281
2007-12-25,4.7,-5.4,-1.1,82,49,71,0.82,10.39,0.0,906.0,1.04,0.28
2007-12-26,7.8,-6.2,-0.7,91,46,74,0.84,9.89,0.0,907.2,1.09,0.28
2007-12-27,6.1,-5.3,-0.5,94,56,81,1.17,9.72,0.0,908.2,1.04,0.277
2007-12-28,2.3,-3.4,-0.4,98,62,82,1.92,8.4,0.0,909.6,0.82,0.276
2007-12-29,2.0,-4.7,-1.5,80,46,67,2.21,8.81,0.0,908.9,0.99,0.274
2007-12-30,3.0,-6.2,-2.2,78,41,63,1.05,10.75,0.0,904.8,1.08,0.273
2007-12-31,4.9,-7.8,-2.0,80,34,59,0.86,10.76,0.0,903.0,1.14,0.272
2008-01-01,5.6,-4.6,-0.4,74,35,58,0.85,9.98,0.0,898.3,1.1,0.277
2008-01-02,9.3,-5.7,0.8,93,36,68,1.8,10.44,0.0,895.8,1.36,0.279
2008-01-03,9.6,-0.4,3.6,91,47,75,2.47,8.51,0.0,896.8,1.18,0.276
2008-01-04,2.2,-5.3,-0.0,94,66,81,2.06,8.92,1.5,903.6,0.83,0.276
2008-01-05,-1.0,-7.0,-4.2,81,54,68,1.63,7.54,0.0,910.0,0.7,0.279
2008-01-06,0.5,-6.3,-4.1,81,52,66,1.0,11.15,0.0,910.7,0.99,0.278
2008-01-07,5.0,-8.4,-2.6,80,32,60,1.21,10.76,0.0,903.2,1.14,0.278
2008-01-08,6.7,-1.6,2.0,78,48,62,1.78,8.4,0.0,903.1,1.12,0.276
2008-01-09,2.4,-2.9,-0.5,79,54,68,1.57,7.99,0.0,905.5,0.89,0.273
2008-01-10,2.2,-4.2,-1.4,84,46,69,2.48,8.27,0.0,905.8,0.97,0.272
2008-01-11,1.2,-6.0,-2.9,79,47,64,1.93,10.9,0.0,907.6,1.07,0.271
2008-01-12,-0.5,-8.5,-4.7,70,41,59,1.26,11.9,0.0,907.7,1.03,0.272
2008-01-13,1.1,-9.7,-4.8,77,30,57,0.8,12.17,0.0,909.3,1.09,0.272
2008-01-14,2.5,-13.0,-5.7,72,26,49,0.85,12.47,0.0,909.1,1.18,0.272
2008-01-15,6.2,-12.6,-3.4,71,16,44,1.11,12.0,1.1,906.1,1.37,0.273
2008-01-16,5.8,-2.4,0.9,89,66,78,0.91,8.72,1.1,906.7,0.98,0.289
2008-01-17,6.5,-3.0,0.7,97,58,81,1.01,8.51,0.0,907.6,0.98,0.287
2008-01-18,5.9,-5.7,-0.1,99,57,82,1.4,10.76,0.0,906.4,1.14,0.285
2008-01-19,2.4,-5.3,-1.8,95,57,81,1.43,10.26,0.0,905.6,0.95,0.281
2008-01-20,1.4,-5.0,-2.7,91,34,70,1.4,12.45,0.0,906.3,1.16,0.28
2008-01-21,2.8,-6.7,-2.6,88,21,58,0.97,12.69,0.0,906.0,1.26,0.279
2008-01-22,6.1,-8.3,-1.4,71,28,51,0.92,12.9,0.0,899.1,1.4,0.279
2008-01-23,10.9,-6.2,0.9,78,22,53,1.2,12.96,0.0,896.3,1.65,0.28
2008-01-24,8.6,-5.7,0.8,82,36,64,1.68,12.63,0.0,903.0,1.6,0.28
2008-01-25,2.8,-2.9,0.6,92,53,73,3.71,8.48,1.4,905.2,1.07,0.28
2008-01-26,1.8,-6.1,-2.6,77,36,58,3.31,11.9,0.0,904.6,1.33,0.278
2008-01-27,6.5,-7.2,-1.0,60,34,49,1.65,13.32,0.0,900.5,1.67,0.277
2008-01-28,6.0,-2.1,1.0,95,52,78,2.62,5.87,8.4,887.4,0.82,0.294
2008-01-29,0.6,-3.6,-2.1,94,82,89,6.79,6.79,13.8,890.3,0.56,0.321
2008-01-30,-3.0,-8.0,-5.6,80,62,73,5.63,12.18,0.2,897.7,0.99,0.309
2008-01-31,-1.6,-12.9,-6.9,84,50,70,2.51,14.25,0.0,904.6,1.23,0.302
2008-02-01,2.6,-13.4,-6.6,82,29,58,1.34,14.43,0.0,905.5,1.37,0.3
2008-02-02,6.2,-10.4,-3.1,62,30,49,1.4,14.3,0.0,907.4,1.63,0.298
2008-02-03,6.8,-7.6,-1.1,71,32,53,1.21,14.37,0.0,910.6,1.7,0.298
2008-02-04,7.4,-5.0,0.3,75,40,59,1.2,14.32,0.0,910.2,1.66,0.298
2008-02-05,6.9,-4.8,0.3,82,36,61,0.94,14.61,0.0,907.2,1.69,0.299
2008-02-06,7.3,-6.9,0.3,82,38,61,1.1,14.89,0.0,904.8,1.74,0.3
2008-02-07,8.1,-3.8,1.3,80,32,59,1.18,14.53,0.0,901.6,1.78,0.3
2008-02-08,7.7,-4.1,1.6,77,39,59,1.39,15.03,0.0,902.6,1.82,0.3
2008-02-09,8.6,-2.4,2.5,75,44,63,1.38,14.63,0.0,906.1,1.73,0.299
2008-02-10,9.4,-2.2,3.0,88,49,71,1.2,14.41,0.0,903.6,1.8,0.297
2008-02-11,6.7,-0.1,2.7,86,56,75,2.4,12.77,0.2,901.2,1.52,0.3
2008-02-12,2.8,-0.9,0.8,87,61,75,2.35,6.11,0.1,903.2,0.86,0.299
2008-02-13,3.8,-3.3,0.1,82,52,67,1.8,13.65,0.0,902.9,1.52,0.295
2008-02-14,2.6,-2.8,-0.3,81,54,68,2.17,11.01,0.0,901.6,1.24,0.291
2008-02-15,3.2,-6.0,-1.7,72,43,60,1.44,16.5,0.0,903.8,1.71,0.288
2008-02-16,7.8,-4.4,1.2,85,43,68,2.57,10.81,0.2,897.5,1.51,0.287
2008-02-17,3.3,-5.0,-1.3,95,86,91,2.94,9.42,18.9,892.7,0.71,0.332
2008-02-18,-4.4,-6.2,-5.5,95,81,86,3.45,12.48,3.0,894.3,0.77,0.323
2008-02-19,-5.0,-12.9,-8.5,80,52,70,2.44,18.0,0.0,901.1,1.31,0.314
2008-02-20,2.7,-15.2,-7.2,88,51,72,1.63,17.94,0.0,909.3,1.54,0.308
2008-02-21,1.5,-17.1,-7.7,94,64,79,1.19,17.71,0.0,911.1,1.48,0.305
2008-02-22,4.9,-14.4,-4.7,97,56,79,1.16,17.56,0.0,909.1,1.7,0.311
2008-02-23,8.0,-6.5,-0.0,93,42,70,1.11,17.55,0.0,906.8,2.0,0.326
2008-02-24,9.6,-3.1,2.4,90,47,72,2.28,14.41,0.0,904.0,1.87,0.329
2008-02-25,4.4,-2.5,0.7,77,44,62,4.22,16.92,0.0,904.8,1.9,0.322
2008-02-26,7.4,-5.0,0.8,81,36,61,1.78,18.37,0.0,904.1,2.15,0.311
2008-02-27,10.6,-3.4,2.7,79,34,59,1.17,18.59,0.0,905.5,2.38,0.307
2008-02-28,11.0,-3.3,3.3,91,36,68,1.66,13.14,0.0,904.9,1.82,0.306
2008-02-29,12.2,-2.5,4.9,93,36,66,1.42,18.09,0.0,903.8,2.44,0.306
2008-03-01,15.2,-2.0,5.7,88,32,64,1.84,19.07,0.0,900.3,2.82,0.311
2008-03-02,13.2,-0.5,6.3,85,38,65,3.03,14.53,4.8,894.1,2.42,0.321
2008-03-03,13.2,0.5,6.4,94,42,71,2.93,16.63,1.8,897.9,2.38,0.358
2008-03-04,19.3,0.2,8.6,89,25,62,2.25,19.4,0.0,901.4,3.25,0.334
2008-03-05,17.9,2.8,9.4,94,25,64,2.17,14.72,0.0,901.7,2.66,0.318
2008-03-06,17.7,0.2,9.3,94,35,65,1.26,17.73,0.0,902.8,2.83,0.308
2008-03-07,20.9,1.8,10.9,90,28,61,1.61,17.2,0.0,903.4,3.1,0.296
2008-03-08,24.1,5.0,14.1,80,18,46,2.97,19.08,0.0,901.6,4.39,0.28
2008-03-09,24.6,9.4,15.8,64,13,36,3.1,15.96,0.0,898.5,4.33,0.261
2008-03-10,20.5,5.0,12.1,75,13,45,2.72,19.45,0.0,895.6,4.04,0.244
2008-03-11,17.4,0.1,9.4,95,21,57,1.96,20.16,0.0,898.5,3.47,0.232
2008-03-12,15.8,4.0,9.4,83,26,54,2.77,14.63,0.0,896.1,2.94,0.222
2008-03-13,15.1,3.9,9.5,85,32,57,2.38,14.78,0.0,892.1,2.74,0.214
2008-03-14,9.6,2.2,6.6,85,36,64,3.79,17.78,2.5,893.6,2.51,0.224
2008-03-15,13.3,-0.0,5.2,70,22,50,1.76,21.67,0.0,901.9,3.07,0.229
2008-03-16,18.9,0.0,9.0,78,19,50,1.75,21.56,0.0,901.4,3.67,0.22
2008-03-17,20.8,0.0,9.8,93,8,50,2.8,22.21,0.0,898.5,4.28,0.209
2008-03-18,16.1,2.1,8.2,77,24,57,3.06,14.09,0.3,895.6,2.76,0.2
2008-03-19,20.4,1.2,10.8,89,19,54,2.67,22.23,0.0,896.4,4.15,0.194
2008-03-20,20.4,7.0,13.0,77,31,51,3.78,18.44,0.0,897.7,4.13,0.177
2008-03-21,21.7,10.3,16.6,50,23,37,6.56,20.47,0.0,893.5,5.86,0.165
2008-03-22,25.2,13.1,18.1,49,16,30,5.29,21.97,0.0,892.7,6.36,0.152
2008-03-23,28.8,7.3,18.2,55,4,26,4.22,21.77,0.0,897.0,6.59,0.137
2008-03-24,28.3,11.1,19.7,40,8,22,4.42,21.77,0.0,894.6,6.8,0.115
2008-03-25,20.3,9.1,15.4,52,14,26,8.29,22.81,0.0,888.5,6.72,0.105
2008-03-26,18.2,4.1,11.1,78,17,45,2.71,23.51,0.0,892.7,4.34,0.103
2008-03-27,16.7,5.0,11.0,68,25,50,1.41,16.24,0.4,894.7,2.88,0.102
2008-03-28,19.0,4.8,12.2,87,18,51,2.0,21.14,0.2,893.5,3.93,0.102
2008-03-29,17.7,7.9,11.6,87,34,65,1.85,16.88,6.9,893.7,2.94,0.131
2008-03-30,16.0,6.5,10.1,94,37,73,1.79,20.06,5.2,892.9,3.05,0.208
2008-03-31,8.9,4.7,6.8,99,66,82,2.22,11.52,4.2,894.0,1.56,0.234
2008-04-01,11.0,4.3,7.1,83,34,62,1.36,19.43,0.9,897.0,2.64,0.244
2008-04-02,16.1,1.0,9.4,82,27,50,1.63,23.81,0.1,899.9,3.85,0.232
2008-04-03,16.2,6.4,11.0,86,23,57,2.89,17.83,0.3,895.9,3.33,0.22
2008-04-04,15.4,5.0,10.3,87,35,59,2.62,22.03,0.5,895.0,3.62,0.213
2008-04-05,18.1,4.0,11.2,94,30,61,1.9,21.3,0.0,897.0,3.68,0.202
2008-04-06,21.1,9.5,14.5,83,31,56,4.37,18.14,0.7,892.9,4.23,0.195
2008-04-07,17.0,7.8,12.4,75,23,50,3.8,21.89,0.1,894.2,4.2,0.186
2008-04-08,18.2,4.8,10.9,86,23,55,2.51,23.15,0.0,899.1,4.08,0.18
2008-04-09,18.7,4.7,12.0,79,27,49,1.95,24.07,0.0,897.8,4.33,0.174
2008-04-10,18.3,9.4,13.6,80,34,56,1.3,16.34,0.5,897.6,3.01,0.17
2008-04-11,22.4,7.8,15.0,91,26,57,1.95,19.76,0.0,901.4,4.01,0.168
2008-04-12,28.9,9.7,18.8,85,17,50,2.37,25.19,0.0,904.0,5.59,0.158
2008-04-13,30.5,10.3,20.2,81,4,41,2.49,24.11,0.0,906.5,5.92,0.145
2008-04-14,30.5,11.3,21.3,73,5,33,1.93,23.1,0.0,904.8,5.46,0.137
2008-04-15,30.5,12.7,21.8,59,8,27,3.33,25.8,0.0,898.6,6.96,0.121
2008-04-16,25.2,11.9,17.6,47,8,26,4.01,26.43,0.1,895.7,6.56,0.106
2008-04-17,19.4,6.6,13.4,58,15,35,1.06,26.67,0.0,903.6,4.55,0.106
2008-04-18,22.0,8.7,14.5,50,12,33,1.73,15.83,0.6,901.6,3.6,0.112
2008-04-19,22.7,3.3,14.0,73,18,39,1.83,26.64,0.0,899.2,5.0,0.114
2008-04-20,28.2,6.9,18.2,73,19,40,2.61,26.27,0.0,901.9,6.0,0.109
2008-04-21,31.0,9.7,20.9,77,10,37,3.13,26.86,0.0,901.0,6.82,0.104
2008-04-22,32.2,10.1,21.1,78,7,35,3.23,24.52,0.0,901.9,6.77,0.102
2008-04-23,32.7,11.9,22.9,34,5,17,4.67,27.1,0.0,901.9,8.53,0.099
2008-04-24,30.9,10.5,21.2,39,9,21,4.44,25.82,0.0,897.8,7.76,0.097
2008-04-25,27.4,9.5,18.0,71,6,39,2.07,26.56,0.0,898.8,5.45,0.095
2008-04-26,26.5,12.2,20.2,37,8,22,3.72,23.17,0.0,896.5,6.37,0.095
2008-04-27,22.2,12.1,17.6,54,17,30,4.18,28.02,0.0,897.0,6.46,0.095
2008-04-28,18.9,9.4,13.6,57,20,40,3.97,25.57,0.4,895.9,5.19,0.096
2008-04-29,16.9,6.6,11.3,76,31,56,1.43,24.31,1.6,895.4,4.0,0.101
2008-04-30,18.1,5.7,12.3,92,28,58,1.9,22.56,0.1,899.0,4.14,0.111
2008-05-01,22.6,5.2,14.9,88,8,43,1.95,26.5,0.0,902.1,5.17,0.113
2008-05-02,23.7,8.8,17.0,67,14,35,2.23,24.51,0.0,900.8,5.39,0.104
2008-05-03,20.5,9.9,15.9,68,27,44,2.81,23.96,0.2,897.9,4.94,0.103
2008-05-04,20.7,8.6,14.6,68,25,49,2.46,21.18,0.6,896.6,4.34,0.108
2008-05-05,17.5,9.6,13.0,82,40,64,1.56,19.36,2.2,897.7,3.39,0.12
2008-05-06,17.4,8.2,12.5,75,22,47,2.79,22.92,0.0,898.9,4.27,0.141
2008-05-07,19.0,6.1,12.4,68,22,44,1.77,21.3,0.0,896.6,3.96,0.141
2008-05-08,13.1,9.2,10.5,87,62,75,2.13,15.83,9.8,893.1,2.38,0.179
2008-05-09,17.4,8.0,12.7,80,22,46,2.68,23.13,0.0,895.5,4.3,0.216
2008-05-10,17.3,7.9,12.3,77,31,48,1.75,26.01,1.4,899.2,4.45,0.204
2008-05-11,18.9,5.3,13.0,95,27,57,1.61,23.35,0.1,900.0,4.14,0.209
2008-05-12,20.5,8.4,15.5,76,27,45,1.85,24.71,0.1,899.3,4.67,0.194
2008-05-13,22.2,7.3,15.6,52,22,34,2.02,27.3,0.0,900.0,5.37,0.177
2008-05-14,24.1,7.9,16.4,62,25,41,2.37,22.17,0.3,899.7,4.79,0.166
2008-05-15,20.6,10.2,15.5,78,33,56,1.75,23.63,2.0,896.0,4.35,0.168
2008-05-16,20.8,10.5,15.6,79,30,55,2.04,20.07,0.0,899.5,3.98,0.174
2008-05-17,24.0,9.6,17.0,78,13,44,2.58,28.43,0.0,901.7,5.81,0.164
2008-05-18,26.2,9.2,18.6,66,8,35,1.81,29.36,0.0,901.4,5.96,0.15
2008-05-19,28.2,9.4,20.3,69,13,36,2.3,28.56,0.0,900.9,6.48,0.139
2008-05-20,29.7,11.9,21.1,79,10,42,1.88,22.28,0.0,902.5,5.24,0.133
2008-05-21,31.0,12.9,22.7,75,13,37,1.94,26.98,0.0,902.8,6.44,0.129
2008-05-22,31.3,14.3,23.0,75,16,38,2.77,28.85,0.0,899.7,7.16,0.12
2008-05-23,28.9,11.0,21.4,75,12,37,1.61,29.87,0.0,898.2,6.29,0.107
2008-05-24,28.5,13.0,21.3,71,20,41,2.02,25.05,0.0,898.4,5.87,0.102
2008-05-25,22.8,14.2,17.4,74,39,61,2.26,19.72,4.3,898.9,3.96,0.125
2008-05-26,23.0,11.9,17.4,84,21,52,3.2,19.59,0.0,900.6,4.45,0.198
2008-05-27,24.3,13.7,18.5,62,17,39,3.6,25.48,0.0,902.6,5.86,0.184
2008-05-28,27.6,11.6,20.0,57,13,33,2.01,30.28,0.0,902.9,6.17,0.168
2008-05-29,28.7,11.3,20.9,61,23,37,3.03,25.86,1.4,901.0,6.43,0.152
2008-05-30,24.8,11.7,18.2,52,11,30,2.6,30.78,0.0,902.7,6.48,0.137
2008-05-31,29.5,9.3,20.1,51,10,27,1.56,31.0,0.0,901.7,6.46,0.133
2008-06-01,29.7,12.7,21.3,59,18,36,2.01,26.22,0.4,898.8,6.03,0.133
2008-06-02,27.8,13.2,21.0,70,15,41,2.5,25.53,0.0,897.3,6.04,0.134
2008-06-03,26.8,13.3,20.1,58,23,37,2.76,29.39,0.0,899.4,6.57,0.131
2008-06-04,29.7,12.6,21.7,52,24,35,2.26,29.07,0.0,901.8,6.72,0.132
2008-06-05,31.1,13.9,23.2,80,11,38,3.69,30.3,0.0,900.0,7.93,0.121
2008-06-06,28.5,12.8,21.0,67,24,42,2.12,26.83,0.0,897.6,6.12,0.108
2008-06-07,27.5,13.3,20.6,82,23,49,2.32,27.32,0.0,896.8,6.1,0.107
2008-06-08,29.6,13.5,21.7,60,19,39,2.38,28.76,0.3,899.5,6.72,0.107
2008-06-09,29.7,12.9,21.7,74,21,43,2.5,28.17,0.3,898.4,6.62,0.109
2008-06-10,23.3,15.3,19.3,69,33,49,3.92,21.07,2.2,897.9,5.01,0.117
2008-06-11,22.4,15.6,18.9,58,26,42,4.13,21.62,0.0,898.7,5.5,0.123
2008-06-12,26.1,12.3,19.1,64,14,38,2.99,27.77,0.0,899.1,6.18,0.121
2008-06-13,29.7,11.2,21.5,54,11,31,1.14,30.55,0.0,900.8,6.17,0.123
2008-06-14,31.1,13.8,23.3,65,16,36,2.57,29.25,0.0,898.5,7.18,0.121
2008-06-15,30.8,14.2,23.1,69,17,37,2.72,29.3,0.0,896.2,7.22,0.113
2008-06-16,29.7,14.8,22.8,66,19,38,2.04,28.68,0.0,899.4,6.44,0.11
2008-06-17,30.1,16.8,24.2,44,18,30,2.58,30.38,0.0,902.7,7.2,0.107
2008-06-18,29.7,18.0,24.2,47,16,29,4.01,30.71,0.0,904.2,8.01,0.105
2008-06-19,32.1,17.5,25.3,40,14,27,3.0,30.67,0.0,902.2,7.73,0.104
2008-06-20,32.8,18.8,26.3,43,14,29,1.92,29.46,0.0,899.2,7.05,0.104
2008-06-21,30.7,18.7,25.0,55,25,38,3.03,27.72,0.1,899.9,7.08,0.105
2008-06-22,28.0,18.0,23.4,64,24,38,4.55,29.34,0.0,903.1,7.53,0.105
2008-06-23,28.5,17.6,23.2,49,20,33,4.4,30.72,0.0,904.0,7.85,0.106
2008-06-24,29.5,17.7,23.8,53,16,31,3.64,30.91,0.0,902.7,7.77,0.106
2008-06-25,31.7,17.3,24.7,40,14,28,3.38,30.69,0.0,901.7,7.95,0.105
2008-06-26,33.2,18.5,26.1,41,10,24,2.85,31.04,0.0,902.7,7.95,0.104
2008-06-27,33.4,18.3,26.6,35,15,24,1.98,28.72,0.0,901.5,7.11,0.105
2008-06-28,35.3,19.1,28.1,41,13,24,2.18,28.34,0.0,899.5,7.51,0.103
2008-06-29,33.3,20.6,27.5,39,12,24,3.58,29.4,0.0,900.3,8.43,0.104
2008-06-30,29.4,19.4,24.8,57,20,36,4.2,30.2,0.0,902.4,7.9,0.104
2008-07-01,30.1,17.2,23.8,43,12,26,3.02,31.44,0.0,900.5,7.71,0.104
2008-07-02,30.9,16.4,24.3,32,17,24,2.54,30.93,0.0,898.1,7.5,0.103
2008-07-03,30.2,17.8,24.4,38,17,27,2.95,29.85,0.0,898.0,7.44,0.102
2008-07-04,30.8,16.0,24.0,41,14,25,2.03,31.07,0.0,899.1,7.09,0.102
2008-07-05,32.2,16.0,24.8,43,16,28,1.81,24.93,0.4,896.9,5.98,0.105
2008-07-06,32.4,17.3,25.2,52,15,35,2.74,28.77,0.0,899.1,7.38,0.116
2008-07-07,27.7,18.9,23.4,47,21,33,3.9,30.46,0.0,902.3,7.6,0.112
2008-07-08,30.0,16.3,23.7,46,12,28,2.88,30.95,0.0,900.4,7.4,0.111
2008-07-09,33.8,15.2,25.6,40,11,24,1.79,30.5,0.0,897.1,7.09,0.111
2008-07-10,32.7,17.9,26.1,41,18,28,2.19,29.29,0.0,898.6,7.11,0.11
2008-07-11,32.9,20.2,26.2,52,21,32,3.24,27.15,0.7,899.5,7.39,0.108
2008-07-12,30.4,19.3,25.1,54,21,34,4.15,28.33,0.0,898.1,7.67,0.11
2008-07-13,29.4,17.2,23.4,65,27,43,3.49,29.36,0.0,899.3,6.94,0.11
2008-07-14,32.2,17.6,25.0,56,17,34,2.61,30.09,0.0,902.3,7.31,0.108
2008-07-15,32.2,17.9,25.3,41,15,28,3.07,30.11,0.0,902.8,7.69,0.108
2008-07-16,36.9,16.8,27.0,49,14,28,2.68,29.87,0.0,896.9,8.11,0.109
2008-07-17,29.9,18.5,24.2,69,23,43,2.97,28.85,0.0,896.9,6.99,0.107
2008-07-18,30.7,17.1,24.1,52,16,32,2.77,29.95,0.0,900.0,7.22,0.105
2008-07-19,34.0,16.7,26.1,39,12,26,2.02,30.18,0.0,899.8,7.27,0.102
2008-07-20,34.4,19.5,27.6,35,13,23,3.31,29.82,0.0,899.6,8.38,0.1
2008-07-21,33.2,19.5,26.4,50,13,28,2.94,30.08,0.0,900.4,7.7,0.099
2008-07-22,35.2,18.8,27.5,43,13,27,1.9,29.73,0.0,898.3,7.13,0.1
2008-07-23,36.3,18.4,28.3,43,12,25,1.43,29.67,0.0,896.6,6.85,0.102
2008-07-24,37.1,18.7,28.3,72,11,33,3.07,30.01,0.0,895.5,8.39,0.101
2008-07-25,35.1,16.4,26.3,61,14,32,2.34,30.02,0.0,894.9,7.55,0.097
2008-07-26,33.2,15.0,24.8,69,15,37,1.83,29.6,0.0,894.9,6.7,0.095
2008-07-27,31.5,18.3,25.4,73,22,40,1.74,27.87,0.0,896.5,6.26,0.095
2008-07-28,31.7,19.8,26.0,44,21,31,2.37,26.91,0.0,897.4,6.75,0.095
2008-07-29,31.8,20.7,26.6,49,21,32,3.02,23.89,0.0,898.2,6.74,0.095
2008-07-30,31.6,21.5,26.2,53,22,34,3.95,26.42,0.0,900.4,7.51,0.095
2008-07-31,29.1,17.8,23.7,59,23,37,4.48,29.28,0.0,901.9,7.61,0.096
2008-08-01,28.3,16.9,22.8,58,26,39,4.19,29.22,0.0,901.7,7.29,0.096
2008-08-02,29.3,16.3,23.1,63,29,44,3.69,28.46,0.0,901.4,6.82,0.096
2008-08-03,30.7,17.4,23.7,57,21,40,2.89,28.86,0.0,899.2,6.75,0.095
2008-08-04,31.2,17.8,25.0,46,21,34,2.92,28.27,0.0,897.9,7.0,0.095
2008-08-05,31.3,19.1,25.3,55,15,32,3.48,28.51,0.0,898.1,7.5,0.096
2008-08-06,31.7,18.5,25.2,47,13,28,3.62,28.59,0.0,897.7,7.75,0.096
2008-08-07,31.0,18.1,24.7,40,18,29,4.01,28.34,0.0,897.6,7.77,0.096
2008-08-08,30.2,17.7,24.1,69,19,40,3.12,28.18,0.0,897.3,6.81,0.096
2008-08-09,32.0,15.7,24.4,51,16,33,2.26,28.29,0.0,896.5,6.66,0.095
2008-08-10,34.0,17.5,26.3,42,15,27,1.5,27.74,0.0,895.8,6.33,0.094
2008-08-11,35.4,18.4,26.8,62,12,34,2.88,26.91,0.0,894.8,7.48,0.093
2008-08-12,31.0,17.2,24.3,60,21,39,2.43,25.11,0.0,896.4,6.29,0.094
2008-08-13,31.6,19.8,25.7,50,25,37,3.68,27.3,0.0,898.7,7.22,0.094
2008-08-14,31.3,19.6,25.7,66,19,40,3.46,27.19,0.0,899.2,6.99,0.095
2008-08-15,30.5,18.8,25.6,43,21,33,2.35,23.67,0.0,896.0,6.09,0.097
2008-08-16,33.1,18.5,26.5,52,16,32,1.2,23.88,0.0,894.7,5.42,0.098
2008-08-17,34.2,17.7,26.8,74,14,38,1.26,23.97,0.0,897.8,5.45,0.1
2008-08-18,36.1,18.1,28.1,75,11,33,1.72,26.95,0.0,900.3,6.49,0.102
2008-08-19,36.4,18.9,28.7,41,8,22,2.47,27.04,0.0,899.3,7.37,0.103
2008-08-20,35.6,22.0,28.5,52,17,31,2.93,25.59,0.0,900.4,7.14,0.102
2008-08-21,35.7,21.4,29.0,39,14,25,1.97,25.83,0.0,901.3,6.67,0.099
2008-08-22,34.7,21.8,28.3,31,14,22,2.27,26.11,0.0,900.2,6.9,0.096
2008-08-23,32.8,19.3,26.7,44,16,27,2.33,25.44,0.0,898.1,6.56,0.093
2008-08-24,34.8,18.5,26.9,45,16,29,1.62,24.85,0.0,896.8,6.01,0.089
2008-08-25,35.4,18.8,27.3,69,12,36,2.25,22.51,0.0,900.0,6.09,0.091
2008-08-26,35.8,21.2,28.1,49,14,26,2.87,23.97,0.0,902.6,7.05,0.091
2008-08-27,33.6,22.5,27.7,55,24,35,3.33,22.72,0.0,903.0,6.58,0.091
2008-08-28,33.3,21.2,27.2,62,22,41,2.47,24.11,0.0,901.7,5.96,0.091
2008-08-29,34.0,17.6,26.3,73,21,42,2.4,22.51,0.0,899.3,6.05,0.087
2008-08-30,34.9,19.1,27.0,69,18,41,2.09,22.4,0.0,899.0,5.97,0.086
2008-08-31,31.5,17.9,25.1,70,31,46,2.63,23.26,0.0,900.1,5.93,0.086
2008-09-01,31.6,19.2,25.3,62,25,41,2.95,23.75,0.0,901.5,6.24,0.086
2008-09-02,32.4,18.9,25.3,55,17,35,1.89,24.22,0.0,901.1,5.67,0.086
2008-09-03,31.6,17.1,24.4,78,18,42,1.82,23.31,0.0,900.5,5.42,0.087
2008-09-04,32.9,17.5,25.5,46,13,29,2.17,23.96,0.0,901.4,6.05,0.087
2008-09-05,33.1,17.2,25.7,38,14,25,2.28,24.21,0.0,902.1,6.23,0.086
2008-09-06,32.6,17.6,25.5,35,15,24,2.35,24.19,0.0,902.0,6.34,0.086
2008-09-07,32.6,16.2,24.7,38,14,25,2.08,24.08,0.0,899.9,6.06,0.085
2008-09-08,31.7,16.6,24.5,41,16,27,1.79,23.66,0.0,900.1,5.66,0.086
2008-09-09,32.6,15.9,25.0,41,14,26,1.79,21.96,0.0,899.5,5.58,0.084
2008-09-10,29.4,16.7,23.2,49,20,33,2.77,22.32,0.0,900.5,5.84,0.082
2008-09-11,26.9,15.2,21.1,56,21,37,2.22,22.98,0.0,901.0,5.19,0.082
2008-09-12,31.5,11.7,21.9,50,16,32,1.45,22.59,0.0,898.6,5.0,0.08
2008-09-13,31.1,14.9,23.5,84,16,43,2.11,21.69,0.0,899.8,5.23,0.081
2008-09-14,31.9,14.3,24.0,61,14,36,1.71,20.75,0.0,901.8,5.08,0.079
2008-09-15,32.0,16.9,24.7,57,19,34,1.72,21.6,0.0,903.7,5.12,0.079
2008-09-16,32.6,14.6,23.6,68,14,35,2.58,21.2,0.0,899.9,5.86,0.074
2008-09-17,32.4,12.8,23.0,75,14,38,2.92,20.1,0.0,898.4,5.79,0.064
2008-09-18,26.4,15.1,21.0,66,31,44,2.51,16.28,0.0,897.5,4.46,0.066
2008-09-19,26.0,12.7,19.8,56,29,42,1.53,18.54,0.0,899.1,3.89,0.068
2008-09-20,27.1,14.8,20.8,67,21,44,2.88,18.2,0.0,897.4,4.86,0.07
2008-09-21,21.5,15.6,18.5,67,41,55,3.61,11.1,0.1,897.5,3.24,0.072
2008-09-22,25.2,14.0,18.9,84,20,54,2.66,17.64,0.2,897.9,4.21,0.076
2008-09-23,22.7,10.9,17.4,86,32,54,1.7,16.1,0.0,897.3,3.4,0.076
2008-09-24,24.1,11.1,18.0,69,25,44,1.65,16.29,0.0,900.6,3.6,0.075
2008-09-25,26.4,11.0,18.8,67,28,49,1.73,18.55,0.5,900.8,4.05,0.073
2008-09-26,23.8,15.8,18.9,87,46,68,1.12,14.99,3.8,898.7,2.89,0.093
2008-09-27,21.0,13.3,17.6,91,35,60,2.34,13.03,0.4,899.3,3.01,0.116
2008-09-28,19.1,11.2,15.3,75,36,55,1.56,9.46,0.0,902.4,2.11,0.114
2008-09-29,23.6,10.6,16.3,69,29,50,2.4,15.45,0.1,898.6,3.52,0.116
2008-09-30,15.8,9.2,12.8,83,42,62,2.81,11.54,5.8,901.1,2.4,0.18
2008-10-01,21.1,5.2,13.4,84,30,55,1.03,19.75,0.0,904.6,3.36,0.184
2008-10-02,22.7,6.8,14.7,85,23,53,1.49,19.52,0.0,905.0,3.63,0.176
2008-10-03,26.4,9.8,17.9,73,31,50,2.06,17.68,0.0,904.6,3.89,0.17
2008-10-04,26.0,11.1,18.7,91,28,59,2.74,16.68,0.6,903.4,3.96,0.162
2008-10-05,26.9,10.5,17.7,92,24,60,2.6,16.67,0.0,901.8,3.99,0.15
2008-10-06,27.0,9.7,17.7,86,20,53,2.34,18.34,0.0,902.1,4.2,0.135
2008-10-07,21.8,7.9,15.1,92,31,59,1.8,14.49,0.0,901.9,3.03,0.126
2008-10-08,21.8,8.5,15.5,62,28,45,2.0,16.26,0.0,903.4,3.51,0.125
2008-10-09,21.4,8.9,15.5,71,27,46,2.12,15.06,0.0,905.4,3.39,0.122
2008-10-10,20.3,9.8,14.9,65,31,47,3.06,14.86,0.0,907.5,3.58,0.116
2008-10-11,17.8,8.3,13.3,80,38,56,3.31,10.61,0.0,906.5,2.72,0.113
2008-10-12,17.6,9.4,13.5,76,39,58,4.02,11.79,1.0,905.3,2.85,0.123
2008-10-13,22.1,7.2,14.5,75,33,52,2.24,17.23,0.0,905.8,3.44,0.123
2008-10-14,19.9,7.8,14.4,84,40,62,1.45,12.24,0.7,906.1,2.35,0.126
2008-10-15,21.9,11.0,15.8,99,31,69,2.59,12.58,3.0,901.7,2.85,0.168
2008-10-16,18.4,11.7,14.6,89,47,67,1.8,10.0,1.3,904.2,2.05,0.174
2008-10-17,20.5,7.5,13.7,88,37,64,1.17,16.49,0.0,903.8,2.85,0.177
2008-10-18,21.9,6.4,14.0,90,33,60,1.45,16.47,0.0,905.6,3.06,0.174
2008-10-19,22.2,7.8,15.0,82,31,55,1.83,16.25,0.0,908.1,3.19,0.168
2008-10-20,21.9,8.7,14.9,76,34,56,2.24,15.78,0.0,905.2,3.26,0.159
2008-10-21,21.4,9.6,14.9,76,31,54,2.59,15.78,0.0,901.8,3.3,0.145
2008-10-22,19.3,6.4,12.6,82,32,55,2.22,15.49,0.0,901.6,2.94,0.133
2008-10-23,18.2,5.8,11.7,80,32,56,1.89,15.78,0.0,902.2,2.79,0.131
2008-10-24,17.5,5.4,11.4,80,33,54,1.74,15.7,0.0,903.2,2.75,0.131
2008-10-25,17.4,4.1,10.8,78,35,55,2.05,15.42,0.0,903.9,2.72,0.129
2008-10-26,17.8,4.8,11.4,81,37,59,1.97,14.41,0.0,902.7,2.57,0.125
2008-10-27,15.2,7.7,10.7,94,52,74,1.83,10.7,5.1,898.5,1.71,0.143
2008-10-28,14.0,7.7,10.3,96,57,81,1.63,9.62,1.2,900.1,1.54,0.217
2008-10-29,16.3,7.6,10.9,91,52,77,1.97,8.41,0.0,904.9,1.51,0.217
2008-10-30,17.5,4.5,10.5,94,42,71,1.34,14.4,0.0,905.8,2.25,0.209
2008-10-31,21.3,5.4,12.9,88,34,64,0.96,13.91,0.0,906.9,2.25,0.202
2008-11-01,21.1,9.4,14.9,87,39,65,2.44,12.28,0.0,908.7,2.56,0.192
2008-11-02,20.3,6.5,13.3,88,38,66,1.52,13.02,0.0,906.9,2.34,0.182
2008-11-03,21.1,7.7,13.9,88,33,61,1.31,12.66,0.0,904.2,2.34,0.176
2008-11-04,19.5,6.8,12.6,90,32,62,2.07,13.78,0.0,907.4,2.62,0.169
2008-11-05,19.4,3.7,10.9,85,25,55,1.78,14.04,0.0,908.3,2.49,0.162
2008-11-06,19.7,2.7,10.4,80,28,54,1.38,13.8,0.0,904.2,2.33,0.161
2008-11-07,19.3,0.8,10.2,85,24,53,1.56,13.65,0.0,904.2,2.4,0.16
2008-11-08,18.4,4.0,10.4,78,35,60,1.6,12.53,0.0,906.3,2.2,0.153
2008-11-09,15.7,3.1,8.9,89,39,67,2.22,13.07,0.0,907.0,2.15,0.148
2008-11-10,14.5,2.4,7.9,88,45,68,1.91,12.72,0.0,907.5,1.94,0.144
2008-11-11,18.0,1.4,9.2,90,32,62,1.11,12.64,0.0,905.6,2.03,0.14
2008-11-12,17.7,2.1,9.8,87,28,57,1.01,12.05,0.0,902.7,1.91,0.139
2008-11-13,15.6,5.8,10.1,89,43,67,1.59,11.26,0.1,902.0,1.87,0.138
2008-11-14,14.1,4.0,8.4,97,49,76,1.36,9.79,0.0,906.0,1.5,0.141
2008-11-15,13.1,-0.2,6.4,90,40,68,1.44,12.48,0.0,906.5,1.78,0.147
2008-11-16,11.4,0.2,5.4,87,38,65,1.41,12.09,0.0,905.7,1.65,0.151
2008-11-17,13.9,-0.5,5.7,91,34,65,1.1,12.05,0.0,901.6,1.68,0.157
2008-11-18,13.5,3.5,8.3,92,54,78,2.0,6.49,2.6,899.7,1.16,0.165
2008-11-19,16.1,6.8,11.0,94,55,78,1.15,8.52,1.1,900.2,1.35,0.198
2008-11-20,16.0,5.5,10.0,94,44,71,1.6,9.21,0.0,899.3,1.57,0.196
2008-11-21,17.4,1.3,8.2,96,36,72,2.44,10.12,0.0,898.4,1.87,0.192
2008-11-22,14.1,3.9,9.3,88,45,66,4.55,6.95,0.0,893.0,2.02,0.184
2008-11-23,16.5,11.6,13.7,67,45,59,5.89,7.34,0.1,892.1,2.7,0.181
2008-11-24,14.5,11.7,13.0,77,61,71,3.99,4.36,0.6,898.9,1.49,0.181
2008-11-25,18.2,8.7,12.7,92,43,70,2.03,10.2,0.0,905.1,1.8,0.182
2008-11-26,19.0,4.3,10.4,93,35,70,1.78,10.88,0.0,903.0,1.89,0.177
2008-11-27,16.3,2.5,8.7,100,45,78,1.67,9.57,0.6,900.1,1.55,0.169
2008-11-28,7.6,3.2,5.8,88,65,79,3.58,7.65,3.2,902.6,1.11,0.198
2008-11-29,7.9,0.4,4.1,91,46,71,1.33,11.15,0.7,905.0,1.34,0.199
2008-11-30,15.7,2.0,7.9,91,39,69,1.1,10.19,1.1,905.4,1.49,0.213
2008-12-01,14.3,0.7,6.6,89,48,73,1.21,10.46,0.0,906.3,1.47,0.208
2008-12-02,13.1,0.1,5.8,95,43,74,0.92,10.48,0.0,906.3,1.38,0.205
2008-12-03,13.6,0.7,6.1,88,37,65,0.9,10.68,0.0,905.4,1.47,0.205
2008-12-04,14.9,-1.3,6.1,91,23,56,1.46,9.9,0.0,904.9,1.78,0.199
2008-12-05,17.5,0.9,7.6,81,12,52,1.74,7.56,0.0,906.5,1.67,0.192
2008-12-06,20.9,2.8,10.2,85,9,51,1.24,9.71,0.0,906.5,1.74,0.186
2008-12-07,19.5,4.8,9.9,75,16,49,2.36,8.72,0.0,898.6,2.22,0.178
2008-12-08,15.6,3.4,8.8,89,41,69,2.25,7.28,0.0,895.2,1.49,0.169
2008-12-09,8.6,-1.0,4.0,95,80,88,2.14,3.9,4.4,898.7,0.48,0.192
2008-12-10,5.4,-2.9,0.4,84,50,70,1.37,10.54,0.0,908.7,1.17,0.206
2008-12-11,5.5,-6.2,-0.8,83,31,62,0.81,10.94,0.0,910.4,1.16,0.204
2008-12-12,6.6,-4.9,0.1,65,31,51,0.85,10.6,0.0,903.8,1.2,0.202
2008-12-13,9.9,-4.1,2.6,85,26,54,1.09,9.89,0.0,899.6,1.34,0.2
2008-12-14,11.2,1.5,5.2,75,42,63,0.97,7.25,0.0,902.8,1.08,0.197
2008-12-15,9.8,-0.5,3.4,93,61,81,1.11,8.82,0.0,905.7,1.06,0.192
2008-12-16,4.7,-1.8,1.0,97,63,84,1.3,8.61,0.0,908.3,0.9,0.188
2008-12-17,6.0,-3.6,0.1,99,38,71,0.87,9.82,0.0,907.7,1.07,0.188
2008-12-18,7.0,-2.2,1.9,79,36,60,0.89,5.56,0.0,905.1,0.79,0.19
2008-12-19,14.9,-2.0,4.7,91,31,67,1.27,10.32,0.0,901.3,1.42,0.185
2008-12-20,13.4,-2.8,3.6,89,26,63,1.86,9.43,0.0,896.7,1.52,0.18
2008-12-21,11.0,1.5,5.8,92,49,76,2.51,7.64,0.0,894.1,1.2,0.176
2008-12-22,5.0,3.0,4.0,97,87,93,1.72,3.6,10.6,894.9,0.43,0.229
2008-12-23,5.6,3.1,4.3,100,88,95,0.91,2.38,6.4,893.5,0.36,0.295
2008-12-24,3.4,-0.2,1.9,99,54,80,2.39,6.46,6.4,892.4,0.81,0.301
2008-12-25,0.4,-5.4,-2.3,85,54,69,1.77,8.08,0.0,902.2,0.84,0.27
2008-12-26,-0.4,-7.2,-4.5,86,56,76,1.33,10.7,0.0,906.8,0.9,0.255
2008-12-27,0.9,-8.1,-4.2,83,37,58,1.02,10.44,0.0,906.2,0.97,0.252
2008-12-28,4.4,-8.2,-2.9,70,33,55,1.4,10.66,0.3,901.2,1.18,0.244
2008-12-29,-1.2,-5.8,-2.6,97,72,88,2.39,4.75,4.6,902.6,0.42,0.238
2008-12-30,-2.3,-8.4,-5.6,88,68,79,2.36,8.47,0.0,906.4,0.65,0.233
2008-12-31,-2.5,-10.6,-6.0,83,43,69,2.85,8.65,0.0,907.0,0.77,0.231
2009-01-01,-4.0,-10.4,-7.1,82,44,66,1.66,10.84,0.0,906.8,0.85,0.23
2009-01-02,1.8,-14.7,-7.7,78,31,59,1.57,10.17,0.0,903.1,0.98,0.226
2009-01-03,9.1,-5.6,0.0,94,51,76,2.14,6.68,0.0,901.4,0.93,0.225
2009-01-04,9.1,1.6,4.2,95,55,83,2.44,5.54,0.0,899.4,0.85,0.229
2009-01-05,11.5,2.3,6.3,92,54,81,3.36,6.33,0.0,898.2,1.09,0.229
2009-01-06,9.4,4.7,6.8,94,62,82,3.61,6.79,0.0,896.6,1.06,0.224
2009-01-07,7.6,1.3,4.8,94,65,81,1.93,5.99,2.8,898.4,0.84,0.248
2009-01-08,9.5,0.2,4.4,95,60,79,1.14,9.61,0.0,903.1,1.13,0.246
2009-01-09,6.1,-0.9,2.2,97,50,75,1.74,9.15,0.0,907.7,1.11,0.239
2009-01-10,7.2,-1.5,2.6,85,53,71,0.7,10.39,0.0,905.9,1.16,0.234
2009-01-11,2.5,-1.7,0.5,94,48,72,2.49,10.15,0.1,907.6,1.08,0.233
2009-01-12,3.1,-4.7,-1.5,77,41,64,2.1,11.84,0.0,913.8,1.25,0.231
2009-01-13,4.3,-5.8,-1.3,81,38,63,0.99,12.0,0.0,914.9,1.17,0.229
2009-01-14,8.3,-6.3,0.4,79,28,56,1.07,8.19,0.2,910.0,1.09,0.231
2009-01-15,15.8,-1.0,5.7,83,19,57,1.49,10.57,0.0,907.4,1.68,0.23
2009-01-16,9.5,1.1,4.8,92,59,81,1.74,4.38,6.3,901.7,0.72,0.238
2009-01-17,10.6,-0.3,5.0,98,59,84,2.32,10.13,0.8,898.6,1.3,0.296
2009-01-18,7.2,0.4,3.3,86,53,73,1.46,9.56,0.0,904.4,1.17,0.282
2009-01-19,11.4,-2.8,2.9,100,38,78,1.77,8.82,0.0,899.8,1.23,0.269
2009-01-20,10.7,-2.2,3.1,100,49,80,1.33,11.32,0.0,901.2,1.4,0.267
2009-01-21,10.8,-4.0,2.9,98,51,78,1.25,11.79,0.0,903.2,1.45,0.262
2009-01-22,15.7,-1.2,6.0,93,31,68,1.84,12.38,0.0,903.6,1.96,0.256
2009-01-23,11.1,-0.1,5.5,80,30,57,4.39,5.64,0.8,894.6,1.87,0.252
2009-01-24,9.7,6.5,7.7,81,60,73,4.85,6.53,0.2,889.8,1.43,0.253
2009-01-25,12.0,6.1,8.4,86,69,80,4.22,5.0,3.4,892.0,1.13,0.277
2009-01-26,11.7,5.1,8.9,79,46,67,4.68,9.19,4.2,893.6,1.94,0.318
2009-01-27,15.5,4.0,8.5,90,40,71,2.23,11.06,0.0,901.2,1.86,0.302
2009-01-28,15.6,4.3,8.5,92,31,67,2.99,10.81,0.0,896.9,2.13,0.283
2009-01-29,10.3,3.4,7.3,87,45,67,3.84,9.78,1.1,890.5,1.82,0.281
2009-01-30,9.2,1.6,4.9,96,52,80,1.27,10.71,0.0,891.0,1.36,0.274
2009-01-31,7.1,2.7,4.7,99,67,85,1.44,6.67,3.4,892.4,0.9,0.296
2009-02-01,10.8,-1.1,4.0,100,37,77,1.05,12.5,0.1,897.9,1.59,0.294
2009-02-02,10.2,-1.8,3.7,97,57,80,1.3,8.04,0.3,903.1,1.07,0.286
2009-02-03,14.1,-1.5,5.3,95,46,77,1.84,11.06,0.0,906.0,1.67,0.278
2009-02-04,14.8,-0.1,6.3,97,40,75,2.15,11.87,0.0,902.5,1.86,0.268
2009-02-05,14.0,2.9,7.6,93,40,71,1.4,7.38,0.0,898.4,1.22,0.261
2009-02-06,15.3,1.3,7.2,90,33,68,1.78,13.81,0.0,896.2,2.19,0.256
2009-02-07,14.9,2.9,8.0,97,42,74,2.59,11.63,0.0,897.3,1.95,0.248
2009-02-08,15.4,5.0,9.9,91,40,64,3.67,8.5,0.0,897.2,2.13,0.241
2009-02-09,14.4,7.1,11.1,77,50,62,4.72,8.65,4.5,892.0,2.22,0.251
2009-02-10,10.4,3.9,6.9,79,47,67,3.04,12.81,0.5,890.0,2.01,0.285
2009-02-11,12.8,0.3,5.7,87,36,66,2.08,14.39,0.0,894.8,2.08,0.284
2009-02-12,14.9,4.1,9.5,80,38,58,5.26,12.78,0.0,894.9,2.86,0.272
2009-02-13,15.4,8.1,10.9,65,29,51,5.43,12.94,0.0,895.4,3.25,0.263
2009-02-14,12.8,7.3,9.6,74,39,59,6.41,12.26,0.3,891.4,2.8,0.254
2009-02-15,8.5,4.1,6.4,90,37,66,4.06,11.91,1.3,889.9,1.9,0.261
2009-02-16,4.2,-1.4,2.0,95,64,82,1.94,8.85,5.1,893.7,0.96,0.265
2009-02-17,4.0,-6.8,-1.5,94,39,73,1.56,15.36,0.0,898.7,1.64,0.268
2009-02-18,7.8,-3.9,1.2,80,35,62,1.95,15.7,0.0,899.6,1.93,0.268
2009-02-19,7.3,-0.1,3.2,93,62,81,2.49,7.01,0.9,895.6,0.99,0.272
2009-02-20,8.9,1.7,4.7,92,42,71,3.1,14.34,0.9,888.4,1.92,0.277
2009-02-21,3.1,-1.4,1.5,91,64,78,3.21,11.72,0.8,890.7,1.18,0.275
2009-02-22,4.3,0.2,2.1,83,49,69,2.0,9.84,0.2,894.4,1.28,0.272
2009-02-23,8.0,-0.5,3.1,87,41,70,2.66,15.03,1.3,892.5,1.91,0.27
2009-02-24,7.2,-0.9,2.6,97,50,80,1.81,14.16,3.7,893.3,1.61,0.285
2009-02-25,7.8,-2.7,2.0,96,51,76,1.53,12.91,0.0,898.9,1.55,0.29
2009-02-26,6.7,1.5,3.8,95,71,85,2.64,7.15,7.2,892.8,0.91,0.308
2009-02-27,8.4,1.0,3.9,95,45,75,1.37,11.45,1.3,888.7,1.57,0.339
2009-02-28,5.4,1.0,3.3,83,53,67,2.5,11.29,0.0,891.5,1.58,0.315
2009-03-01,5.0,-0.1,2.4,72,39,57,3.16,14.06,0.0,899.8,1.83,0.302
2009-03-02,7.9,-4.1,1.9,81,41,63,1.69,13.52,0.0,901.1,1.76,0.294
2009-03-03,11.1,-0.4,5.7,90,43,67,1.58,15.49,0.2,899.7,2.08,0.289
2009-03-04,14.7,-0.5,6.9,94,33,68,1.66,16.17,0.1,900.6,2.45,0.286
2009-03-05,15.4,1.0,7.9,94,38,69,2.52,12.93,0.0,899.2,2.33,0.279
2009-03-06,19.2,7.2,12.6,79,30,55,5.3,19.01,0.0,895.0,4.07,0.268
2009-03-07,18.6,7.2,13.2,76,30,49,5.67,15.03,0.0,892.3,4.15,0.257
2009-03-08,16.2,6.8,12.2,62,26,44,4.39,19.3,0.5,889.8,3.99,0.246
2009-03-09,13.9,1.6,7.6,91,37,65,2.3,18.5,0.1,893.1,2.83,0.239
2009-03-10,14.6,1.0,7.7,94,36,66,3.68,15.68,0.0,896.0,2.74,0.232
2009-03-11,11.9,5.7,8.5,80,56,69,2.22,9.73,0.8,898.6,1.61,0.232
2009-03-12,17.4,0.2,7.6,100,21,64,2.26,19.51,0.0,898.4,3.25,0.222
2009-03-13,14.9,2.8,8.0,91,31,66,2.63,15.77,2.6,893.9,2.64,0.215
2009-03-14,8.2,1.3,4.7,93,32,62,2.62,19.0,5.6,894.0,2.36,0.296
2009-03-15,5.4,-1.2,1.9,79,52,66,3.48,19.29,0.8,897.9,1.96,0.291
2009-03-16,5.9,-2.5,2.3,75,41,58,1.75,15.81,0.0,902.6,1.95,0.282
2009-03-17,7.9,-2.5,2.9,78,40,60,1.38,16.65,0.0,902.6,2.19,0.274
2009-03-18,11.8,-1.5,5.1,88,43,64,2.24,20.07,0.3,897.3,2.71,0.268
2009-03-19,12.7,2.9,7.6,90,34,65,5.44,16.86,2.5,894.0,2.76,0.27
2009-03-20,7.4,0.7,3.4,78,36,59,2.35,18.49,0.0,900.9,2.31,0.271
2009-03-21,13.3,-3.0,4.8,75,25,53,0.86,22.81,0.0,899.5,3.06,0.264
2009-03-22,13.8,-0.5,7.0,90,38,62,4.14,15.93,0.0,893.5,2.88,0.257
2009-03-23,11.6,3.7,7.6,86,39,61,3.54,18.37,3.3,886.5,2.76,0.256
2009-03-24,9.3,1.2,4.6,91,36,59,2.54,18.81,0.6,891.6,2.51,0.267
2009-03-25,14.8,-2.9,6.3,91,35,60,3.67,20.15,0.9,895.0,3.28,0.259
2009-03-26,12.1,7.1,9.5,75,34,52,5.03,17.34,0.0,894.7,3.36,0.253
2009-03-27,9.7,2.9,6.4,82,58,71,3.68,12.5,4.9,891.1,2.03,0.267
2009-03-28,8.3,-0.6,3.7,75,33,54,4.06,21.29,0.0,898.8,2.87,0.282
2009-03-29,10.4,-1.0,4.6,86,44,66,2.33,23.31,0.0,906.4,2.94,0.268
2009-03-30,15.8,0.5,7.8,89,24,57,1.3,23.41,0.0,904.8,3.54,0.256
2009-03-31,18.7,1.2,10.7,85,22,51,1.82,23.98,0.0,901.9,4.07,0.241
2009-04-01,21.7,4.0,13.7,81,29,51,1.62,23.02,0.0,900.8,4.21,0.223
2009-04-02,22.4,7.8,15.0,82,27,55,1.28,19.69,0.2,899.1,3.72,0.208
2009-04-03,13.6,10.2,11.7,91,64,81,3.28,9.67,3.3,900.7,1.66,0.208
2009-04-04,18.1,8.2,12.2,83,28,59,1.58,21.73,0.4,900.8,3.65,0.236
2009-04-05,19.1,4.0,11.7,88,39,63,1.37,21.09,3.4,900.0,3.56,0.239
2009-04-06,17.8,5.8,10.4,95,50,79,2.04,14.99,9.5,897.3,2.43,0.302
2009-04-07,15.4,5.3,9.8,90,35,64,3.49,19.73,0.3,896.1,3.33,0.311
2009-04-08,14.3,6.0,9.5,88,60,74,2.57,16.68,3.6,897.0,2.54,0.296
2009-04-09,15.1,5.6,10.3,89,32,61,3.14,20.02,0.0,900.5,3.39,0.296
2009-04-10,16.3,2.5,10.3,87,29,53,1.65,24.51,0.0,900.1,3.99,0.272
2009-04-11,19.0,3.1,11.5,78,20,46,1.39,23.02,0.0,899.4,4.06,0.254
2009-04-12,18.3,7.8,12.0,65,22,45,1.77,19.28,0.0,898.7,3.58,0.238
2009-04-13,21.8,4.1,13.1,75,19,45,1.64,25.88,0.0,899.7,4.66,0.223
2009-04-14,23.3,7.4,15.3,81,21,47,4.32,25.29,0.1,893.4,5.7,0.207
2009-04-15,15.0,8.1,11.4,82,46,66,2.11,18.13,3.4,890.1,2.97,0.209
2009-04-16,13.2,6.5,9.3,83,38,62,3.81,15.39,3.1,894.3,2.72,0.261
2009-04-17,14.2,3.6,8.7,74,35,55,2.91,23.71,0.7,897.0,3.66,0.257
2009-04-18,15.7,1.7,8.8,82,24,53,1.94,26.9,0.0,901.2,4.1,0.252
2009-04-19,20.0,0.7,11.4,87,13,43,1.19,27.13,0.0,905.0,4.59,0.235
2009-04-20,22.7,5.7,14.6,70,15,41,1.29,26.0,0.0,905.2,4.68,0.215
2009-04-21,22.4,8.3,15.5,77,27,50,1.61,24.96,0.0,901.4,4.7,0.197
2009-04-22,23.0,9.5,15.8,74,18,44,2.6,21.33,1.5,896.3,4.72,0.184
2009-04-23,19.0,3.7,11.8,79,30,52,2.28,24.78,1.2,893.7,4.43,0.175
2009-04-24,14.7,7.0,10.4,90,51,72,1.5,13.78,3.2,899.1,2.34,0.179
2009-04-25,16.8,5.0,11.1,100,31,67,1.44,21.88,0.2,899.4,3.63,0.206
2009-04-26,18.3,4.9,11.8,90,30,61,1.45,24.64,0.2,902.2,4.05,0.198
2009-04-27,18.2,6.0,12.3,86,26,59,2.28,24.41,0.0,901.3,4.35,0.19
2009-04-28,19.0,6.8,12.4,88,24,56,2.25,26.14,0.5,899.7,4.49,0.185
2009-04-29,21.9,5.0,13.7,88,22,50,3.03,24.74,0.2,896.2,4.98,0.176
2009-04-30,19.1,6.8,12.8,84,27,55,2.11,20.78,0.0,893.7,3.98,0.168
2009-05-01,21.3,6.2,14.0,81,27,52,2.2,24.54,0.8,894.9,4.68,0.163
2009-05-02,20.5,6.8,13.9,80,22,50,3.34,22.72,0.0,899.1,4.74,0.152
2009-05-03,21.5,3.2,13.3,94,24,55,1.3,25.5,0.0,902.1,4.51,0.143
2009-05-04,13.6,10.8,11.9,92,57,72,1.86,10.42,11.5,893.5,1.71,0.194
2009-05-05,17.8,9.7,12.5,96,45,77,2.24,16.71,7.4,889.4,2.99,0.313
2009-05-06,14.8,10.3,12.1,89,58,75,2.41,12.2,2.4,896.7,2.2,0.307
2009-05-07,17.4,8.7,12.5,96,43,75,1.2,22.01,2.5,900.0,3.56,0.305
2009-05-08,17.1,6.2,12.3,95,42,68,1.54,23.85,0.0,902.6,3.94,0.284
2009-05-09,18.8,8.8,13.5,86,24,56,2.29,23.97,0.1,904.2,4.3,0.26
2009-05-10,18.7,7.4,12.9,70,25,50,3.22,26.62,0.2,903.8,4.85,0.239
2009-05-11,18.7,7.7,13.4,76,23,51,2.56,24.55,0.3,902.7,4.45,0.223
2009-05-12,21.9,6.3,14.8,77,14,46,1.5,26.58,0.0,903.5,4.99,0.205
2009-05-13,24.5,6.5,16.9,73,19,42,1.03,28.76,0.0,904.1,5.27,0.184
2009-05-14,25.4,9.2,18.2,77,18,46,1.7,27.64,0.0,903.2,5.58,0.167
2009-05-15,27.3,11.8,19.8,75,14,45,2.06,27.48,0.0,903.9,5.9,0.151
2009-05-16,29.4,12.9,21.0,74,10,41,1.87,29.17,0.0,904.4,6.22,0.137
2009-05-17,30.7,13.5,22.4,65,3,34,1.64,28.75,0.0,904.0,6.25,0.123
2009-05-18,31.6,12.1,22.7,77,13,38,1.66,27.26,0.0,902.2,6.14,0.114
2009-05-19,31.4,16.8,23.5,51,5,28,3.4,26.08,0.5,899.3,7.31,0.109
2009-05-20,27.1,12.0,20.0,57,14,32,3.57,28.23,0.2,896.8,6.91,0.107
2009-05-21,23.8,10.7,17.7,69,25,43,3.22,25.68,0.0,895.7,5.72,0.105
2009-05-22,22.3,11.2,16.4,80,32,58,1.65,21.48,2.4,899.5,4.12,0.109
2009-05-23,23.8,10.3,17.4,90,33,62,1.61,22.86,0.3,901.1,4.47,0.119
2009-05-24,26.2,13.8,19.5,85,19,53,3.41,25.13,0.2,901.7,5.85,0.125
2009-05-25,24.6,12.2,18.7,64,16,36,2.93,30.15,0.0,901.0,6.52,0.12
2009-05-26,23.8,11.5,17.6,52,14,33,3.44,27.98,0.0,899.0,6.34,0.115
2009-05-27,19.8,10.8,15.0,62,20,41,3.62,26.2,0.0,901.4,5.33,0.112
2009-05-28,21.9,7.9,15.4,52,18,34,3.08,30.37,0.0,902.4,6.13,0.11
2009-05-29,27.0,7.0,18.2,56,3,28,0.99,30.91,0.0,903.4,5.66,0.11
2009-05-30,29.7,9.3,20.4,66,7,28,1.65,30.38,0.0,905.0,6.49,0.11
2009-05-31,29.8,12.6,22.0,53,14,30,2.82,29.55,0.1,905.5,7.19,0.106
2009-06-01,30.0,13.7,22.4,60,10,33,2.88,30.12,0.0,905.3,7.23,0.103
2009-06-02,31.5,12.9,23.1,46,9,27,1.46,29.29,0.0,902.0,6.36,0.102
2009-06-03,31.2,17.2,24.6,68,18,35,3.45,26.47,0.0,899.5,7.4,0.101
2009-06-04,28.8,13.4,22.2,50,11,28,3.73,30.57,0.0,898.3,7.83,0.099
2009-06-05,25.4,14.2,19.5,66,28,46,2.35,24.97,0.1,900.1,5.58,0.1
2009-06-06,25.6,13.7,19.8,60,19,37,3.61,27.5,0.0,901.6,6.44,0.101
2009-06-07,28.1,13.7,21.0,50,11,30,3.51,30.77,0.0,902.1,7.46,0.101
2009-06-08,30.7,13.6,22.4,42,5,24,2.57,31.11,0.0,901.0,7.42,0.1
2009-06-09,32.7,13.7,24.5,36,7,21,1.7,30.59,0.0,901.8,7.05,0.1
2009-06-10,32.7,17.3,25.4,40,12,24,2.13,27.95,0.0,902.4,7.09,0.099
2009-06-11,30.6,17.4,24.2,50,23,36,2.22,26.74,0.8,899.8,6.6,0.101
2009-06-12,31.8,15.5,24.0,63,19,39,1.21,27.32,0.3,898.0,5.97,0.108
2009-06-13,29.9,18.0,23.9,55,23,38,2.22,25.71,0.0,899.4,6.18,0.108
2009-06-14,26.3,17.5,21.0,75,43,59,2.87,18.7,2.3,902.4,4.36,0.116
2009-06-15,25.5,16.2,20.5,75,15,43,4.18,25.03,0.0,904.6,6.34,0.136
2009-06-16,25.3,13.2,19.4,69,22,41,4.03,30.97,0.0,903.4,6.95,0.132
2009-06-17,28.4,14.0,21.3,65,13,37,4.1,30.43,0.0,902.6,7.33,0.126
2009-06-18,28.8,16.9,23.0,39,19,27,4.12,29.56,0.0,903.5,7.81,0.114
2009-06-19,28.1,15.8,22.1,55,20,35,3.55,30.9,0.0,904.7,7.3,0.11
2009-06-20,31.1,13.8,23.0,49,7,27,2.23,31.26,0.0,901.9,7.11,0.11
2009-06-21,32.7,13.9,24.4,49,15,27,2.12,29.02,0.0,899.3,7.14,0.112
2009-06-22,32.5,15.7,24.9,68,18,39,2.11,28.65,0.0,900.3,6.91,0.106
2009-06-23,33.4,17.2,25.4,68,17,38,2.26,27.88,0.3,902.1,6.89,0.106
2009-06-24,33.7,15.4,25.4,61,15,32,2.08,26.78,1.5,901.6,6.73,0.114
2009-06-25,32.6,16.7,25.1,49,16,29,3.55,24.5,0.9,898.5,7.26,0.125
2009-06-26,30.5,15.5,23.4,48,14,27,3.45,30.98,0.0,896.7,7.95,0.122
2009-06-27,29.2,13.0,22.0,54,18,35,2.06,30.54,0.0,896.7,6.9,0.112
2009-06-28,30.5,15.5,23.3,66,23,41,1.93,26.74,0.0,898.6,6.17,0.111
2009-06-29,31.1,14.4,23.3,75,17,42,1.85,29.88,0.1,900.5,6.8,0.112
2009-06-30,31.9,15.0,23.9,70,12,37,1.54,30.45,0.0,902.0,6.65,0.11
2009-07-01,33.0,18.0,26.1,44,13,27,2.07,30.48,0.0,903.1,7.33,0.105
2009-07-02,33.9,18.8,27.2,40,14,26,2.0,30.31,0.0,900.4,7.36,0.106
2009-07-03,34.2,19.4,27.0,45,16,30,1.71,27.44,0.0,895.3,6.64,0.108
2009-07-04,31.3,19.3,24.9,62,24,44,2.3,24.95,0.6,893.5,6.1,0.117
2009-07-05,28.3,18.0,23.3,78,36,54,2.02,22.67,0.8,893.8,5.15,0.131
2009-07-06,31.1,17.5,23.9,66,26,47,1.8,25.39,0.4,897.0,5.82,0.138
2009-07-07,30.9,18.4,24.2,71,24,50,1.77,24.11,1.0,898.7,5.63,0.149
2009-07-08,32.2,16.5,24.7,87,22,51,1.78,27.25,0.0,899.7,6.22,0.163
2009-07-09,33.7,19.2,27.0,68,18,39,1.86,28.49,0.0,899.6,6.83,0.146
2009-07-10,34.5,19.6,27.6,72,18,38,2.05,27.84,0.0,898.5,6.92,0.134
2009-07-11,34.2,19.4,27.1,77,20,42,2.29,26.42,0.0,897.4,6.85,0.126
2009-07-12,34.5,17.6,26.4,76,21,45,2.19,28.74,0.2,896.9,7.05,0.125
2009-07-13,30.3,17.1,23.9,77,28,49,2.26,26.98,1.3,896.8,6.33,0.126
2009-07-14,25.5,18.5,21.6,51,32,42,4.67,22.5,1.2,898.8,6.25,0.133
2009-07-15,24.8,15.5,20.5,64,33,47,4.81,16.11,0.0,899.8,5.12,0.127
2009-07-16,25.2,19.0,21.7,69,41,56,3.63,18.12,1.0,898.3,4.65,0.127
2009-07-17,27.1,19.2,23.1,67,33,46,2.58,16.66,0.0,897.7,4.52,0.126
2009-07-18,29.8,17.5,24.5,53,21,35,2.44,21.7,0.0,897.6,5.71,0.117
2009-07-19,32.3,18.1,25.6,51,19,35,2.24,24.6,0.0,898.7,6.36,0.113
2009-07-20,33.5,19.8,27.0,49,14,33,2.94,27.32,0.0,901.3,7.26,0.112
2009-07-21,30.8,20.6,26.1,60,23,40,3.94,26.55,0.0,902.5,7.38,0.109
2009-07-22,29.8,18.7,24.7,67,20,40,4.66,29.55,0.0,901.8,7.93,0.108
2009-07-23,28.9,16.8,22.9,68,27,48,4.67,28.85,0.0,901.5,7.19,0.108
2009-07-24,29.2,17.1,23.5,62,27,43,4.43,28.85,0.0,901.4,7.23,0.108
2009-07-25,30.8,17.9,24.6,61,17,38,3.82,29.33,0.0,901.7,7.53,0.107
2009-07-26,32.6,17.8,25.8,49,14,30,2.76,29.41,0.0,900.4,7.39,0.107
2009-07-27,34.6,19.6,27.2,35,17,26,1.82,28.29,0.0,899.4,6.91,0.106
2009-07-28,29.0,19.0,23.9,70,25,44,4.07,26.61,0.0,901.8,6.91,0.106
2009-07-29,29.2,15.4,22.8,43,13,26,3.04,29.75,0.0,901.4,7.37,0.107
2009-07-30,29.9,15.5,23.2,38,19,28,2.84,29.09,0.0,899.7,7.11,0.105
2009-07-31,29.9,17.0,23.6,46,18,33,2.36,27.77,0.0,899.0,6.52,0.104
2009-08-01,30.0,16.9,24.0,50,21,35,2.73,26.81,0.0,899.3,6.7,0.103
2009-08-02,30.8,17.5,24.4,43,21,33,2.71,25.5,0.0,901.0,6.62,0.103
2009-08-03,30.1,17.6,24.2,48,20,34,2.99,28.39,0.0,903.0,7.0,0.103
2009-08-04,31.8,16.0,24.9,46,14,30,2.5,28.76,0.0,902.2,7.05,0.103
2009-08-05,34.2,15.4,26.1,42,9,25,1.81,29.15,0.0,900.4,6.86,0.104
2009-08-06,35.2,16.0,26.8,45,12,26,1.68,28.04,0.0,897.2,6.67,0.105
2009-08-07,33.1,18.2,26.0,78,17,42,1.78,27.33,0.0,895.8,6.25,0.104
2009-08-08,30.0,20.4,25.6,54,25,36,3.3,21.83,0.0,897.4,6.26,0.101
2009-08-09,29.0,18.4,24.0,66,28,43,3.29,24.25,0.0,899.7,6.14,0.099
2009-08-10,27.3,17.5,22.3,55,27,38,3.4,25.66,0.0,901.2,6.35,0.098
2009-08-11,26.3,14.5,20.7,45,21,31,2.67,28.05,0.0,901.2,6.38,0.098
2009-08-12,28.4,13.9,21.9,44,17,29,2.02,25.94,0.0,900.3,6.07,0.097
2009-08-13,28.6,17.1,22.7,35,17,23,2.78,24.26,0.0,899.6,6.32,0.096
2009-08-14,31.5,14.0,23.5,40,9,24,2.06,28.03,0.0,902.0,6.54,0.096
2009-08-15,33.1,13.2,24.3,37,8,21,2.0,28.09,0.0,902.0,6.73,0.095
2009-08-16,33.1,17.1,25.6,29,13,20,3.31,27.58,0.0,900.1,7.79,0.096
2009-08-17,30.1,16.5,23.3,68,21,40,2.72,26.9,0.0,899.4,6.3,0.096
2009-08-18,31.6,16.1,24.5,45,16,32,2.15,26.85,0.0,899.9,6.38,0.096
2009-08-19,31.5,17.2,24.7,44,18,31,2.82,26.94,0.0,902.3,6.87,0.096
2009-08-20,29.5,18.5,23.8,58,21,35,4.03,26.6,0.0,904.5,7.08,0.096
2009-08-21,28.2,17.1,22.8,49,23,36,3.68,26.66,0.0,903.5,6.73,0.096
2009-08-22,28.2,14.9,21.4,51,16,33,2.99,27.03,0.0,899.9,6.49,0.096
2009-08-23,28.0,14.4,21.3,39,16,28,3.19,26.84,0.0,898.9,6.68,0.096
2009-08-24,29.4,12.8,21.2,41,14,27,2.01,26.61,0.0,898.7,5.99,0.096
2009-08-25,31.1,15.1,23.6,47,13,27,1.76,25.8,0.0,899.2,5.98,0.096
2009-08-26,29.5,16.8,23.4,50,21,32,2.63,24.04,0.0,902.2,6.01,0.096
2009-08-27,27.6,16.1,21.7,50,18,32,3.27,25.98,0.0,903.5,6.45,0.097
2009-08-28,28.6,13.4,20.9,49,15,31,2.37,26.06,0.0,901.3,5.93,0.098
2009-08-29,30.9,12.3,22.4,41,12,24,1.65,25.73,0.0,900.6,5.75,0.098
2009-08-30,31.8,13.3,23.3,65,9,29,1.81,25.5,0.0,900.9,5.9,0.097
2009-08-31,32.3,15.2,23.9,53,11,25,2.01,24.97,0.0,901.5,6.05,0.095
2009-09-01,30.5,15.3,23.3,46,15,29,2.44,22.44,0.0,901.7,5.84,0.093
2009-09-02,29.0,15.7,22.2,68,17,41,1.65,24.56,0.0,902.1,5.29,0.094
2009-09-03,30.4,15.0,23.0,50,18,32,1.49,24.48,0.0,900.7,5.33,0.092
2009-09-04,31.7,15.3,23.6,51,18,31,2.06,24.36,0.0,901.7,5.85,0.09
2009-09-05,32.2,15.3,24.1,49,12,27,1.99,24.3,0.0,901.1,5.92,0.089
2009-09-06,31.6,14.2,24.0,45,10,23,1.96,24.4,0.0,898.3,5.93,0.088
2009-09-07,32.0,15.7,23.7,40,14,26,1.62,22.62,0.0,895.8,5.4,0.087
2009-09-08,28.2,16.2,21.5,66,23,44,2.59,19.11,1.1,896.7,4.86,0.086
2009-09-09,25.9,13.9,20.0,85,25,51,2.01,19.42,0.0,900.3,4.41,0.091
2009-09-10,27.0,12.1,20.1,85,19,49,1.9,20.51,0.0,901.3,4.59,0.088
2009-09-11,29.4,13.7,21.8,53,18,36,1.53,20.44,0.0,897.6,4.62,0.087
2009-09-12,22.6,16.3,18.9,83,51,69,2.57,13.27,7.3,896.0,2.9,0.109
2009-09-13,27.2,15.8,21.3,89,34,59,2.53,17.02,0.0,898.6,4.13,0.135
2009-09-14,27.0,16.3,21.3,70,32,52,1.47,15.78,0.0,904.7,3.54,0.13
2009-09-15,26.4,13.6,20.3,75,34,53,1.53,14.66,0.0,904.6,3.45,0.128
2009-09-16,25.1,16.0,20.2,68,30,51,2.59,13.76,0.0,902.0,3.75,0.125
2009-09-17,24.9,12.9,18.8,70,21,45,2.26,22.1,0.0,901.2,4.74,0.12
2009-09-18,27.0,11.6,19.2,57,20,37,1.39,19.58,0.0,898.8,4.2,0.116
2009-09-19,25.4,14.3,19.8,74,23,43,2.4,19.92,0.0,897.3,4.68,0.112
2009-09-20,19.1,14.0,16.0,78,44,60,2.01,11.46,2.8,898.5,2.48,0.119
2009-09-21,18.8,11.7,14.9,75,36,52,2.36,16.82,0.0,900.8,3.38,0.136
2009-09-22,21.1,7.5,14.5,74,27,49,1.78,19.97,0.0,905.4,3.83,0.133
2009-09-23,21.4,10.4,15.6,73,34,53,2.9,13.64,0.0,907.5,3.32,0.127
2009-09-24,23.5,9.9,16.3,80,18,46,2.63,21.04,0.0,906.7,4.47,0.122
2009-09-25,26.2,7.8,17.0,67,15,37,1.41,20.98,0.0,903.7,4.15,0.125
2009-09-26,26.7,12.3,19.3,64,18,38,1.1,18.04,0.3,904.0,3.68,0.13
2009-09-27,22.5,12.9,17.3,62,26,44,3.28,18.9,0.0,904.5,4.42,0.125
2009-09-28,18.9,8.4,13.4,70,19,40,2.64,20.71,0.0,904.7,4.09,0.119
2009-09-29,21.4,4.2,12.7,62,18,38,1.51,20.58,0.0,902.0,3.8,0.123
2009-09-30,25.0,5.3,15.4,70,13,35,1.16,20.23,0.0,900.7,3.86,0.131
2009-10-01,25.1,9.5,16.7,84,16,42,1.64,19.62,0.0,904.0,3.95,0.134
2009-10-02,28.4,9.1,18.2,76,14,39,1.62,19.47,0.0,904.3,4.19,0.13
2009-10-03,29.2,7.8,17.9,78,14,43,2.25,19.5,0.0,903.4,4.61,0.12
2009-10-04,29.7,8.0,18.4,72,15,41,2.09,19.14,0.0,902.4,4.51,0.11
2009-10-05,26.4,9.5,17.5,90,28,61,2.13,16.46,0.7,902.1,3.59,0.106
2009-10-06,23.2,13.0,17.6,80,38,59,3.7,15.94,0.0,903.0,3.77,0.115
2009-10-07,21.3,10.1,15.3,86,34,57,2.96,18.37,0.0,903.8,3.69,0.114
2009-10-08,22.9,8.0,15.0,69,27,47,1.99,18.01,0.0,903.2,3.64,0.114
2009-10-09,24.8,7.4,16.2,68,20,40,1.6,18.04,0.0,902.4,3.73,0.117
2009-10-10,25.2,7.9,16.8,61,19,36,1.61,18.16,0.0,902.7,3.79,0.12
2009-10-11,26.8,7.6,16.8,58,17,34,1.2,18.15,0.0,902.6,3.56,0.121
2009-10-12,27.2,6.9,16.5,82,14,44,2.26,17.87,0.0,901.2,4.15,0.118
2009-10-13,27.1,5.5,15.9,79,10,42,2.9,18.04,0.0,899.3,4.58,0.106
2009-10-14,22.8,13.0,17.7,69,32,49,4.19,12.64,0.0,901.0,3.87,0.099
2009-10-15,27.2,11.1,18.7,82,20,48,3.0,15.42,0.0,905.4,4.03,0.098
2009-10-16,28.9,9.1,18.6,68,17,41,2.29,16.24,0.3,905.9,4.16,0.095
2009-10-17,29.2,10.6,19.4,65,17,39,1.63,15.71,0.0,904.0,3.73,0.095
2009-10-18,29.2,9.1,18.9,67,14,37,1.88,13.69,0.0,901.8,3.59,0.094
2009-10-19,29.8,10.7,20.2,56,12,30,1.63,13.77,0.0,902.9,3.68,0.093
2009-10-20,29.7,13.0,20.3,46,15,30,1.36,12.73,0.0,902.9,3.17,0.091
2009-10-21,27.0,11.2,18.1,53,19,36,2.11,14.6,0.0,900.7,3.69,0.09
2009-10-22,21.9,10.1,15.0,81,39,61,1.97,13.87,0.0,903.7,2.73,0.091
2009-10-23,24.9,7.2,15.7,84,23,54,2.03,15.6,0.0,904.0,3.36,0.093
2009-10-24,27.2,9.5,17.7,67,19,42,2.2,14.61,0.0,901.2,3.77,0.092
2009-10-25,25.4,9.3,17.9,64,17,37,1.59,12.86,0.0,901.3,3.1,0.091
2009-10-26,24.2,9.7,16.4,61,26,41,1.17,11.27,0.1,901.9,2.49,0.086
2009-10-27,19.7,11.3,14.6,88,42,66,1.79,11.03,1.1,899.9,2.18,0.092
2009-10-28,20.5,6.3,13.2,92,32,65,1.72,12.73,0.1,897.1,2.46,0.091
2009-10-29,17.4,10.2,13.6,89,54,74,1.68,9.57,0.2,897.3,1.69,0.094
2009-10-30,16.7,10.2,13.0,91,58,77,1.72,9.0,2.1,896.6,1.58,0.111
2009-10-31,16.4,8.5,11.8,98,48,79,1.21,9.97,1.6,896.5,1.63,0.145
2009-11-01,13.3,7.9,10.5,96,69,86,1.71,7.2,2.8,891.8,1.14,0.16
2009-11-02,7.4,3.0,4.5,99,87,92,4.49,2.32,18.3,891.2,0.39,0.292
2009-11-03,9.7,2.5,5.0,94,48,74,1.49,10.84,0.0,894.7,1.47,0.289
2009-11-04,13.2,3.9,9.3,87,75,80,4.16,5.13,24.6,892.5,1.15,0.323
2009-11-05,18.7,6.3,11.1,97,40,72,1.76,12.45,0.0,900.2,2.07,0.311
2009-11-06,19.6,4.4,11.2,97,38,73,1.51,11.25,0.0,905.0,1.87,0.275
2009-11-07,21.4,5.1,12.6,98,30,68,1.24,13.42,0.0,903.5,2.28,0.255
2009-11-08,22.2,4.9,13.6,95,30,61,2.44,12.32,0.0,898.6,2.9,0.241
2009-11-09,22.1,9.4,15.0,87,38,62,1.71,12.69,0.0,900.7,2.38,0.229
2009-11-10,21.7,5.6,12.6,98,36,73,1.73,12.52,0.0,900.2,2.17,0.218
2009-11-11,18.5,6.8,12.1,96,41,71,2.82,11.59,0.0,895.8,2.31,0.209
2009-11-12,17.0,7.5,11.7,92,39,67,2.9,9.91,0.0,895.2,2.08,0.202
2009-11-13,12.5,7.1,9.7,92,49,71,2.06,8.91,1.2,899.3,1.48,0.207
2009-11-14,10.7,6.2,7.9,78,46,68,2.6,7.44,0.1,904.5,1.38,0.208
2009-11-15,12.1,4.0,7.3,86,43,67,1.32,11.13,0.0,903.7,1.61,0.207
2009-11-16,11.9,6.2,8.5,74,51,65,1.36,7.3,0.5,900.7,1.3,0.207
2009-11-17,11.4,5.5,8.0,85,43,67,2.91,6.12,0.1,902.6,1.47,0.209
2009-11-18,10.1,1.2,6.0,88,43,69,2.79,10.52,0.0,906.5,1.58,0.204
2009-11-19,12.0,-2.0,4.2,91,34,68,1.87,12.2,0.0,906.2,1.71,0.203
2009-11-20,13.6,-1.0,6.0,85,35,62,1.34,10.99,0.0,908.8,1.6,0.201
2009-11-21,16.0,2.9,8.3,84,25,59,1.73,12.04,0.0,909.1,1.94,0.195
2009-11-22,14.9,-0.2,5.9,82,29,62,1.3,11.91,0.0,906.8,1.75,0.191
2009-11-23,17.1,-2.5,5.6,91,18,62,1.18,11.97,0.0,904.1,1.74,0.192
2009-11-24,15.6,-0.1,6.4,82,24,59,0.86,9.44,0.0,900.5,1.45,0.193
2009-11-25,16.9,-0.7,6.6,94,29,67,1.3,11.33,0.0,899.1,1.72,0.19
2009-11-26,15.0,-0.4,6.3,88,32,65,1.12,11.4,0.0,903.8,1.64,0.185
2009-11-27,14.4,-1.4,4.8,87,30,68,1.07,11.42,0.0,904.8,1.56,0.18
2009-11-28,15.3,-3.4,4.1,92,25,67,1.16,11.34,0.0,904.2,1.55,0.179
2009-11-29,15.2,-2.7,5.5,87,34,66,1.04,10.91,0.0,903.6,1.51,0.177
2009-11-30,14.1,2.5,6.7,84,39,67,1.35,10.32,0.0,906.9,1.52,0.177
2009-12-01,13.7,-3.2,4.0,89,36,65,0.9,11.35,0.0,906.1,1.47,0.18
2009-12-02,15.1,-3.4,4.6,90,27,60,1.8,11.2,0.0,902.6,1.91,0.18
2009-12-03,11.8,1.3,5.9,90,38,64,3.36,5.09,1.6,897.1,1.38,0.18
2009-12-04,14.1,2.5,7.6,97,48,82,2.83,7.92,0.9,897.6,1.3,0.198
2009-12-05,9.3,6.1,7.6,95,80,88,2.6,4.61,2.8,898.0,0.71,0.21
2009-12-06,10.8,4.8,7.2,95,62,83,1.23,5.16,2.5,895.9,0.82,0.26
2009-12-07,9.8,5.1,7.0,92,69,83,1.88,5.28,1.1,897.5,0.83,0.263
2009-12-08,8.5,1.5,5.3,93,55,75,1.23,6.09,0.0,900.2,0.88,0.253
2009-12-09,11.0,-1.0,4.2,88,43,71,1.04,10.3,0.0,898.2,1.3,0.244
2009-12-10,10.5,0.7,5.3,93,63,83,1.6,6.0,0.0,896.5,0.89,0.237
2009-12-11,8.9,6.1,7.4,91,78,86,2.86,2.36,13.0,892.6,0.54,0.294
2009-12-12,11.8,5.5,8.2,92,58,78,2.19,5.53,0.0,891.3,1.02,0.325
2009-12-13,12.6,1.5,8.2,86,35,68,4.76,7.74,1.2,892.9,1.78,0.301
2009-12-14,5.5,-0.7,1.8,89,59,77,1.49,7.2,0.0,902.9,0.86,0.284
2009-12-15,9.6,-2.9,3.0,94,51,76,1.62,7.75,1.1,901.1,1.04,0.277
2009-12-16,10.2,3.4,6.6,88,62,78,3.51,4.55,3.5,892.2,0.98,0.297
2009-12-17,11.2,3.1,7.3,93,58,79,1.3,6.34,0.0,887.4,0.94,0.304
2009-12-18,10.6,1.3,6.3,98,51,79,2.8,6.88,0.7,890.5,1.18,0.292
2009-12-19,14.7,5.0,9.8,86,44,66,2.76,8.22,0.0,892.8,1.68,0.293
2009-12-20,17.0,3.1,9.3,94,26,61,3.78,9.12,0.0,898.1,2.4,0.28
2009-12-21,12.9,3.4,9.2,97,41,64,4.86,6.55,8.3,897.5,2.0,0.297
2009-12-22,6.0,-0.2,2.4,92,61,81,1.14,9.4,0.0,906.2,1.01,0.329
2009-12-23,11.9,-2.7,3.6,95,50,78,1.27,9.6,0.0,904.3,1.22,0.307
2009-12-24,16.1,2.0,7.3,99,39,76,1.46,9.92,0.0,904.3,1.49,0.295
2009-12-25,15.1,-0.8,5.8,100,47,79,1.53,8.58,0.0,903.4,1.25,0.286
2009-12-26,16.8,4.3,9.3,95,57,80,2.09,7.06,0.1,900.5,1.24,0.281
2009-12-27,15.5,3.3,8.3,100,54,84,2.03,7.33,0.2,899.8,1.17,0.274
2009-12-28,15.7,7.6,10.6,92,40,71,3.08,6.23,0.0,896.9,1.62,0.27
2009-12-29,13.5,2.1,8.0,95,55,78,2.62,5.52,6.4,894.3,1.09,0.282
2009-12-30,6.8,-0.6,2.8,98,35,71,1.17,9.78,0.0,898.8,1.07,0.321
2009-12-31,10.1,-4.6,1.4,89,36,65,1.57,10.52,0.0,897.3,1.33,0.303
2010-01-01,16.9,-1.7,6.4,92,37,67,3.39,9.93,0.0,895.3,2.01,0.31
2010-01-02,17.1,7.0,12.2,73,27,48,5.58,9.84,0.0,892.0,3.24,0.297
2010-01-03,13.3,3.4,7.2,93,37,71,2.88,9.54,0.1,892.7,1.64,0.288
2010-01-04,9.8,0.3,4.9,90,39,69,3.18,9.95,0.0,896.3,1.55,0.283
2010-01-05,5.8,-2.3,0.9,74,46,64,1.1,10.79,0.0,904.2,1.17,0.281
2010-01-06,12.5,-3.9,3.2,94,48,76,1.87,9.42,0.0,903.3,1.31,0.28
2010-01-07,17.2,-0.7,6.5,95,31,70,1.83,9.69,0.0,903.8,1.56,0.277
2010-01-08,15.5,0.3,7.3,92,34,67,1.04,10.87,0.0,907.2,1.52,0.272
2010-01-09,16.8,-0.4,7.4,96,33,68,1.33,9.7,0.0,906.0,1.55,0.268
2010-01-10,14.2,0.2,5.9,89,30,67,1.94,7.37,0.0,901.1,1.34,0.264
2010-01-11,12.5,3.5,8.0,73,39,53,3.14,8.68,0.8,897.6,1.85,0.263
2010-01-12,9.7,1.2,5.3,83,59,72,1.18,5.66,0.0,898.2,0.88,0.265
2010-01-13,11.6,1.1,6.0,98,47,78,2.3,8.56,3.7,893.8,1.29,0.3
2010-01-14,8.3,4.0,5.9,92,81,87,2.33,4.3,4.4,893.6,0.64,0.314
2010-01-15,8.4,3.8,5.9,94,78,90,1.85,3.96,1.0,897.7,0.57,0.324
2010-01-16,12.9,3.6,7.5,97,58,83,2.02,6.87,0.0,902.4,1.09,0.314
2010-01-17,10.5,5.4,7.5,96,81,90,1.13,4.82,0.8,903.1,0.7,0.311
2010-01-18,9.2,3.2,6.2,98,78,90,1.79,7.0,1.4,897.1,0.89,0.307
2010-01-19,11.5,6.1,8.5,94,57,79,2.06,6.6,0.8,891.1,1.13,0.32
2010-01-20,10.2,2.2,5.5,95,45,75,2.25,9.73,0.1,892.4,1.41,0.307
2010-01-21,6.1,-0.8,2.3,98,68,84,1.4,11.21,2.1,898.3,1.22,0.304
2010-01-22,7.1,-2.3,2.4,99,56,82,3.04,7.28,3.8,899.6,1.06,0.307
2010-01-23,10.3,3.5,6.4,90,42,71,2.86,9.13,7.2,895.6,1.45,0.365
2010-01-24,3.1,-0.5,0.6,94,62,80,3.1,4.06,2.6,897.8,0.63,0.343
2010-01-25,-0.1,-5.2,-2.2,70,49,61,4.97,7.48,0.0,902.0,1.17,0.329
2010-01-26,-2.3,-8.9,-5.8,68,46,58,2.44,12.92,0.0,909.7,1.14,0.323
2010-01-27,1.9,-10.4,-4.3,69,33,52,0.97,13.26,0.0,906.3,1.28,0.32
2010-01-28,6.4,-3.8,0.3,91,47,71,1.49,8.95,1.0,893.4,1.12,0.322
2010-01-29,8.8,0.1,4.1,88,59,76,3.41,8.2,0.0,891.1,1.28,0.322
2010-01-30,10.0,3.3,6.1,91,62,79,2.03,4.94,0.0,892.1,0.9,0.321
2010-01-31,12.8,0.3,6.3,90,50,73,3.2,9.68,0.0,892.9,1.62,0.317
2010-02-01,14.7,4.2,8.6,89,40,65,3.03,12.5,0.0,898.1,2.2,0.309
2010-02-02,13.0,1.1,6.3,92,40,69,4.25,10.02,0.0,893.8,2.01,0.302
2010-02-03,7.1,-3.5,1.8,82,47,64,4.85,9.4,2.1,890.8,1.36,0.31
2010-02-04,0.4,-5.6,-2.8,71,39,56,3.96,12.43,0.0,899.6,1.38,0.307
2010-02-05,1.0,-3.7,-1.9,79,43,61,3.64,10.06,0.3,902.3,1.21,0.303
2010-02-06,3.4,-6.2,-2.1,77,45,62,1.73,14.94,0.0,902.8,1.55,0.3
2010-02-07,6.7,-3.8,1.3,86,46,69,3.23,8.29,0.0,899.5,1.34,0.295
2010-02-08,5.9,2.7,4.1,84,61,75,4.8,6.51,4.2,892.5,1.19,0.303
2010-02-09,10.5,-0.0,4.7,95,52,78,2.6,12.91,0.0,892.0,1.69,0.314
2010-02-10,12.1,-0.1,5.4,97,54,79,2.17,10.83,0.0,898.4,1.57,0.304
2010-02-11,13.7,4.5,8.4,89,46,71,3.86,10.47,0.5,895.9,1.93,0.298
2010-02-12,14.7,3.6,8.7,84,38,66,3.03,10.11,0.0,898.1,2.02,0.294
2010-02-13,16.4,0.3,7.9,95,31,65,3.25,14.18,0.0,900.3,2.64,0.288
2010-02-14,20.1,3.1,11.2,79,23,50,2.83,14.11,0.0,899.4,3.09,0.278
2010-02-15,20.6,9.3,14.4,57,13,34,4.93,13.75,0.0,894.0,4.49,0.264
2010-02-16,16.1,5.3,10.7,78,44,61,1.5,13.47,0.0,896.1,2.28,0.253
2010-02-17,19.5,3.4,10.5,91,27,61,2.33,12.21,0.0,897.5,2.6,0.247
2010-02-18,20.1,5.4,11.3,80,27,56,2.09,14.82,0.0,896.8,2.9,0.239
2010-02-19,16.2,4.9,10.1,95,32,63,2.65,15.06,0.0,897.5,2.58,0.233
2010-02-20,18.7,2.5,9.5,91,37,64,2.55,9.43,0.0,898.3,2.11,0.231
2010-02-21,16.8,7.5,11.8,81,43,60,4.77,13.37,0.6,891.5,2.97,0.231
2010-02-22,10.1,2.0,5.8,85,36,62,2.2,14.95,0.0,897.7,2.13,0.234
2010-02-23,12.5,4.1,7.8,70,39,54,1.2,12.4,0.0,898.4,1.99,0.233
2010-02-24,14.2,2.2,8.0,91,42,69,2.59,13.71,0.4,894.3,2.23,0.235
2010-02-25,13.1,6.0,8.6,88,50,75,2.57,9.41,6.3,889.7,1.64,0.298
2010-02-26,8.4,3.9,6.3,98,80,89,1.0,4.5,14.2,890.6,0.7,0.368
2010-02-27,13.5,1.3,6.6,100,42,78,2.13,13.46,0.5,890.7,2.06,0.347
2010-02-28,11.7,4.1,7.4,97,69,84,3.44,7.27,15.3,890.4,1.14,0.388
2010-03-01,12.8,3.3,7.7,95,51,77,1.53,10.88,0.0,899.0,1.68,0.365
2010-03-02,21.4,3.1,11.1,91,30,64,3.0,18.51,0.0,896.8,3.54,0.342
2010-03-03,10.6,3.6,7.4,88,44,68,3.7,14.75,0.7,897.0,2.18,0.33
2010-03-04,12.0,0.9,6.0,78,34,55,2.09,15.51,0.0,900.7,2.42,0.323
2010-03-05,17.0,7.2,12.7,68,33,47,5.2,15.85,0.0,893.0,3.81,0.313
2010-03-06,17.0,6.8,11.1,90,37,66,3.36,14.21,0.0,895.1,2.78,0.304
2010-03-07,12.5,5.1,9.1,85,63,73,2.06,9.61,0.1,901.1,1.55,0.299
2010-03-08,22.0,7.0,13.4,94,26,60,3.61,15.93,0.0,900.1,3.76,0.295
2010-03-09,21.5,9.4,16.4,66,22,41,5.7,14.9,0.0,895.5,4.79,0.28
2010-03-10,16.2,4.0,10.1,97,49,74,1.6,16.41,0.0,902.9,2.55,0.27
2010-03-11,24.2,6.8,15.5,92,26,57,2.88,19.0,0.0,898.8,4.26,0.262
2010-03-12,22.5,6.4,14.1,90,14,49,2.45,17.95,0.0,896.9,4.0,0.248
2010-03-13,17.0,5.3,10.7,77,37,57,1.94,18.21,0.0,897.1,3.11,0.238
2010-03-14,21.3,5.5,12.4,89,27,59,1.86,20.39,0.0,893.5,3.73,0.229
2010-03-15,14.1,5.7,9.2,97,58,82,2.2,15.49,10.9,890.4,2.3,0.271
2010-03-16,8.5,1.8,4.8,78,28,51,3.3,17.72,0.2,900.5,2.59,0.336
2010-03-17,11.1,-2.2,4.7,70,28,48,1.29,21.97,0.0,903.2,3.0,0.307
2010-03-18,7.0,-0.0,3.7,72,24,48,5.17,16.19,0.2,906.2,2.53,0.291
2010-03-19,9.6,-3.5,3.2,66,21,42,2.63,21.93,0.0,910.2,3.12,0.277
2010-03-20,12.2,-1.9,5.0,71,17,44,2.36,22.68,0.0,911.0,3.38,0.262
2010-03-21,16.9,-3.6,6.5,79,13,44,1.43,23.05,0.0,909.4,3.6,0.25
2010-03-22,21.1,-1.2,10.2,80,15,43,1.28,22.76,0.0,905.0,3.88,0.237
2010-03-23,21.4,2.7,12.0,76,15,42,1.85,22.41,0.0,901.8,4.17,0.226
2010-03-24,22.8,4.4,13.2,67,5,36,1.82,22.36,0.0,898.7,4.45,0.214
2010-03-25,19.4,3.5,11.9,77,18,42,2.33,22.54,0.0,898.3,4.33,0.197
2010-03-26,17.9,4.8,11.8,90,33,56,3.16,20.08,0.0,899.4,3.76,0.187
2010-03-27,19.3,6.0,12.6,70,17,42,2.27,23.14,0.0,898.2,4.11,0.179
2010-03-28,23.2,2.5,12.7,87,18,47,3.37,23.22,0.0,893.7,5.03,0.172
2010-03-29,15.9,6.4,10.7,82,20,52,3.12,22.11,0.7,895.0,3.84,0.164
2010-03-30,12.9,5.0,9.1,82,36,57,1.65,15.33,0.6,901.9,2.45,0.174
2010-03-31,19.8,1.1,11.1,84,25,51,1.83,22.94,0.2,902.9,4.01,0.171
2010-04-01,22.1,6.3,13.4,84,20,52,2.72,21.64,0.0,901.7,4.41,0.16
2010-04-02,24.7,3.6,13.9,90,13,51,2.25,22.98,0.0,900.2,4.79,0.147
2010-04-03,20.6,7.3,14.5,67,17,42,2.02,23.79,0.0,900.2,4.61,0.133
2010-04-04,19.2,6.7,12.8,72,23,45,2.88,22.77,0.0,905.0,4.43,0.126
2010-04-05,21.0,4.1,13.1,64,2,32,1.86,25.14,0.0,905.7,4.66,0.12
2010-04-06,25.0,3.7,14.5,55,9,28,3.01,24.67,0.0,896.9,5.67,0.115
2010-04-07,14.0,6.8,10.0,78,30,48,2.04,20.32,1.8,892.6,3.37,0.116
2010-04-08,12.6,5.3,8.7,84,34,59,1.96,18.47,1.7,898.1,2.88,0.146
2010-04-09,12.8,5.6,8.6,77,35,55,1.88,15.81,0.2,901.5,2.68,0.153
2010-04-10,17.2,2.7,9.8,70,20,45,1.62,23.76,0.0,898.6,4.0,0.156
2010-04-11,10.5,6.2,8.4,91,47,69,2.46,13.39,7.4,891.5,2.04,0.178
2010-04-12,10.9,5.7,7.9,94,51,79,3.58,8.79,11.5,892.6,1.48,0.315
2010-04-13,15.7,0.7,8.9,95,31,60,1.49,25.82,0.0,900.2,3.9,0.29
2010-04-14,19.9,2.8,11.6,85,28,56,1.34,22.48,0.0,900.0,3.96,0.261
2010-04-15,20.5,4.6,12.8,95,27,60,1.3,23.7,0.0,901.2,4.14,0.241
2010-04-16,23.1,6.4,14.8,80,16,49,1.76,26.05,0.0,901.2,4.92,0.219
2010-04-17,24.7,7.3,15.9,80,21,50,1.89,24.88,0.5,900.8,5.02,0.199
2010-04-18,21.7,9.1,15.4,88,39,65,1.33,21.75,3.3,904.0,3.89,0.201
2010-04-19,24.6,8.4,16.4,96,30,64,1.47,22.5,0.0,902.4,4.43,0.193
2010-04-20,24.8,9.3,17.3,86,32,55,3.52,22.18,1.1,897.0,4.98,0.18
2010-04-21,18.6,8.4,13.3,89,21,57,2.45,21.11,1.5,891.8,3.95,0.18
2010-04-22,17.1,7.2,11.7,76,19,49,3.91,18.19,1.1,898.1,3.78,0.194
2010-04-23,18.5,5.6,11.9,72,17,46,2.83,27.37,0.0,904.9,4.89,0.185
2010-04-24,22.0,4.3,13.6,72,14,40,1.91,27.25,0.0,905.7,5.1,0.172
2010-04-25,24.3,7.7,16.3,63,13,36,1.63,24.93,0.0,903.2,5.0,0.156
2010-04-26,23.0,12.8,17.6,55,24,38,2.01,21.06,0.0,901.6,4.6,0.134
2010-04-27,20.4,8.2,13.4,93,37,70,1.74,19.59,3.5,899.9,3.43,0.141
2010-04-28,18.8,10.1,14.1,90,37,66,1.96,20.43,0.1,899.6,3.54,0.164
2010-04-29,18.8,8.7,14.0,83,28,54,2.36,20.12,0.0,898.7,3.9,0.163
2010-04-30,18.9,7.1,13.0,84,25,52,2.59,23.77,0.0,897.4,4.41,0.158
2010-05-01,19.4,6.5,13.6,70,14,39,2.92,23.27,0.0,897.3,4.74,0.147
2010-05-02,23.5,6.3,15.5,56,9,32,2.39,27.06,0.0,899.0,5.62,0.134
2010-05-03,25.7,7.1,17.6,63,9,32,1.34,28.07,0.0,899.5,5.48,0.125
2010-05-04,27.8,7.6,18.6,89,12,43,2.06,27.05,0.0,899.1,5.92,0.12
2010-05-05,27.9,10.1,19.5,78,9,39,1.73,28.2,0.0,899.0,5.87,0.116
2010-05-06,27.4,9.8,19.2,76,14,39,1.64,27.95,0.0,897.7,5.79,0.117
2010-05-07,30.3,10.2,20.4,87,15,45,2.49,25.62,0.3,896.9,6.2,0.117
2010-05-08,28.6,10.2,20.3,84,14,43,1.77,27.51,0.0,897.6,5.92,0.112
2010-05-09,25.0,13.2,18.7,70,27,48,2.27,20.95,2.5,896.1,4.65,0.131
2010-05-10,26.3,10.7,18.9,89,18,48,2.66,27.98,0.0,895.1,6.01,0.147
2010-05-11,26.0,9.7,18.5,55,9,32,2.09,28.95,0.0,898.9,6.08,0.136
2010-05-12,27.9,10.7,20.5,47,16,28,1.4,28.52,0.0,900.0,5.81,0.129
2010-05-13,29.9,10.6,21.4,64,15,35,1.37,28.57,0.0,900.2,6.02,0.127
2010-05-14,31.9,14.5,23.1,79,13,40,2.87,27.44,0.2,899.3,7.04,0.124
2010-05-15,28.8,14.0,22.6,64,21,39,2.14,20.75,0.0,902.2,5.23,0.114
2010-05-16,31.3,16.1,24.3,61,15,32,4.54,28.2,0.0,899.4,8.12,0.108
2010-05-17,27.2,10.6,20.0,63,16,35,2.94,29.3,0.0,896.5,6.75,0.103
2010-05-18,23.3,9.0,16.3,86,15,46,3.76,27.57,0.6,895.0,5.96,0.106
2010-05-19,22.1,11.6,16.3,71,28,47,1.56,18.15,0.0,899.0,3.82,0.11
2010-05-20,22.2,12.4,17.2,65,30,45,2.01,22.74,0.1,900.6,4.78,0.113
2010-05-21,23.5,8.3,15.4,72,28,49,2.63,23.23,0.9,899.4,4.92,0.121
2010-05-22,23.2,10.4,16.3,69,19,43,3.21,25.77,0.7,895.5,5.54,0.133
2010-05-23,20.0,9.4,14.5,79,36,57,2.32,24.41,2.0,896.2,4.42,0.142
2010-05-24,21.6,11.1,16.5,77,31,52,1.52,24.44,0.0,901.3,4.69,0.155
2010-05-25,24.1,10.2,18.0,72,28,46,1.68,24.92,0.0,902.2,5.06,0.15
2010-05-26,27.0,10.4,19.2,78,14,44,1.82,28.56,0.0,902.5,5.91,0.141
2010-05-27,28.6,13.5,20.4,60,20,39,1.77,23.45,1.9,899.9,5.13,0.139
2010-05-28,27.5,13.3,20.4,87,22,50,2.01,26.74,0.1,900.6,5.61,0.15
2010-05-29,29.4,13.7,22.5,68,12,37,2.09,29.27,0.0,901.8,6.57,0.135
2010-05-30,31.1,15.3,23.7,55,10,32,1.66,28.21,0.0,901.6,6.41,0.127
2010-05-31,30.9,14.5,23.2,73,21,41,1.93,25.95,1.1,900.5,6.04,0.124
2010-06-01,33.6,14.8,24.1,73,14,38,2.08,27.12,0.3,898.6,6.57,0.121
2010-06-02,30.7,14.6,23.7,63,17,33,3.01,29.28,0.0,894.5,7.35,0.112
2010-06-03,30.6,14.0,22.4,70,21,43,2.58,29.68,0.0,898.6,6.88,0.106
2010-06-04,32.4,12.7,23.0,86,16,44,2.12,30.05,0.0,901.4,6.91,0.101
2010-06-05,31.1,14.1,23.6,67,19,39,2.27,28.49,0.4,901.8,6.88,0.099
2010-06-06,29.9,16.4,23.4,66,17,36,3.96,28.87,0.0,897.8,7.67,0.101
2010-06-07,26.4,12.4,19.4,67,25,47,1.81,25.76,0.6,894.5,5.47,0.103
2010-06-08,24.5,15.9,19.5,76,35,59,1.33,20.2,0.1,896.7,4.12,0.11
2010-06-09,26.2,13.7,19.8,89,30,59,1.4,21.92,3.1,898.2,4.54,0.117
2010-06-10,24.2,14.4,18.8,95,35,68,1.42,22.34,3.1,897.9,4.43,0.181
2010-06-11,22.6,15.1,18.8,86,48,69,1.87,17.02,1.9,899.0,3.47,0.192
2010-06-12,28.8,15.0,21.5,88,27,58,1.42,25.61,0.0,900.4,5.25,0.199
2010-06-13,33.0,16.2,24.5,79,10,43,2.16,27.03,0.0,900.1,6.6,0.171
2010-06-14,31.6,18.2,23.9,66,22,43,2.28,25.82,0.1,899.3,6.21,0.154
2010-06-15,31.6,16.0,24.4,81,23,49,3.62,26.45,0.0,901.2,7.14,0.145
2010-06-16,32.9,19.5,26.8,61,11,32,3.62,30.11,0.0,902.3,8.28,0.122
2010-06-17,32.5,19.9,26.6,45,17,31,3.31,29.65,0.0,900.5,7.86,0.108
2010-06-18,31.7,20.6,26.1,54,18,34,3.47,28.56,0.1,898.5,7.71,0.108
2010-06-19,30.4,18.9,24.0,53,24,39,1.96,22.86,0.8,895.6,5.45,0.112
2010-06-20,31.8,16.1,24.3,68,20,40,2.53,28.92,0.2,897.0,7.05,0.12
2010-06-21,32.0,15.0,24.8,77,17,39,3.39,28.89,0.0,899.2,7.7,0.115
2010-06-22,32.0,14.8,24.3,57,13,32,3.35,30.37,0.0,894.5,8.0,0.113
2010-06-23,27.3,15.7,21.0,66,26,47,2.9,27.03,1.6,892.2,6.17,0.113
2010-06-24,24.3,14.5,19.4,81,31,53,2.46,17.56,2.1,894.3,4.21,0.146
2010-06-25,24.0,14.3,19.4,68,35,50,1.68,22.04,2.3,894.8,4.52,0.16
2010-06-26,26.2,13.2,20.1,89,28,55,1.27,24.63,0.0,896.4,4.97,0.178
2010-06-27,26.4,15.3,20.4,78,34,56,1.65,23.65,2.4,898.7,4.92,0.179
2010-06-28,25.5,13.1,18.8,89,34,63,1.8,24.33,2.9,899.3,4.81,0.207
2010-06-29,27.2,11.2,19.7,90,26,55,1.51,28.08,0.2,898.8,5.56,0.209
2010-06-30,29.1,14.1,22.5,76,24,46,1.6,27.12,0.0,898.4,5.91,0.183
2010-07-01,30.0,16.3,23.5,77,24,48,1.83,27.32,0.0,898.8,6.09,0.167
2010-07-02,30.7,16.8,24.5,61,18,38,2.39,29.42,0.0,900.7,6.85,0.153
2010-07-03,32.1,17.8,25.7,59,17,36,2.03,29.01,0.0,900.2,6.83,0.136
2010-07-04,33.3,19.0,26.7,55,19,33,1.88,29.6,0.0,900.0,6.99,0.128
2010-07-05,34.0,19.3,26.9,55,17,35,1.9,28.89,0.0,899.1,6.87,0.126
2010-07-06,34.8,20.1,28.0,55,22,35,2.05,28.74,0.0,898.8,7.18,0.12
2010-07-07,32.8,21.0,27.4,63,20,41,1.85,26.8,0.0,899.8,6.27,0.115
2010-07-08,33.1,23.0,27.8,49,26,36,2.4,26.98,0.0,898.6,6.99,0.114
2010-07-09,34.0,19.7,26.8,71,21,45,2.24,28.87,0.0,898.3,7.07,0.114
2010-07-10,33.7,19.2,26.4,62,20,41,1.53,29.03,0.0,900.6,6.41,0.111
2010-07-11,35.5,19.0,27.5,69,13,36,1.47,29.62,0.0,901.4,6.62,0.108
2010-07-12,36.5,20.5,29.0,68,13,37,1.82,29.95,0.0,900.8,7.08,0.107
2010-07-13,37.0,21.1,29.9,72,14,37,2.01,29.6,0.0,897.9,7.43,0.106
2010-07-14,34.0,23.3,28.8,55,18,35,2.99,28.01,0.0,897.1,7.66,0.105
2010-07-15,31.5,21.8,27.0,56,23,36,3.02,23.97,0.0,896.5,6.68,0.104
2010-07-16,30.9,21.5,25.9,57,29,41,2.83,23.31,0.2,899.1,6.23,0.107
2010-07-17,29.3,19.5,24.8,55,19,37,3.1,27.33,0.0,900.6,6.9,0.117
2010-07-18,31.6,17.5,25.2,44,16,31,2.43,29.5,0.0,900.4,7.12,0.117
2010-07-19,32.3,19.1,26.1,47,22,33,2.24,28.5,0.0,899.8,7.09,0.116
2010-07-20,32.3,19.0,26.0,52,25,36,1.82,27.87,0.0,898.3,6.58,0.122
2010-07-21,32.9,18.2,26.2,70,19,40,1.89,26.7,0.0,897.3,6.43,0.13
2010-07-22,32.7,20.3,26.9,54,20,35,2.63,26.72,0.0,897.2,7.0,0.129
2010-07-23,32.5,21.3,26.8,58,20,37,3.01,26.44,0.0,897.1,6.98,0.13
2010-07-24,31.0,20.5,26.0,59,22,38,3.02,25.89,0.0,895.6,6.67,0.126
2010-07-25,33.2,17.6,26.1,55,20,36,1.81,28.66,0.0,893.6,6.79,0.127
2010-07-26,35.6,17.9,27.2,76,15,39,3.03,29.1,0.0,896.2,7.89,0.12
2010-07-27,34.8,14.5,25.6,75,8,34,1.46,29.9,0.0,899.2,6.62,0.112
2010-07-28,35.1,18.6,27.8,59,14,33,1.9,28.99,0.0,898.2,6.97,0.109
2010-07-29,34.4,21.9,27.9,66,23,41,3.3,28.26,0.0,898.0,7.37,0.11
2010-07-30,36.0,22.0,28.8,65,22,42,2.37,28.17,0.0,900.5,7.04,0.109
2010-07-31,38.8,22.7,30.9,55,10,31,2.11,28.22,0.0,901.7,7.61,0.108
2010-08-01,38.9,19.6,30.6,50,10,26,1.81,26.47,0.0,900.9,6.96,0.109
2010-08-02,37.3,23.2,30.9,36,14,25,1.97,22.68,0.0,899.6,6.44,0.107
2010-08-03,36.9,22.9,30.1,45,14,29,1.75,25.46,0.0,897.5,6.51,0.108
2010-08-04,37.1,21.6,30.4,49,14,28,1.41,23.09,0.0,895.2,5.96,0.111
2010-08-05,36.7,23.5,29.7,48,18,31,1.92,22.73,0.0,896.3,6.18,0.112
2010-08-06,35.8,18.7,27.7,64,18,36,2.05,26.94,0.1,900.3,6.84,0.115
2010-08-07,35.5,18.6,27.6,59,11,32,1.49,28.17,0.0,901.7,6.37,0.109
2010-08-08,37.3,19.2,28.6,54,10,31,2.02,27.0,0.0,898.8,6.95,0.106
2010-08-09,37.9,21.4,29.8,56,10,28,2.51,26.88,0.0,897.9,7.38,0.105
2010-08-10,35.5,21.6,29.2,43,14,27,2.45,25.58,0.0,899.2,7.06,0.105
2010-08-11,36.2,21.5,29.3,41,14,27,2.3,24.96,0.0,900.7,6.83,0.105
2010-08-12,36.3,20.9,29.2,34,9,23,2.37,27.57,0.0,901.9,7.35,0.103
2010-08-13,36.5,21.1,29.5,33,10,20,1.99,27.61,0.0,902.4,7.04,0.103
2010-08-14,36.4,20.4,29.2,36,12,22,2.38,27.68,0.0,902.3,7.37,0.101
2010-08-15,35.4,21.3,28.7,38,15,27,2.58,27.14,0.0,901.8,7.33,0.101
2010-08-16,33.7,19.9,27.2,45,15,29,2.61,27.08,0.0,901.9,7.08,0.102
2010-08-17,34.5,18.9,27.2,44,16,29,1.92,26.91,0.0,900.7,6.65,0.102
2010-08-18,37.2,17.9,28.9,49,15,28,1.89,26.02,0.0,897.6,6.8,0.103
2010-08-19,36.2,20.4,29.1,50,17,32,2.04,26.32,0.0,900.7,6.69,0.102
2010-08-20,36.5,22.2,29.7,42,18,29,2.02,26.06,0.0,902.8,6.77,0.101
2010-08-21,32.6,22.2,27.3,55,28,38,4.42,25.5,0.0,903.9,7.62,0.101
2010-08-22,28.4,17.6,23.4,57,22,38,3.67,26.53,0.0,901.7,6.76,0.102
2010-08-23,29.7,15.7,22.7,61,18,39,2.42,26.34,0.0,899.7,6.04,0.103
2010-08-24,32.3,15.0,24.0,50,12,29,2.06,26.54,0.0,899.5,6.25,0.102
2010-08-25,32.8,15.9,25.2,36,11,24,2.21,26.34,0.0,898.7,6.57,0.102
2010-08-26,30.9,19.2,24.9,44,13,28,3.67,25.81,0.0,899.1,7.27,0.101
2010-08-27,30.5,18.2,24.1,46,15,30,3.01,25.86,0.0,900.7,6.66,0.1
2010-08-28,34.2,16.2,25.8,44,18,31,1.29,25.46,0.0,898.7,5.61,0.101
2010-08-29,36.5,15.9,26.8,66,17,36,2.09,24.91,0.0,898.1,6.47,0.102
2010-08-30,35.5,17.4,26.9,67,15,37,1.26,24.31,0.0,897.8,5.48,0.102
2010-08-31,36.4,17.5,27.3,67,13,36,1.88,23.71,0.0,894.7,6.01,0.099
2010-09-01,32.1,16.1,24.4,82,16,44,3.26,23.54,0.0,894.2,6.43,0.101
2010-09-02,25.1,17.0,20.8,65,32,47,2.66,16.14,0.0,900.7,4.19,0.1
2010-09-03,28.8,14.1,21.3,39,17,27,2.05,24.59,0.0,903.9,5.63,0.1
2010-09-04,30.6,14.3,22.7,47,17,33,1.84,24.57,0.0,902.0,5.6,0.1
2010-09-05,32.4,14.0,24.2,50,13,28,1.68,24.08,0.0,899.8,5.65,0.1
2010-09-06,32.5,17.3,25.0,61,18,37,1.89,22.02,0.0,898.6,5.39,0.1
2010-09-07,28.3,17.4,22.6,71,34,53,2.15,20.69,0.1,898.9,4.78,0.102
2010-09-08,29.0,16.9,22.9,65,27,47,2.22,21.1,0.0,902.8,4.95,0.105
2010-09-09,30.5,15.2,23.2,66,16,38,2.24,23.68,0.0,903.0,5.73,0.105
2010-09-10,30.4,14.5,22.4,50,17,35,2.39,23.46,0.0,900.2,5.7,0.104
2010-09-11,32.1,14.3,23.6,55,16,34,1.52,23.1,0.0,898.6,5.15,0.103
2010-09-12,33.0,15.5,23.7,76,14,41,2.8,23.22,0.0,897.6,6.09,0.101
2010-09-13,27.5,16.0,21.4,67,32,51,2.05,17.63,0.0,899.0,4.23,0.098
2010-09-14,25.8,14.0,19.9,71,28,49,2.12,21.88,0.0,901.0,4.67,0.097
2010-09-15,28.1,12.9,20.8,59,21,39,1.78,22.24,0.0,901.6,4.9,0.097
2010-09-16,30.2,13.0,22.3,51,14,31,1.76,22.36,0.0,901.1,5.16,0.097
2010-09-17,30.7,12.9,22.4,62,17,33,1.55,20.35,0.0,899.4,4.73,0.1
2010-09-18,30.1,15.8,23.1,45,19,31,3.2,21.81,0.0,901.9,6.0,0.1
2010-09-19,31.0,13.8,22.8,53,16,33,1.76,21.79,0.0,900.9,5.04,0.1
2010-09-20,33.9,12.6,23.8,52,15,32,1.59,21.54,0.0,899.3,5.12,0.099
2010-09-21,31.7,14.2,23.4,68,14,38,1.41,20.79,0.0,900.2,4.61,0.096
2010-09-22,29.0,16.3,22.0,70,32,50,2.04,18.02,2.0,901.4,4.24,0.1
2010-09-23,28.9,14.4,21.8,74,25,50,2.01,19.41,0.0,903.3,4.46,0.117
2010-09-24,30.6,15.6,22.5,63,16,39,1.93,19.46,0.0,901.4,4.74,0.12
2010-09-25,30.6,12.7,21.0,77,15,44,1.97,20.46,0.0,900.1,4.84,0.117
2010-09-26,30.7,12.1,21.6,76,20,44,1.79,19.52,0.0,902.9,4.58,0.109
2010-09-27,31.4,13.9,22.7,86,18,48,2.72,19.83,0.0,903.7,5.33,0.103
2010-09-28,28.0,13.2,21.2,82,28,51,1.38,18.65,0.0,903.1,3.88,0.1
2010-09-29,31.5,12.2,22.4,57,23,38,2.4,18.28,0.0,901.8,4.94,0.1
2010-09-30,30.0,16.6,22.0,75,24,47,3.22,14.24,0.4,900.5,4.37,0.102
2010-10-01,28.5,12.5,19.8,100,25,64,1.95,17.92,0.0,900.3,4.07,0.105
2010-10-02,25.5,11.0,17.8,89,26,55,2.61,17.94,0.0,900.7,4.12,0.103
2010-10-03,20.9,11.4,15.8,58,31,42,2.51,18.97,0.0,903.1,4.08,0.105
2010-10-04,20.3,6.2,13.4,59,30,43,2.26,19.21,0.0,903.3,3.79,0.105
2010-10-05,20.3,5.8,13.3,64,23,43,2.28,18.5,0.0,902.9,3.73,0.106
2010-10-06,21.7,5.6,14.1,59,23,39,1.57,18.78,0.0,901.4,3.61,0.107
2010-10-07,23.0,10.0,14.8,83,24,45,1.81,12.46,2.3,899.6,2.85,0.113
2010-10-08,11.4,7.9,9.6,91,69,81,2.61,3.51,10.5,897.5,0.9,0.213
2010-10-09,10.2,2.7,7.4,99,54,78,2.18,10.67,5.1,897.7,1.39,0.263
2010-10-10,18.2,0.2,8.7,100,33,71,2.37,17.85,0.0,897.5,3.0,0.256
2010-10-11,18.3,4.0,10.9,95,35,66,1.39,17.13,0.0,899.8,2.83,0.233
2010-10-12,18.8,7.2,13.0,75,41,58,1.04,5.74,0.0,902.9,1.39,0.217
2010-10-13,26.0,9.5,17.6,92,39,64,2.6,16.2,0.0,901.7,3.6,0.203
2010-10-14,25.4,14.5,19.6,85,39,61,3.51,11.12,1.2,899.8,3.42,0.195
2010-10-15,24.6,16.1,20.4,59,30,46,4.69,14.73,0.0,896.7,4.5,0.184
2010-10-16,22.7,11.8,16.8,89,38,61,2.39,13.06,0.0,898.5,3.04,0.172
2010-10-17,23.8,9.6,16.3,93,32,63,1.29,15.36,0.0,901.5,2.95,0.163
2010-10-18,25.7,9.3,16.9,87,24,57,1.51,15.3,0.3,902.3,3.15,0.157
2010-10-19,25.4,12.9,18.6,88,31,58,2.26,12.24,0.0,902.2,3.11,0.16
2010-10-20,21.9,13.3,17.2,85,52,69,2.22,6.75,2.3,901.9,1.72,0.175
2010-10-21,24.6,7.4,15.2,96,27,65,1.44,16.16,0.0,904.3,2.95,0.175
2010-10-22,21.6,9.8,15.4,88,37,63,2.3,14.32,0.0,905.3,2.93,0.168
2010-10-23,17.5,9.7,12.5,91,48,72,2.11,10.11,0.0,904.1,1.85,0.168
2010-10-24,18.0,7.9,12.5,85,43,65,1.64,15.28,0.0,903.6,2.57,0.166
2010-10-25,20.4,7.1,12.6,84,37,64,1.03,14.97,0.0,903.1,2.51,0.167
2010-10-26,24.5,7.6,15.5,86,27,57,1.22,13.96,0.3,904.6,2.64,0.167
2010-10-27,22.9,7.9,15.7,93,37,64,1.64,9.93,0.0,904.1,2.31,0.164
2010-10-28,23.0,13.3,16.6,89,36,68,2.57,8.82,3.6,897.6,2.34,0.178
2010-10-29,14.2,8.8,11.7,91,64,80,2.26,7.61,6.5,894.2,1.38,0.233
2010-10-30,12.2,6.8,9.3,78,54,66,2.7,5.8,0.0,902.9,1.4,0.252
2010-10-31,15.1,2.3,8.2,90,37,66,1.71,14.83,0.0,906.0,2.26,0.231
2010-11-01,15.4,0.4,7.4,87,29,61,1.57,15.01,0.0,905.4,2.29,0.219
2010-11-02,17.6,-0.2,8.2,87,21,56,1.31,14.89,0.0,905.1,2.31,0.211
2010-11-03,18.4,0.9,8.5,72,24,52,1.14,14.79,0.0,906.9,2.33,0.204
2010-11-04,18.5,-0.8,8.3,89,25,57,1.32,14.56,0.0,909.6,2.38,0.199
2010-11-05,19.6,-0.8,8.8,84,18,53,1.63,14.19,0.0,909.3,2.42,0.192
2010-11-06,20.0,1.7,9.8,66,23,49,1.3,13.97,0.0,903.7,2.37,0.188
2010-11-07,21.9,-0.1,9.9,93,17,56,1.43,13.98,0.0,899.0,2.43,0.182
2010-11-08,21.5,1.8,10.8,90,21,58,1.47,13.67,0.0,900.6,2.32,0.174
2010-11-09,22.8,3.0,11.6,85,12,50,2.31,13.28,0.0,901.2,2.93,0.162
2010-11-10,24.6,3.2,12.5,78,8,43,1.92,13.23,0.0,905.0,2.79,0.148
2010-11-11,24.3,1.1,11.2,84,9,46,1.21,13.42,0.0,904.9,2.31,0.14
2010-11-12,22.3,0.5,10.9,85,12,45,1.13,12.32,0.0,900.0,2.16,0.139
2010-11-13,21.7,5.0,12.3,78,12,42,1.68,11.44,0.0,900.8,2.49,0.135
2010-11-14,22.3,4.5,12.2,61,19,42,1.43,12.27,0.0,904.8,2.37,0.132
2010-11-15,25.0,7.5,14.1,57,14,39,1.89,12.32,0.0,906.8,2.9,0.132
2010-11-16,23.3,7.4,14.4,71,17,44,1.05,9.76,0.0,904.8,2.03,0.131
2010-11-17,23.2,7.9,14.5,67,19,44,1.72,11.64,0.0,902.3,2.67,0.127
2010-11-18,24.1,4.8,13.2,82,14,47,1.39,12.05,0.0,904.0,2.31,0.127
2010-11-19,21.9,1.8,11.0,90,23,58,1.14,12.17,0.0,907.0,2.03,0.127
2010-11-20,21.2,1.2,10.2,88,24,57,1.26,12.16,0.0,903.1,2.09,0.13
2010-11-21,17.7,3.5,9.4,76,38,60,1.29,11.39,0.0,899.9,1.87,0.132
2010-11-22,14.8,2.8,7.8,90,49,72,1.28,11.17,0.0,900.1,1.64,0.132
2010-11-23,19.6,1.1,9.2,93,24,64,1.82,10.85,0.0,897.2,2.05,0.13
2010-11-24,17.7,7.9,12.5,87,40,62,4.28,8.43,0.0,897.3,2.44,0.12
2010-11-25,19.3,12.4,14.9,69,35,55,3.97,8.75,0.0,899.9,2.68,0.113
2010-11-26,18.7,10.4,14.0,75,37,58,3.7,9.27,0.0,901.8,2.52,0.106
2010-11-27,19.5,6.5,12.6,81,30,56,2.61,9.19,0.0,903.9,2.24,0.1
2010-11-28,23.4,4.7,12.5,85,19,53,2.09,11.1,0.0,905.4,2.48,0.098
2010-11-29,22.5,2.1,11.0,85,18,53,1.69,9.5,0.0,904.1,2.05,0.097
2010-11-30,22.9,4.3,11.9,87,13,50,2.36,10.99,0.0,903.3,2.57,0.095
2010-12-01,22.8,1.8,10.8,78,11,47,1.65,11.08,0.0,903.4,2.17,0.093
2010-12-02,21.2,3.2,11.5,71,21,48,1.39,9.58,0.0,905.8,1.88,0.091
2010-12-03,22.6,7.3,13.7,76,23,51,1.17,9.93,0.0,907.3,1.95,0.089
2010-12-04,23.0,2.5,10.6,90,9,52,2.19,8.9,0.0,903.3,2.22,0.087
2010-12-05,19.7,1.3,9.6,75,6,41,2.17,9.03,0.0,897.2,2.3,0.085
2010-12-06,11.6,4.7,7.9,91,32,68,2.34,8.91,0.4,898.2,1.41,0.091
2010-12-07,13.3,3.6,7.3,85,48,71,0.98,9.69,0.0,900.8,1.36,0.095
2010-12-08,16.9,0.0,7.2,93,35,69,1.18,10.03,0.0,902.0,1.46,0.094
2010-12-09,18.0,0.2,7.5,100,32,72,1.82,9.71,0.0,899.0,1.63,0.094
2010-12-10,14.7,7.8,10.6,87,52,73,4.08,6.78,1.1,890.3,1.66,0.095
2010-12-11,9.0,0.9,3.5,97,77,87,2.88,4.52,10.3,877.0,0.61,0.165
2010-12-12,2.5,-0.8,0.3,92,78,86,3.22,6.36,4.2,880.0,0.66,0.175
2010-12-13,2.7,-3.3,-0.2,84,65,77,2.13,9.81,0.7,892.6,0.96,0.177
2010-12-14,9.8,2.5,6.8,91,79,86,3.72,4.58,10.3,893.7,0.79,0.232
2010-12-15,12.8,5.1,8.6,95,55,81,2.65,7.76,1.8,896.2,1.26,0.284
2010-12-16,10.8,6.4,8.4,91,70,81,4.31,5.9,0.0,894.8,1.12,0.257
2010-12-17,12.5,6.7,9.0,83,37,65,5.33,8.42,6.1,889.7,1.96,0.285
2010-12-18,12.4,2.3,6.5,88,45,73,2.47,6.63,0.1,895.6,1.22,0.269
2010-12-19,12.7,1.3,5.8,90,42,74,1.98,8.39,0.0,902.2,1.31,0.247
2010-12-20,14.3,0.3,6.5,95,52,78,1.62,8.13,0.0,905.8,1.26,0.232
2010-12-21,13.4,2.6,6.8,99,45,80,1.22,9.05,0.0,907.4,1.2,0.222
2010-12-22,12.4,-0.2,5.5,98,51,81,0.97,9.61,0.0,906.4,1.23,0.215
2010-12-23,9.9,-1.5,3.4,100,52,85,1.1,9.55,0.0,903.2,1.12,0.212
2010-12-24,12.4,-1.1,3.9,96,34,75,1.35,10.23,0.0,901.6,1.33,0.208
2010-12-25,17.6,-2.0,6.2,93,29,71,2.0,9.84,0.0,900.8,1.66,0.202
2010-12-26,17.3,4.5,9.1,95,26,67,2.04,6.66,0.0,902.1,1.5,0.194
2010-12-27,16.6,4.2,10.0,85,24,59,1.29,6.33,0.0,902.7,1.18,0.187
2010-12-28,17.5,3.8,10.2,84,23,52,2.49,8.31,0.0,899.0,2.05,0.18
2010-12-29,16.6,0.2,7.8,87,25,58,1.46,10.14,0.0,898.3,1.62,0.173
2010-12-30,7.9,2.9,4.8,100,70,86,1.99,5.39,4.6,898.5,0.72,0.189
2010-12-31,5.4,2.6,4.0,97,73,84,1.59,3.25,0.2,901.4,0.53,0.226
2011-01-01,5.3,-0.4,2.0,86,56,75,1.18,6.06,0.0,901.6,0.75,0.222
2011-01-02,8.3,-4.7,1.2,91,52,77,1.64,10.04,0.0,899.9,1.15,0.216
2011-01-03,11.7,2.1,6.2,91,47,78,2.97,7.85,0.1,897.9,1.3,0.211
2011-01-04,10.8,3.2,6.5,96,57,84,1.27,6.47,2.6,896.5,0.88,0.223
2011-01-05,9.0,4.5,6.3,98,71,89,1.4,5.8,2.0,899.7,0.77,0.251
2011-01-06,10.3,4.1,6.5,98,50,80,1.13,6.87,0.1,901.7,0.97,0.264
2011-01-07,4.5,1.0,2.5,96,79,88,3.64,4.01,4.0,903.7,0.55,0.259
2011-01-08,4.2,-0.1,2.0,88,55,71,3.4,6.72,0.1,905.9,1.0,0.249
2011-01-09,5.4,-2.4,1.2,85,52,71,1.14,9.84,0.2,906.4,1.11,0.239
2011-01-10,7.2,-1.4,2.2,88,53,74,1.02,10.8,0.1,906.7,1.2,0.233
2011-01-11,6.5,0.3,2.6,90,52,76,1.11,10.78,0.0,906.0,1.18,0.228
2011-01-12,9.1,-2.4,2.8,93,58,78,1.13,10.16,0.0,902.3,1.21,0.223
2011-01-13,9.2,-1.1,4.0,100,46,74,0.97,10.66,0.0,898.9,1.31,0.219
2011-01-14,9.4,-1.8,3.5,90,41,67,1.31,11.67,0.0,897.0,1.48,0.215
2011-01-15,6.3,-1.9,2.4,89,57,74,1.8,7.79,0.0,899.2,1.01,0.211
2011-01-16,6.5,-0.2,2.5,91,52,75,1.33,8.66,0.0,901.1,1.07,0.208
2011-01-17,8.5,-1.1,2.8,86,42,68,2.5,11.8,0.0,903.4,1.54,0.204
2011-01-18,8.8,-2.3,2.6,88,41,69,2.01,10.63,0.0,903.6,1.41,0.2
2011-01-19,7.9,-4.1,0.8,89,41,71,1.18,12.24,0.0,901.6,1.43,0.197
2011-01-20,11.8,-5.2,1.8,83,28,60,1.26,12.48,0.0,900.2,1.65,0.197
2011-01-21,11.1,-4.0,2.4,99,42,74,1.59,10.68,0.0,902.6,1.4,0.2
2011-01-22,11.9,-2.0,3.7,93,40,71,1.89,8.51,0.0,902.3,1.34,0.195
2011-01-23,13.4,-0.1,5.2,91,35,70,2.44,9.78,0.0,902.4,1.68,0.191
2011-01-24,11.1,2.9,6.9,83,49,70,3.08,6.66,0.0,899.9,1.37,0.187
2011-01-25,7.5,4.8,6.3,90,70,79,4.44,4.38,8.6,893.7,0.97,0.218
2011-01-26,7.4,2.3,5.4,94,58,73,1.62,7.55,0.7,892.5,1.1,0.272
2011-01-27,6.9,0.2,3.1,95,51,74,1.58,10.33,0.0,897.9,1.28,0.262
2011-01-28,4.0,-2.8,0.2,99,57,72,1.12,8.27,3.1,900.8,0.96,0.255
2011-01-29,7.3,-0.3,1.5,100,79,93,1.55,6.66,7.2,892.4,0.79,0.267
2011-01-30,1.2,-1.5,-0.1,92,80,87,2.05,6.46,1.1,893.4,0.67,0.271
2011-01-31,1.6,-3.8,-0.9,88,52,74,3.25,10.22,0.0,897.0,1.04,0.26
2011-02-01,0.7,-4.2,-2.3,78,43,65,2.78,9.52,0.0,899.9,1.1,0.249
2011-02-02,1.1,-7.9,-3.6,78,38,60,1.42,14.45,0.0,902.6,1.44,0.243
2011-02-03,4.1,-8.3,-2.2,72,32,53,1.05,12.29,0.0,901.4,1.37,0.241
2011-02-04,5.9,-0.7,2.0,91,51,65,1.18,11.51,3.6,899.6,1.39,0.244
2011-02-05,6.0,-2.4,1.5,93,45,71,0.95,14.55,0.2,904.8,1.6,0.259
2011-02-06,8.3,-6.9,-0.2,97,36,70,1.06,15.0,0.0,904.2,1.7,0.257
2011-02-07,9.2,-5.8,0.8,89,33,64,2.0,14.75,0.0,901.4,1.91,0.253
2011-02-08,10.9,-2.0,3.5,84,37,63,1.84,14.76,0.0,902.7,1.99,0.245
2011-02-09,11.1,-4.3,3.1,90,36,67,1.22,15.2,0.0,897.8,1.98,0.237
2011-02-10,7.5,-1.7,1.9,84,36,62,2.66,14.53,0.0,897.4,1.92,0.23
2011-02-11,4.5,-3.8,-0.0,72,26,50,2.01,15.81,0.0,902.4,1.86,0.222
2011-02-12,13.1,-6.8,1.4,80,22,54,2.28,16.02,0.0,897.5,2.38,0.22
2011-02-13,11.3,-1.4,4.3,94,36,68,1.27,13.98,0.0,898.3,1.91,0.216
2011-02-14,13.1,-2.0,5.4,88,34,64,2.12,15.34,0.3,895.5,2.3,0.212
2011-02-15,9.8,2.8,5.8,95,61,80,1.0,8.35,2.1,890.2,1.19,0.225
2011-02-16,7.1,2.8,5.0,90,56,75,2.11,7.3,0.4,894.3,1.06,0.239
2011-02-17,13.4,0.1,5.7,91,36,65,1.38,13.54,0.0,899.1,1.98,0.235
2011-02-18,16.5,-0.9,7.1,86,32,62,1.76,16.26,0.0,899.4,2.59,0.226
2011-02-19,14.6,3.5,7.4,88,45,70,4.16,10.79,4.1,889.2,1.94,0.23
2011-02-20,8.4,3.5,5.6,95,61,80,2.13,6.67,2.7,887.2,0.95,0.272
2011-02-21,8.0,1.1,4.4,90,55,73,1.63,9.77,0.0,895.9,1.37,0.268
2011-02-22,12.8,0.2,6.3,91,49,72,1.98,9.91,0.0,896.2,1.64,0.258
2011-02-23,14.9,4.7,9.0,95,41,73,1.94,12.93,0.7,896.6,2.1,0.25
2011-02-24,14.4,1.7,7.2,96,47,79,1.94,11.32,3.1,896.9,1.77,0.248
2011-02-25,12.8,4.7,7.7,96,52,79,1.97,13.9,5.8,892.7,1.97,0.291
2011-02-26,8.8,5.1,6.8,91,65,77,2.28,7.89,4.1,892.7,1.19,0.337
2011-02-27,12.6,3.8,7.8,91,48,70,1.25,13.38,0.2,896.1,1.91,0.305
2011-02-28,11.4,4.6,7.2,93,57,79,1.09,10.83,3.2,898.0,1.52,0.307
2011-03-01,12.4,3.8,7.2,94,40,70,1.19,12.64,0.0,903.5,1.94,0.296
2011-03-02,13.7,2.0,7.3,87,44,67,1.03,18.53,0.0,906.7,2.64,0.279
2011-03-03,13.5,1.6,7.4,91,37,65,1.35,17.6,0.0,907.4,2.57,0.265
2011-03-04,15.7,0.6,7.8,92,38,66,1.42,17.02,0.0,904.6,2.64,0.255
2011-03-05,13.4,4.7,8.4,84,31,61,1.44,16.56,0.0,902.8,2.58,0.244
2011-03-06,17.1,5.0,10.2,94,33,65,3.78,16.71,0.3,893.7,3.13,0.234
2011-03-07,9.8,3.8,6.6,93,68,84,2.54,13.12,10.8,890.9,1.6,0.303
2011-03-08,6.5,-0.0,2.5,95,72,87,3.13,11.28,3.8,890.9,1.18,0.332
2011-03-09,1.2,-2.8,-0.9,90,77,84,2.7,15.49,11.5,888.4,1.44,0.324
2011-03-10,1.0,-3.1,-1.3,90,64,76,2.61,11.75,1.6,894.9,1.08,0.306
2011-03-11,3.7,-3.8,-0.4,85,46,67,1.65,15.64,0.0,900.8,1.67,0.296
2011-03-12,6.4,-5.7,0.1,96,43,70,1.37,21.05,0.0,906.5,2.36,0.294
2011-03-13,9.1,-2.6,2.7,85,39,65,1.16,21.32,0.0,910.0,2.62,0.287
2011-03-14,13.3,-3.0,4.6,89,30,62,1.0,21.21,0.0,910.1,2.91,0.28
2011-03-15,17.9,-3.5,6.7,91,9,56,1.13,21.87,0.0,909.6,3.21,0.273
2011-03-16,19.8,-2.4,8.6,91,16,56,1.27,21.46,0.0,907.5,3.43,0.265
2011-03-17,22.9,1.1,11.2,90,17,54,2.11,21.18,0.0,904.3,4.11,0.251
2011-03-18,19.1,7.0,12.1,77,21,50,1.46,9.66,0.1,901.5,2.17,0.239
2011-03-19,19.7,4.0,12.1,83,29,52,2.28,20.82,0.2,898.8,3.87,0.233
2011-03-20,15.5,6.6,10.1,87,35,69,1.65,11.49,1.0,897.9,2.13,0.227
2011-03-21,12.0,7.3,9.0,92,61,78,2.8,11.9,2.2,898.1,1.84,0.254
2011-03-22,8.4,4.6,6.4,84,59,73,4.23,10.29,1.3,902.3,1.63,0.272
2011-03-23,7.9,1.3,4.6,82,43,61,2.92,16.97,0.0,902.5,2.31,0.265
2011-03-24,9.3,-0.3,4.4,81,32,57,3.59,14.17,0.0,901.3,2.24,0.256
2011-03-25,12.0,0.9,6.2,78,25,51,2.88,22.42,0.0,905.3,3.34,0.244
2011-03-26,19.7,-2.6,8.5,85,18,51,2.08,23.69,0.0,904.4,4.07,0.228
2011-03-27,17.8,1.1,9.1,90,19,55,2.36,21.48,0.0,903.4,3.8,0.212
2011-03-28,16.2,4.3,9.9,87,35,64,1.55,20.49,0.1,902.7,3.33,0.201
2011-03-29,19.3,1.5,10.3,98,22,62,2.0,20.5,0.0,902.7,3.7,0.194
2011-03-30,19.2,5.1,11.7,87,26,58,1.85,19.66,0.2,903.5,3.56,0.183
2011-03-31,19.8,4.2,12.7,96,28,60,1.18,19.08,0.0,903.3,3.33,0.174
2011-04-01,22.1,9.0,15.4,72,26,50,1.71,20.91,0.4,902.8,4.04,0.16
2011-04-02,16.4,7.3,12.7,80,36,59,2.71,16.58,2.0,896.0,3.03,0.161
2011-04-03,15.4,6.5,10.3,91,41,68,3.82,16.35,0.7,893.7,2.86,0.165
2011-04-04,15.2,5.1,9.9,92,43,72,1.41,21.05,3.4,893.5,3.24,0.169
2011-04-05,15.3,6.4,10.4,93,37,68,2.4,15.7,0.3,896.1,2.74,0.191
2011-04-06,15.5,6.1,10.7,81,39,62,2.23,19.89,0.3,897.5,3.3,0.188
2011-04-07,16.1,6.8,10.8,86,27,58,2.58,18.19,0.0,898.0,3.28,0.182
2011-04-08,19.6,3.0,11.6,82,23,53,2.74,23.08,0.0,895.9,4.36,0.175
2011-04-09,19.6,6.6,13.4,86,32,57,3.44,20.47,0.0,893.9,4.12,0.165
2011-04-10,17.3,7.7,12.1,88,32,60,3.21,19.6,0.2,892.0,3.63,0.162
2011-04-11,11.7,3.6,7.0,83,39,55,2.25,18.1,3.0,892.0,2.87,0.168
2011-04-12,8.3,1.1,4.8,86,24,45,5.22,22.73,1.9,894.4,3.29,0.197
2011-04-13,16.8,-0.4,8.8,65,27,42,1.54,22.01,0.0,898.9,3.65,0.189
2011-04-14,17.4,2.2,10.4,92,28,55,4.34,22.27,0.0,897.6,4.18,0.177
2011-04-15,19.0,6.2,12.6,75,27,51,3.68,19.01,0.0,897.0,4.04,0.165
2011-04-16,22.3,4.8,13.1,91,26,58,2.34,22.43,1.6,898.4,4.35,0.155
2011-04-17,23.5,6.7,14.2,84,28,61,2.06,22.66,0.4,900.8,4.28,0.153
2011-04-18,23.4,8.9,15.4,93,26,58,3.24,17.59,0.0,896.8,4.19,0.153
2011-04-19,19.4,8.0,13.3,86,15,49,3.7,23.75,0.1,891.0,4.64,0.146
2011-04-20,15.5,4.3,9.7,82,37,63,1.59,18.84,6.1,893.1,3.09,0.15
2011-04-21,12.3,6.0,8.6,94,62,78,3.58,15.66,10.1,897.7,2.3,0.26
2011-04-22,12.6,4.1,8.3,80,47,64,3.25,16.55,1.6,896.4,2.65,0.293
2011-04-23,17.1,4.2,11.3,82,34,58,1.65,21.46,0.0,896.0,3.59,0.265
2011-04-24,13.2,6.7,10.2,90,58,72,1.89,16.39,3.0,898.4,2.48,0.258
2011-04-25,14.5,4.0,9.9,93,41,66,2.72,16.79,0.2,899.2,2.88,0.262
2011-04-26,19.4,4.8,12.3,85,33,57,1.81,26.44,0.0,899.3,4.43,0.244
2011-04-27,22.1,6.9,14.9,78,26,51,1.55,21.63,0.2,899.0,4.19,0.224
2011-04-28,18.5,7.6,12.5,96,39,73,1.77,15.72,6.6,894.4,2.71,0.225
2011-04-29,18.0,9.5,13.6,91,51,75,1.72,21.14,8.1,891.1,3.55,0.317
2011-04-30,18.7,9.0,13.0,98,46,80,1.35,20.43,5.2,893.1,3.4,0.331
2011-05-01,20.7,6.1,13.5,97,34,71,1.71,20.12,0.0,897.1,3.79,0.315
2011-05-02,22.6,11.0,16.9,85,30,56,2.63,25.43,0.3,897.0,5.01,0.278
2011-05-03,24.8,8.8,16.8,85,33,58,2.1,25.87,0.0,897.6,5.18,0.252
2011-05-04,25.0,10.2,17.7,90,27,56,3.48,26.18,0.0,894.9,5.8,0.226
2011-05-05,21.4,9.6,15.4,87,37,60,1.84,21.81,1.2,896.3,4.09,0.212
2011-05-06,16.9,10.8,12.7,90,47,75,3.27,15.1,7.7,898.8,2.72,0.265
2011-05-07,13.2,7.6,10.2,81,42,61,4.41,13.5,0.5,902.0,2.79,0.292
2011-05-08,18.2,2.4,10.8,84,26,52,1.75,28.83,0.0,900.4,4.74,0.265
2011-05-09,21.4,4.8,13.5,75,22,47,1.35,27.1,0.0,899.6,4.87,0.238
2011-05-10,21.2,7.7,14.5,75,34,55,1.56,26.11,0.0,899.3,4.63,0.217
2011-05-11,22.9,9.7,16.2,83,15,47,2.52,27.5,0.3,895.9,5.57,0.199
2011-05-12,17.2,9.9,13.7,76,37,54,3.41,20.69,2.5,892.0,3.88,0.194
2011-05-13,13.3,9.2,11.3,84,61,73,1.65,14.52,8.4,894.6,2.39,0.24
2011-05-14,16.5,9.4,11.7,85,50,74,3.42,14.77,4.1,898.0,2.53,0.322
2011-05-15,17.5,8.8,12.9,85,40,65,2.53,22.7,0.9,900.5,3.82,0.31
2011-05-16,21.6,6.4,14.8,91,29,57,1.61,27.23,0.1,903.1,4.85,0.276
2011-05-17,24.5,7.4,16.3,89,23,55,1.61,27.32,1.6,903.6,5.24,0.249
2011-05-18,21.0,9.4,15.0,88,40,68,1.34,18.84,2.8,902.3,3.47,0.245
2011-05-19,21.7,7.2,14.3,95,40,71,1.54,22.29,3.2,901.0,3.98,0.265
2011-05-20,20.8,7.5,14.3,88,32,62,1.28,26.13,1.3,900.4,4.61,0.264
2011-05-21,20.8,9.0,15.1,93,37,63,1.85,15.6,0.2,900.9,3.11,0.253
2011-05-22,20.5,10.8,15.6,78,31,55,2.35,14.8,0.0,901.9,3.32,0.238
2011-05-23,23.6,9.2,16.4,79,26,53,2.75,28.23,0.0,903.5,5.55,0.219
2011-05-24,25.4,10.3,18.1,75,20,48,2.31,27.82,0.0,904.2,5.73,0.195
2011-05-25,25.7,10.8,18.9,77,21,48,1.9,27.43,0.1,902.9,5.63,0.175
2011-05-26,25.4,12.6,19.1,85,32,57,1.61,24.21,0.0,902.8,4.96,0.164
2011-05-27,24.4,14.6,19.1,84,37,63,1.42,24.34,3.1,901.5,4.69,0.164
2011-05-28,23.7,13.3,18.1,86,33,61,2.74,23.55,0.9,897.6,4.77,0.18
2011-05-29,22.4,11.4,17.0,93,36,63,2.52,20.9,0.3,897.7,4.28,0.175
2011-05-30,23.9,11.4,17.9,90,32,60,1.98,24.39,0.0,900.9,4.89,0.166
2011-05-31,27.0,11.3,19.4,87,27,54,1.64,28.0,0.4,901.9,5.65,0.155
2011-06-01,26.9,12.0,19.3,87,23,55,1.71,27.09,0.7,900.3,5.5,0.148
2011-06-02,25.6,12.8,19.6,83,31,55,1.83,23.36,0.0,900.3,4.93,0.139
2011-06-03,27.1,12.8,20.6,83,27,50,1.91,22.68,0.0,901.3,5.13,0.135
2011-06-04,27.5,13.4,21.0,73,25,47,1.59,24.31,0.0,901.3,5.3,0.131
2011-06-05,27.2,14.1,20.4,84,30,58,2.31,22.66,2.2,900.0,5.05,0.134
2011-06-06,28.3,13.8,21.4,88,15,47,2.25,28.17,0.0,900.5,6.23,0.152
2011-06-07,30.0,13.8,22.6,66,17,38,1.95,26.46,0.0,900.9,6.22,0.139
2011-06-08,30.4,14.8,23.3,69,21,41,1.99,26.5,0.2,901.9,6.27,0.131
2011-06-09,32.7,15.6,24.3,69,19,41,2.54,28.06,1.2,901.3,6.98,0.13
2011-06-10,29.8,16.3,23.0,81,21,45,3.13,25.62,0.0,895.1,6.53,0.132
2011-06-11,25.0,13.7,20.0,77,30,47,2.62,25.29,0.1,893.3,5.62,0.133
2011-06-12,26.0,16.2,20.2,64,29,50,1.22,23.08,2.2,895.8,4.71,0.138
2011-06-13,19.7,14.2,16.8,87,56,70,1.75,16.7,4.8,895.2,3.1,0.17
2011-06-14,22.7,13.6,17.7,91,44,69,2.2,20.76,0.1,898.0,4.01,0.219
2011-06-15,25.5,13.6,19.9,81,34,57,1.11,24.84,0.0,901.1,4.84,0.202
2011-06-16,27.6,14.3,21.6,87,27,52,1.83,27.83,0.0,901.4,6.0,0.181
2011-06-17,27.4,13.5,20.2,85,30,59,1.55,24.89,2.6,900.8,5.05,0.17
2011-06-18,25.8,13.3,19.5,91,40,63,1.9,21.92,2.3,900.1,4.48,0.2
2011-06-19,26.6,14.0,20.5,87,32,58,2.12,23.9,0.0,899.6,5.12,0.189
2011-06-20,30.8,13.9,22.9,87,14,47,1.8,30.29,0.0,900.3,6.46,0.17
2011-06-21,31.0,16.5,24.3,67,19,39,2.77,30.32,0.0,903.3,7.3,0.15
2011-06-22,29.3,18.4,23.8,62,14,36,3.88,30.25,0.0,904.4,7.72,0.132
2011-06-23,28.9,14.6,21.9,60,12,32,3.91,31.41,0.0,902.5,7.8,0.123
2011-06-24,30.4,15.1,22.3,57,8,31,3.2,31.43,0.0,900.4,7.55,0.119
2011-06-25,34.0,13.8,24.5,37,4,23,1.71,31.33,0.0,896.9,7.1,0.118
2011-06-26,28.5,16.6,22.3,60,28,42,3.25,25.0,0.0,894.7,6.37,0.116
2011-06-27,18.9,13.6,16.3,55,30,41,3.55,13.14,0.0,896.9,3.81,0.116
2011-06-28,25.8,11.2,18.0,58,16,37,1.96,25.65,0.0,895.3,5.27,0.115
2011-06-29,28.5,12.9,21.1,55,19,33,2.35,27.73,0.0,894.8,6.47,0.115
2011-06-30,28.8,13.1,21.3,78,16,42,1.37,26.01,0.0,898.1,5.34,0.114
2011-07-01,30.2,13.9,22.7,73,17,38,1.69,27.19,0.0,897.6,6.16,0.116
2011-07-02,30.2,15.9,23.2,76,22,44,2.11,27.99,0.0,898.0,6.44,0.116
2011-07-03,32.1,14.8,23.9,66,19,40,1.59,30.26,0.0,899.3,6.61,0.115
2011-07-04,32.3,16.3,25.0,80,20,45,1.85,29.46,0.0,897.5,6.77,0.115
2011-07-05,31.1,18.4,24.9,58,19,37,2.27,30.06,0.0,899.5,6.92,0.113
2011-07-06,32.3,17.7,25.6,50,21,33,2.16,29.05,0.2,897.5,7.07,0.111
2011-07-07,32.6,17.6,25.7,71,21,41,2.08,28.57,0.4,899.1,6.77,0.109
2011-07-08,33.2,19.3,26.6,54,17,34,2.64,29.73,0.0,903.0,7.42,0.109
2011-07-09,33.3,19.0,26.8,45,16,30,2.93,30.29,0.0,904.3,7.88,0.11
2011-07-10,32.6,19.3,26.1,53,11,29,3.98,30.49,0.0,902.4,8.42,0.11
2011-07-11,30.9,18.2,24.7,57,13,32,3.95,30.51,0.0,899.9,8.06,0.109
2011-07-12,29.8,17.1,23.7,62,18,36,3.39,30.37,0.0,898.1,7.42,0.11
2011-07-13,30.3,17.8,24.5,65,22,39,2.58,28.76,0.0,898.1,6.76,0.111
2011-07-14,32.4,18.5,26.0,50,21,34,2.14,24.85,0.0,899.4,6.3,0.113
2011-07-15,31.8,19.6,26.3,45,24,34,2.37,24.49,0.0,900.4,6.43,0.113
2011-07-16,31.9,19.3,25.8,52,19,35,3.36,28.57,0.0,899.3,7.57,0.111
2011-07-17,31.3,20.0,25.5,55,24,38,3.47,27.8,0.0,897.3,7.23,0.11
2011-07-18,34.1,17.9,26.7,56,14,33,1.83,29.21,0.0,894.5,7.04,0.111
2011-07-19,33.0,19.8,26.9,47,18,31,2.63,29.14,0.0,896.4,7.42,0.11
2011-07-20,33.8,19.1,27.2,49,18,33,1.97,27.33,0.0,896.3,6.71,0.11
2011-07-21,36.3,18.5,27.8,61,15,33,2.93,28.94,0.0,893.8,8.08,0.116
2011-07-22,34.5,19.3,27.5,59,18,35,1.72,28.3,0.0,895.0,6.73,0.107
2011-07-23,31.3,21.5,26.8,59,29,39,3.26,22.63,0.0,897.2,6.44,0.106
2011-07-24,34.2,17.5,26.4,61,17,35,1.44,28.72,0.0,896.6,6.43,0.108
2011-07-25,34.8,17.8,26.7,70,14,36,2.59,29.75,0.0,895.6,7.6,0.111
2011-07-26,35.0,15.1,25.9,74,14,38,2.08,29.67,0.0,901.8,7.08,0.108
2011-07-27,35.5,17.3,27.5,77,13,37,1.99,29.21,0.0,904.3,7.09,0.108
2011-07-28,36.2,21.2,28.6,46,14,29,3.3,28.94,0.0,901.4,8.22,0.108
2011-07-29,37.0,20.2,28.8,60,18,35,1.7,28.81,0.0,896.6,6.83,0.11
2011-07-30,37.6,19.9,29.5,61,12,33,1.66,28.95,0.0,896.1,7.1,0.109
2011-07-31,36.4,20.8,29.1,57,18,37,1.85,28.07,0.0,897.5,6.82,0.108
2011-08-01,37.4,22.6,30.4,55,19,34,1.8,25.75,0.0,896.6,6.65,0.107
2011-08-02,35.9,22.4,29.4,65,17,39,1.85,27.99,0.0,897.1,6.96,0.105
2011-08-03,31.0,22.7,27.1,61,33,44,3.58,22.38,0.0,899.1,6.46,0.106
2011-08-04,30.9,20.4,25.9,57,22,39,3.87,26.31,0.0,899.5,7.14,0.108
2011-08-05,31.5,18.8,25.2,59,22,37,2.93,28.35,0.0,900.1,7.06,0.108
2011-08-06,31.5,18.0,24.9,46,19,33,2.99,28.37,0.0,899.2,7.22,0.108
2011-08-07,31.7,17.6,24.8,44,22,33,2.84,27.98,0.0,899.7,7.0,0.11
2011-08-08,32.7,17.5,25.4,46,12,29,2.8,28.58,0.0,900.5,7.32,0.11
2011-08-09,34.0,15.8,25.8,40,9,23,2.44,28.83,0.0,898.7,7.33,0.11
2011-08-10,34.4,16.3,26.1,36,9,23,2.16,28.69,0.0,895.8,7.04,0.113
2011-08-11,35.3,16.0,26.1,45,13,27,2.13,26.94,0.0,893.0,6.85,0.121
2011-08-12,27.1,17.1,21.5,63,26,45,3.26,18.65,0.0,894.5,4.99,0.121
2011-08-13,27.3,16.4,21.8,69,26,45,2.66,17.73,0.0,895.2,4.65,0.118
2011-08-14,30.8,15.7,23.7,61,15,40,1.96,25.55,0.0,897.1,5.9,0.117
2011-08-15,32.4,17.3,25.4,54,18,34,1.76,22.19,0.0,899.4,5.55,0.114
2011-08-16,32.5,18.1,25.8,50,19,33,2.34,25.34,0.0,899.4,6.48,0.114
2011-08-17,32.3,18.6,25.9,42,17,29,2.53,25.59,0.0,900.0,6.74,0.114
2011-08-18,30.0,18.1,24.3,46,21,32,3.4,26.89,0.0,901.0,7.04,0.113
2011-08-19,28.1,18.9,23.6,57,22,37,4.02,25.52,0.0,900.9,6.77,0.111
2011-08-20,28.7,17.8,23.0,67,26,43,3.6,23.76,0.0,900.7,6.03,0.109
2011-08-21,29.2,16.1,22.6,61,18,39,2.88,26.78,0.0,901.8,6.39,0.108
2011-08-22,30.0,15.5,22.8,50,16,33,2.94,26.92,0.0,902.8,6.63,0.109
2011-08-23,30.6,15.8,23.1,41,15,30,2.9,26.76,0.0,903.2,6.76,0.11
2011-08-24,29.5,15.6,22.4,44,16,31,3.25,26.46,0.0,902.0,6.74,0.11
2011-08-25,28.5,15.6,21.8,53,14,32,3.6,26.55,0.0,900.9,6.78,0.111
2011-08-26,28.1,14.9,21.5,52,17,33,3.11,26.4,0.0,902.0,6.4,0.111
2011-08-27,29.3,14.9,21.9,59,19,38,2.46,25.97,0.0,901.9,6.02,0.112
2011-08-28,29.6,12.9,21.5,50,16,33,2.3,26.05,0.0,900.0,6.07,0.113
2011-08-29,33.5,13.5,23.6,47,15,32,1.98,25.6,0.0,898.1,6.07,0.112
2011-08-30,31.0,16.4,23.7,77,18,45,2.57,21.78,0.0,897.6,5.52,0.107
2011-08-31,30.5,14.6,22.9,79,17,44,1.37,23.86,0.0,899.0,5.13,0.106
2011-09-01,28.9,14.2,21.8,40,10,26,2.45,24.87,0.0,900.0,6.08,0.107
2011-09-02,28.0,15.4,21.7,46,19,32,3.55,24.69,0.0,898.7,6.39,0.107
2011-09-03,27.7,15.5,21.5,61,25,40,3.08,23.48,0.0,898.7,5.74,0.108
2011-09-04,27.8,15.0,21.1,64,17,39,3.36,24.43,0.0,901.4,6.06,0.107
2011-09-05,28.4,13.7,21.0,46,17,32,2.78,24.48,0.0,903.7,5.95,0.108
2011-09-06,29.3,12.2,21.1,45,17,30,2.16,24.43,0.0,902.0,5.69,0.109
2011-09-07,29.0,12.8,21.3,44,18,30,2.07,24.09,0.0,898.2,5.61,0.11
2011-09-08,31.1,12.3,21.9,49,16,31,1.39,22.81,0.0,895.6,5.04,0.113
2011-09-09,32.0,12.7,23.0,72,12,35,1.53,22.11,0.0,897.5,5.12,0.117
2011-09-10,29.5,15.2,23.1,45,19,30,2.22,23.2,0.0,903.7,5.66,0.117
2011-09-11,29.5,14.3,22.3,52,21,35,2.19,22.94,0.0,903.5,5.47,0.117
2011-09-12,28.8,13.4,21.1,61,14,35,2.48,23.25,0.0,901.3,5.58,0.117
2011-09-13,29.1,12.1,20.6,43,12,27,2.55,23.4,0.0,900.5,5.79,0.12
2011-09-14,29.5,12.5,20.9,40,12,25,2.75,23.07,0.0,901.0,5.9,0.119
2011-09-15,30.0,10.9,20.9,42,13,26,1.83,23.03,0.0,900.4,5.27,0.122
2011-09-16,29.8,11.5,21.0,43,14,28,2.08,22.77,0.0,901.0,5.44,0.12
2011-09-17,27.8,13.5,20.6,56,18,36,3.04,22.37,0.0,901.7,5.58,0.116
2011-09-18,28.2,13.0,20.5,55,22,38,2.32,21.79,0.0,900.0,5.08,0.112
2011-09-19,28.6,13.3,21.4,54,22,37,1.82,19.91,0.0,899.8,4.61,0.112
2011-09-20,29.5,12.3,21.4,62,17,35,1.42,21.66,0.0,901.9,4.65,0.115
2011-09-21,31.5,12.2,21.8,59,14,33,1.23,21.17,0.0,900.5,4.51,0.122
2011-09-22,26.4,14.1,19.0,82,25,53,2.91,14.38,0.7,895.5,3.79,0.129
2011-09-23,21.9,13.5,17.8,80,44,60,1.79,15.1,0.4,895.2,3.13,0.141
2011-09-24,24.0,14.9,18.8,76,32,55,2.82,11.8,0.0,898.7,3.26,0.139
2011-09-25,24.6,11.1,17.7,52,19,36,3.09,20.77,0.0,903.5,4.97,0.134
2011-09-26,24.3,11.2,17.5,58,26,41,2.64,20.41,0.0,905.3,4.6,0.124
2011-09-27,24.3,9.8,16.9,70,28,47,2.31,20.32,0.0,906.4,4.31,0.118
2011-09-28,25.2,9.4,17.4,64,28,46,2.03,19.59,0.0,904.9,4.14,0.115
2011-09-29,24.9,11.9,18.1,59,16,38,2.36,19.04,0.0,902.5,4.43,0.111
2011-09-30,20.5,10.2,15.4,48,32,38,3.36,16.26,0.0,901.0,4.08,0.106
2011-10-01,17.9,7.7,13.9,69,25,42,3.36,19.18,0.0,904.0,3.96,0.105
2011-10-02,21.7,2.6,12.3,63,12,37,1.55,20.22,0.0,902.0,3.78,0.107
2011-10-03,22.1,6.7,14.5,46,26,34,2.04,19.61,0.0,903.8,4.04,0.107
2011-10-04,23.0,5.8,14.7,67,18,39,1.54,19.69,0.0,905.1,3.78,0.107
2011-10-05,24.1,5.4,15.2,51,12,29,1.35,19.31,0.0,904.3,3.8,0.111
2011-10-06,25.3,7.8,16.4,36,12,25,1.36,18.86,0.0,904.2,3.84,0.118
2011-10-07,27.1,5.9,16.3,80,16,43,1.95,18.03,0.0,901.8,4.06,0.118
2011-10-08,25.4,9.0,17.0,87,21,53,2.31,15.77,0.0,900.4,3.82,0.11
2011-10-09,26.9,10.7,18.3,81,28,54,4.45,13.0,0.0,900.8,4.33,0.108
2011-10-10,22.7,16.2,18.7,89,52,71,3.43,7.65,18.1,900.0,2.3,0.249
2011-10-11,23.3,16.0,20.2,70,42,51,4.86,14.67,0.7,897.3,4.38,0.279
2011-10-12,20.9,11.2,16.7,84,28,56,2.93,15.4,0.0,897.3,3.46,0.252
2011-10-13,18.5,9.4,13.7,84,42,64,1.2,9.73,0.0,901.1,1.93,0.234
2011-10-14,21.5,8.3,14.4,78,33,57,1.11,14.99,0.0,902.7,2.79,0.222
2011-10-15,22.0,7.3,14.4,83,31,57,1.34,16.62,0.0,902.7,2.95,0.209
2011-10-16,21.7,8.9,14.6,88,28,60,2.26,14.73,0.0,897.9,3.12,0.199
2011-10-17,19.4,7.8,13.3,92,34,62,3.63,12.33,0.0,897.0,3.12,0.19
2011-10-18,18.7,7.1,13.7,61,25,48,3.85,14.86,0.0,899.3,3.59,0.181
2011-10-19,13.1,3.1,7.6,62,26,46,1.59,16.99,0.0,906.9,2.63,0.175
2011-10-20,15.8,-0.4,7.7,75,18,43,1.36,17.15,0.0,906.2,2.75,0.176
2011-10-21,17.9,0.2,8.6,65,18,43,1.19,16.91,0.0,904.8,2.77,0.176
2011-10-22,18.4,2.1,9.8,72,22,46,1.66,14.16,0.0,903.0,2.65,0.172
2011-10-23,18.4,2.5,9.8,72,26,51,1.92,15.69,0.0,902.4,2.84,0.166
2011-10-24,17.5,5.4,10.8,79,34,58,1.53,12.51,0.0,901.6,2.27,0.159
2011-10-25,19.1,5.9,11.7,82,26,55,2.01,15.49,0.0,901.8,2.89,0.153
2011-10-26,16.4,3.9,10.4,77,40,55,2.53,15.04,0.0,901.5,2.78,0.145
2011-10-27,12.9,4.1,8.1,75,28,51,3.33,15.17,0.0,904.3,2.69,0.135
2011-10-28,12.2,1.0,6.6,72,40,56,2.73,15.36,0.0,907.0,2.37,0.13
2011-10-29,11.9,2.6,6.8,81,39,61,2.66,10.67,0.0,904.7,1.83,0.124
2011-10-30,10.6,0.9,6.0,80,44,60,2.85,9.25,0.0,903.1,1.74,0.12
2011-10-31,12.1,1.7,6.3,79,37,58,1.97,11.35,0.0,903.3,1.81,0.118
2011-11-01,16.6,-2.2,6.0,84,22,54,1.05,14.99,0.0,902.1,2.16,0.123
2011-11-02,16.7,-1.2,7.2,84,23,52,1.45,14.52,0.0,899.2,2.41,0.124
2011-11-03,9.9,3.8,6.6,86,44,61,2.94,9.33,1.7,897.9,1.69,0.125
2011-11-04,8.3,3.2,5.7,91,65,78,4.89,5.98,5.3,900.2,1.16,0.179
2011-11-05,11.2,2.4,6.8,78,43,64,3.66,8.72,0.0,903.5,1.7,0.193
2011-11-06,14.1,-0.8,6.2,84,33,58,1.72,14.01,0.0,906.1,2.12,0.188
2011-11-07,14.2,0.9,6.6,77,38,60,2.14,13.82,0.0,908.2,2.19,0.181
2011-11-08,12.5,-1.2,5.1,89,23,57,1.41,13.75,0.0,909.7,1.96,0.177
2011-11-09,17.2,-4.2,5.2,80,13,47,1.3,13.84,0.0,904.1,2.15,0.174
2011-11-10,16.2,-1.4,7.2,87,29,58,1.43,12.55,0.0,899.1,2.07,0.166
2011-11-11,12.0,6.0,8.5,76,55,67,1.67,9.57,0.1,902.2,1.53,0.16
2011-11-12,7.1,-0.8,3.7,68,31,54,3.14,11.1,0.1,906.8,1.75,0.161
2011-11-13,4.9,-2.9,0.8,72,40,56,2.04,9.1,0.0,905.3,1.26,0.158
2011-11-14,3.5,-0.2,1.7,79,52,63,2.12,7.2,2.3,900.8,1.06,0.154
2011-11-15,4.6,0.8,2.6,90,74,83,1.38,4.87,6.1,895.9,0.66,0.163
2011-11-16,7.8,1.6,4.7,92,63,78,1.23,7.71,0.0,898.6,1.08,0.183
2011-11-17,5.8,2.5,4.3,96,78,84,1.92,2.83,2.1,900.8,0.48,0.209
2011-11-18,7.9,3.3,5.5,89,59,75,2.36,6.26,0.0,901.8,1.02,0.216
2011-11-19,7.7,1.4,4.3,87,51,70,2.69,9.0,0.0,902.1,1.3,0.213
2011-11-20,6.8,-1.4,3.0,85,57,72,1.99,8.9,0.0,904.2,1.16,0.209
2011-11-21,7.5,-0.6,2.6,85,49,71,0.89,11.16,0.0,905.9,1.28,0.207
2011-11-22,12.3,-5.2,2.1,91,35,68,1.0,12.11,0.0,904.3,1.52,0.207
2011-11-23,10.7,-4.5,1.8,91,38,69,1.46,11.25,0.0,905.3,1.49,0.204
2011-11-24,7.4,-3.5,1.1,82,43,66,2.37,11.84,0.0,907.5,1.5,0.199
2011-11-25,6.0,-5.9,-0.4,85,22,57,2.02,11.92,0.0,907.2,1.44,0.195
2011-11-26,7.0,-8.3,-2.2,65,15,45,0.85,12.09,0.0,903.8,1.35,0.193
2011-11-27,6.9,-9.0,-2.0,64,20,43,0.96,11.98,0.0,902.9,1.38,0.193
2011-11-28,7.7,-7.7,-1.3,50,15,37,0.94,11.48,0.0,903.6,1.4,0.192
2011-11-29,8.7,-4.8,0.7,72,22,42,1.54,11.27,0.0,907.5,1.56,0.191
2011-11-30,8.2,-6.1,-0.2,80,29,58,1.09,11.55,0.0,906.2,1.3,0.19
2011-12-01,9.3,-7.1,-0.4,65,18,43,1.23,11.37,0.0,905.1,1.49,0.19
2011-12-02,10.8,-7.2,0.0,63,10,41,1.39,11.33,0.0,904.2,1.6,0.19
2011-12-03,10.2,-8.0,-0.6,63,18,42,1.07,11.43,0.0,905.6,1.46,0.19
2011-12-04,12.1,-7.9,0.3,80,14,48,1.3,11.16,0.0,905.1,1.56,0.189
2011-12-05,12.2,-6.6,0.9,79,28,58,1.29,10.68,0.0,902.9,1.44,0.188
2011-12-06,12.9,-6.8,1.3,88,26,62,1.6,10.67,0.0,901.6,1.55,0.185
2011-12-07,14.9,-1.2,5.9,86,36,69,2.54,7.85,0.0,901.0,1.55,0.182
2011-12-08,8.5,3.9,6.7,88,72,82,2.66,5.01,3.5,895.8,0.87,0.209
2011-12-09,3.4,-1.7,1.2,92,59,76,3.69,6.39,1.6,901.1,0.92,0.228
2011-12-10,4.9,-4.0,-0.6,81,42,67,1.63,10.59,0.0,908.6,1.22,0.225
2011-12-11,9.8,-6.2,0.2,85,29,61,1.21,10.36,0.0,907.3,1.27,0.227
2011-12-12,10.2,-4.5,1.4,86,27,60,1.11,10.21,0.0,907.7,1.3,0.227
2011-12-13,10.2,-4.6,2.0,74,35,58,1.04,9.58,0.0,905.1,1.25,0.228
2011-12-14,11.3,-3.2,3.2,94,42,71,1.03,10.21,0.0,903.9,1.28,0.227
2011-12-15,11.0,-3.2,2.6,89,48,74,1.27,10.24,0.0,905.3,1.27,0.225
2011-12-16,11.9,-4.9,2.6,92,42,73,2.26,8.73,0.7,899.0,1.32,0.224
2011-12-17,11.5,-0.0,4.3,95,39,73,2.4,8.42,1.3,897.8,1.29,0.253
2011-12-18,14.3,4.3,8.5,85,51,70,3.24,6.15,0.0,901.6,1.4,0.246
2011-12-19,15.0,3.0,7.4,93,42,74,2.31,8.35,0.0,904.9,1.42,0.237
2011-12-20,16.1,1.3,8.7,82,34,60,3.17,8.4,0.0,899.1,2.05,0.227
2011-12-21,14.8,4.6,9.6,77,32,59,3.11,7.79,0.0,899.3,1.88,0.222
2011-12-22,13.1,1.9,6.7,89,40,70,2.81,8.21,1.8,898.4,1.54,0.22
2011-12-23,6.9,3.9,5.6,91,81,88,3.2,3.48,11.1,892.5,0.53,0.275
2011-12-24,4.8,1.5,2.8,96,66,82,2.13,5.37,0.4,892.6,0.69,0.324
2011-12-25,1.7,-0.3,0.9,86,69,77,3.8,4.18,3.0,899.1,0.68,0.295
2011-12-26,3.1,-1.3,1.2,89,61,74,1.9,6.04,0.0,909.5,0.77,0.281
2011-12-27,3.0,-1.7,1.1,80,60,71,1.13,9.27,0.0,913.9,0.93,0.276
2011-12-28,0.3,-2.7,-1.5,88,63,78,0.75,9.55,0.0,910.9,0.83,0.27
2011-12-29,1.5,-5.6,-2.8,87,51,74,0.93,10.69,0.0,905.5,0.94,0.268
2011-12-30,7.2,-6.9,-0.6,94,41,70,1.82,9.03,0.0,898.6,1.17,0.266
2011-12-31,9.1,-0.5,3.5,91,56,76,2.45,7.13,3.3,895.5,1.06,0.281
2012-01-01,8.1,3.2,4.9,92,67,85,2.87,5.32,8.5,893.4,0.77,0.324
2012-01-02,4.5,1.8,3.3,90,69,80,2.3,3.37,0.7,903.6,0.59,0.34
2012-01-03,7.3,-1.7,1.8,97,54,80,0.84,10.16,0.0,907.3,1.1,0.316
2012-01-04,7.3,-4.9,-0.3,94,47,78,0.85,11.01,0.0,904.5,1.15,0.306
2012-01-05,9.0,-6.0,0.1,93,38,72,1.76,9.81,0.0,897.3,1.25,0.304
2012-01-06,10.6,-1.2,4.0,93,50,76,3.28,8.03,0.0,892.9,1.34,0.297
2012-01-07,11.1,5.4,7.8,83,48,71,6.05,6.49,1.5,892.7,1.68,0.303
2012-01-08,9.6,3.8,6.2,89,50,73,3.17,8.08,4.3,891.0,1.31,0.334
2012-01-09,8.8,1.8,5.2,93,35,67,3.19,9.91,0.4,893.3,1.57,0.325
2012-01-10,7.0,0.4,3.8,92,70,83,2.5,3.84,2.9,895.8,0.66,0.322
2012-01-11,9.1,2.9,5.1,94,54,81,3.12,7.16,4.6,894.5,1.07,0.329
2012-01-12,4.9,-1.1,1.6,97,61,85,1.37,5.85,0.0,899.2,0.73,0.334
2012-01-13,5.1,-2.7,2.0,90,57,77,1.22,6.72,0.3,899.2,0.83,0.321
2012-01-14,8.7,-5.7,0.7,92,45,72,2.26,11.11,0.0,896.5,1.4,0.312
2012-01-15,8.8,1.0,5.5,86,58,73,3.0,7.61,0.1,892.5,1.23,0.306
2012-01-16,5.2,-4.4,-0.6,95,78,85,2.24,5.33,5.6,893.4,0.5,0.315
2012-01-17,-4.1,-9.8,-6.8,98,73,84,1.48,10.43,0.0,900.0,0.7,0.311
2012-01-18,-5.8,-11.7,-9.0,92,66,80,1.5,12.6,0.0,904.4,0.76,0.31
2012-01-19,-4.4,-10.9,-8.6,74,43,61,1.98,12.0,0.0,907.1,0.89,0.309
2012-01-20,0.4,-12.6,-6.6,79,28,55,1.6,12.37,0.0,903.8,1.15,0.306
2012-01-21,5.7,-4.1,0.9,87,49,65,2.82,6.84,0.0,898.3,1.07,0.308
2012-01-22,4.1,-2.2,1.2,97,77,87,2.78,6.78,13.1,892.2,0.73,0.34
2012-01-23,0.6,-12.4,-6.2,100,74,89,1.4,12.74,0.0,899.4,0.94,0.332
2012-01-24,1.7,-17.6,-7.7,100,69,85,1.51,12.3,0.4,898.3,1.0,0.321
2012-01-25,4.5,0.6,2.8,97,86,91,2.45,7.28,9.3,891.4,0.73,0.354
2012-01-26,6.0,1.3,3.9,94,80,87,2.72,6.58,6.7,889.9,0.79,0.373
2012-01-27,2.8,-1.7,0.2,94,69,83,2.42,8.92,1.7,892.8,0.91,0.374
2012-01-28,1.8,-1.9,-0.1,84,67,75,1.54,7.21,0.0,903.8,0.82,0.357
2012-01-29,1.8,-3.2,-0.8,94,57,78,1.15,12.24,0.0,902.1,1.17,0.35
2012-01-30,-0.8,-3.5,-2.3,92,78,85,1.61,5.52,2.6,898.4,0.52,0.345
2012-01-31,-2.8,-7.4,-5.1,86,74,80,2.37,8.11,0.0,895.4,0.63,0.338
2012-02-01,-4.7,-17.2,-10.7,84,63,75,2.91,13.94,0.0,898.4,0.87,0.332
2012-02-02,-4.3,-19.9,-12.5,85,56,70,1.49,14.41,0.0,901.8,0.97,0.328
2012-02-03,4.5,-13.4,-5.2,97,65,78,1.63,13.9,0.0,906.0,1.27,0.335
2012-02-04,4.7,-9.3,-3.6,99,65,88,1.16,13.15,0.0,908.2,1.26,0.348
2012-02-05,7.2,-10.6,-3.4,98,41,79,1.33,14.55,0.0,905.0,1.5,0.352
2012-02-06,6.3,-10.2,-2.0,93,40,66,1.35,12.99,0.0,899.2,1.53,0.355
2012-02-07,5.7,-1.1,3.0,92,57,82,3.3,8.29,12.7,889.9,1.06,0.378
2012-02-08,7.8,-0.9,2.8,95,61,83,1.38,13.65,0.2,894.5,1.52,0.379
2012-02-09,6.9,-1.0,1.7,97,58,86,1.67,10.34,2.8,893.5,1.19,0.375
2012-02-10,2.4,-1.6,-0.2,94,59,79,1.74,8.96,0.2,900.8,1.0,0.367
2012-02-11,3.2,-4.4,-0.4,86,52,71,1.09,14.04,0.0,908.5,1.42,0.358
2012-02-12,5.9,-7.3,-1.0,89,42,70,0.91,13.67,0.0,905.1,1.52,0.353
2012-02-13,8.2,-5.8,0.3,87,38,66,1.28,15.78,0.0,899.2,1.86,0.349
2012-02-14,10.9,-3.2,3.5,84,47,68,2.85,13.89,0.0,896.0,1.94,0.345
2012-02-15,9.4,1.3,5.1,96,54,75,3.04,12.01,7.5,890.7,1.63,0.348
2012-02-16,5.3,-4.9,-0.0,99,47,77,2.06,15.49,0.4,887.3,1.6,0.359
2012-02-17,1.3,-3.6,-1.0,93,74,82,3.93,11.83,7.6,882.0,0.96,0.345
2012-02-18,-1.9,-8.1,-5.1,80,61,70,3.8,14.97,1.3,894.6,1.26,0.338
2012-02-19,-1.3,-9.2,-5.4,80,53,70,1.35,16.64,0.0,903.6,1.42,0.334
2012-02-20,-0.6,-10.5,-5.7,84,55,69,0.97,17.91,0.0,911.2,1.51,0.33
2012-02-21,3.0,-8.6,-3.4,81,46,66,0.99,17.43,0.0,910.2,1.7,0.333
2012-02-22,5.0,-7.1,-1.3,78,38,60,1.46,17.41,0.0,908.3,1.89,0.336
2012-02-23,5.3,-3.6,0.5,84,44,65,1.22,15.47,0.0,903.8,1.75,0.336
2012-02-24,7.9,-7.3,-0.3,92,37,67,1.43,17.97,0.0,896.6,2.13,0.335
2012-02-25,9.1,-2.4,2.9,79,38,61,1.57,16.32,0.0,896.0,2.14,0.329
2012-02-26,12.4,0.6,5.7,79,31,61,1.96,15.06,0.0,894.4,2.34,0.322
2012-02-27,10.3,2.5,6.3,85,48,71,3.24,11.85,0.7,890.4,1.8,0.323
2012-02-28,5.9,-2.2,3.8,98,72,83,3.22,7.03,7.5,884.8,0.95,0.353
2012-02-29,-1.9,-4.9,-3.6,78,62,72,4.66,11.19,4.4,881.6,1.01,0.355
2012-03-01,-0.3,-5.0,-3.0,75,55,65,4.72,12.4,0.5,890.2,1.28,0.34
2012-03-02,2.4,-3.4,-0.9,80,46,64,3.51,13.2,0.4,896.9,1.43,0.332
2012-03-03,8.8,-4.6,1.2,80,40,64,2.62,17.63,0.9,896.5,2.2,0.325
2012-03-04,4.3,-2.5,0.9,89,35,56,2.75,18.86,1.8,899.4,2.1,0.321
2012-03-05,8.3,-5.8,1.3,73,22,51,2.1,18.45,0.1,901.8,2.41,0.314
2012-03-06,8.5,1.6,4.2,94,59,74,2.01,11.91,1.4,899.9,1.53,0.316
2012-03-07,10.6,0.8,5.6,95,52,78,1.38,12.94,0.4,904.4,1.79,0.319
2012-03-08,13.0,0.9,6.3,98,39,75,1.53,16.38,0.3,904.7,2.35,0.315
2012-03-09,14.5,-1.9,6.2,96,42,72,2.25,17.2,0.1,906.9,2.62,0.308
2012-03-10,11.3,3.7,6.9,85,41,65,1.71,14.65,0.0,908.3,2.13,0.301
2012-03-11,10.0,-0.4,5.2,77,41,57,1.42,13.4,0.2,900.3,1.98,0.295
2012-03-12,13.2,4.0,9.5,80,38,53,4.88,17.95,1.7,887.7,3.17,0.291
2012-03-13,12.6,4.8,7.8,94,56,78,2.82,14.42,5.3,892.9,2.01,0.34
2012-03-14,8.0,0.9,3.9,97,72,86,1.91,10.54,4.5,892.7,1.35,0.353
2012-03-15,6.4,0.1,3.2,75,48,63,2.23,14.19,0.0,899.6,1.79,0.345
2012-03-16,1.9,-3.0,-0.3,83,36,57,5.44,20.21,0.8,902.8,2.05,0.329
2012-03-17,5.9,-5.6,-0.4,77,30,54,3.01,21.55,0.0,910.5,2.41,0.318
2012-03-18,11.9,-5.0,3.2,82,32,57,1.24,22.28,0.0,911.9,2.94,0.308
2012-03-19,15.1,-3.3,6.1,86,25,56,1.13,22.46,0.0,910.0,3.32,0.299
2012-03-20,16.2,-1.1,7.8,84,19,52,2.35,22.48,0.0,909.5,3.72,0.289
2012-03-21,16.4,2.2,9.2,75,26,50,2.84,20.43,0.0,908.8,3.68,0.276
2012-03-22,14.5,1.6,8.0,60,25,44,3.38,21.9,0.0,907.7,3.78,0.261
2012-03-23,13.5,3.8,8.1,72,28,51,2.82,19.45,0.0,908.0,3.18,0.251
2012-03-24,16.8,-0.7,8.3,81,22,50,1.65,23.14,0.0,905.2,3.73,0.243
2012-03-25,18.1,0.3,9.8,79,17,45,1.2,22.47,0.0,902.3,3.64,0.23
2012-03-26,16.6,4.9,10.1,78,25,55,1.38,16.51,1.8,897.8,2.91,0.218
2012-03-27,10.4,4.2,7.2,84,20,48,3.31,20.96,0.0,899.1,3.23,0.221
2012-03-28,9.0,-0.5,3.6,64,31,50,2.19,18.39,0.0,897.7,2.59,0.213
2012-03-29,9.7,-2.0,4.0,82,29,57,1.63,15.48,0.0,899.0,2.27,0.209
2012-03-30,15.1,-3.6,6.3,84,25,54,3.36,23.78,0.0,895.1,3.9,0.204
2012-03-31,14.5,4.8,9.4,81,40,59,3.7,18.38,0.0,894.4,3.14,0.197
2012-04-01,17.3,3.5,9.7,90,22,57,3.11,22.11,0.0,895.7,3.93,0.186
2012-04-02,16.9,1.9,9.5,88,29,58,1.98,21.38,0.0,897.2,3.6,0.179
2012-04-03,20.7,2.6,11.6,84,21,52,1.78,24.57,0.0,903.3,4.34,0.172
2012-04-04,22.8,2.6,13.2,89,12,50,1.34,23.97,0.0,905.4,4.26,0.162
2012-04-05,24.7,6.4,15.6,80,18,47,1.9,20.9,0.0,903.8,4.48,0.148
2012-04-06,25.9,7.6,16.6,85,16,45,3.46,23.01,0.0,899.4,5.54,0.133
2012-04-07,23.6,5.9,15.1,76,17,41,3.33,24.65,0.0,895.2,5.46,0.119
2012-04-08,24.1,5.7,15.3,73,14,36,3.87,23.66,0.0,892.1,5.76,0.107
2012-04-09,19.7,8.0,14.0,52,16,33,4.21,25.51,0.0,888.5,5.47,0.102
2012-04-10,14.0,4.9,9.3,75,37,58,3.88,16.48,2.3,891.1,2.91,0.111
2012-04-11,11.5,4.9,8.2,90,54,76,1.3,14.66,8.2,892.7,2.19,0.157
2012-04-12,18.4,2.1,9.9,98,25,64,2.42,22.98,0.0,895.8,3.92,0.212
2012-04-13,22.2,4.4,13.5,93,22,55,2.55,24.9,0.0,897.6,4.82,0.195
2012-04-14,19.8,8.0,13.3,82,35,61,2.49,12.88,2.0,896.6,2.85,0.19
2012-04-15,20.1,9.9,14.7,81,26,55,3.72,20.9,0.9,893.6,4.27,0.198
2012-04-16,20.6,5.8,12.9,88,19,54,1.89,25.63,0.0,897.3,4.65,0.185
2012-04-17,23.9,2.7,14.2,98,15,48,1.91,26.44,0.0,899.8,5.19,0.171
2012-04-18,23.1,7.7,14.5,84,14,46,6.28,19.87,1.5,889.9,5.41,0.162
2012-04-19,18.5,8.3,13.4,68,27,46,4.0,20.69,0.0,892.1,4.51,0.161
2012-04-20,22.5,2.5,12.9,98,22,57,2.37,25.5,0.0,897.7,4.9,0.151
2012-04-21,22.7,6.9,14.2,89,14,47,3.85,26.61,0.0,899.0,5.62,0.135
2012-04-22,20.6,6.5,13.5,68,19,41,1.15,25.78,0.0,899.8,4.39,0.123
2012-04-23,22.6,5.7,14.5,63,11,34,1.57,27.43,0.0,900.5,5.13,0.124
2012-04-24,24.5,7.1,16.5,67,14,32,1.29,27.17,0.0,901.1,5.23,0.122
2012-04-25,26.0,8.7,17.8,81,16,41,1.91,24.96,0.6,902.4,5.36,0.115
2012-04-26,27.4,8.8,18.6,72,10,35,1.82,26.92,0.0,901.7,5.75,0.112
2012-04-27,27.6,10.0,18.6,70,8,35,2.09,25.95,0.0,900.2,5.76,0.105
2012-04-28,27.7,7.2,18.0,71,5,31,1.96,28.38,0.0,901.1,5.98,0.102
2012-04-29,28.7,10.2,19.1,56,13,31,2.36,23.52,0.0,901.0,5.63,0.1
2012-04-30,25.6,13.1,19.3,52,23,36,1.77,22.3,1.3,901.1,4.75,0.104
2012-05-01,27.7,12.0,19.2,71,10,41,2.36,25.65,0.0,899.3,5.71,0.111
2012-05-02,20.1,12.4,15.4,90,24,53,2.11,12.19,6.2,896.8,2.83,0.13
2012-05-03,21.8,11.8,16.0,90,33,65,2.21,17.87,1.0,893.3,3.55,0.178
2012-05-04,22.4,10.1,16.0,92,36,64,1.95,21.61,1.6,894.7,4.2,0.178
2012-05-05,23.8,8.9,16.2,97,29,61,1.58,23.57,0.8,897.3,4.55,0.179
2012-05-06,22.7,8.8,16.3,93,26,59,1.63,24.31,1.1,898.7,4.65,0.187
2012-05-07,22.3,9.8,16.7,81,33,54,2.66,23.77,0.0,900.8,4.74,0.195
2012-05-08,24.4,9.7,18.0,79,27,48,1.53,25.64,0.0,900.5,4.97,0.182
2012-05-09,26.3,9.9,18.5,71,23,48,1.62,26.5,1.2,900.7,5.35,0.171
2012-05-10,22.1,11.7,16.2,80,38,61,1.54,19.22,3.3,902.4,3.73,0.173
2012-05-11,21.5,10.4,15.2,96,43,74,0.66,20.99,4.1,902.5,3.69,0.206
2012-05-12,23.3,9.6,15.9,87,22,56,1.53,23.6,1.0,899.1,4.61,0.22
2012-05-13,21.8,7.0,15.3,83,25,49,1.78,25.56,0.0,894.7,4.94,0.199
2012-05-14,20.1,11.1,15.5,91,44,65,1.47,20.53,3.8,895.7,3.73,0.188
2012-05-15,25.2,8.3,17.0,97,29,62,2.83,25.45,0.0,898.1,5.43,0.194
2012-05-16,21.2,11.6,16.4,71,36,53,3.88,16.42,0.3,898.3,4.04,0.177
2012-05-17,25.0,11.4,17.4,80,8,45,3.3,27.53,0.0,895.9,6.05,0.165
2012-05-18,24.9,7.6,16.5,77,23,47,4.18,26.62,1.2,894.7,5.96,0.148
2012-05-19,19.8,7.8,14.5,90,29,53,3.51,23.58,0.6,897.7,4.72,0.142
2012-05-20,21.1,6.1,14.2,82,25,50,2.05,26.13,0.0,899.1,4.94,0.137
2012-05-21,18.9,11.0,14.4,91,38,63,1.6,23.18,2.3,899.7,4.12,0.143
2012-05-22,26.0,8.6,17.5,91,25,56,1.46,27.91,0.0,899.8,5.36,0.15
2012-05-23,26.9,10.8,19.2,89,17,49,2.48,29.61,0.2,896.3,6.33,0.138
2012-05-24,24.4,12.1,17.6,71,27,49,3.13,22.14,1.3,897.3,5.12,0.136
2012-05-25,21.8,10.8,16.5,73,28,50,3.38,24.95,0.1,897.5,5.2,0.138
2012-05-26,23.6,11.2,17.5,81,23,50,1.46,18.42,0.0,900.7,3.93,0.136
2012-05-27,25.2,13.2,19.5,71,27,48,1.65,26.19,0.0,901.7,5.42,0.133
2012-05-28,24.9,11.2,18.2,88,26,54,3.39,24.56,1.7,898.9,5.48,0.133
2012-05-29,27.0,10.4,19.0,88,17,48,2.42,28.03,0.0,897.6,6.2,0.132
2012-05-30,25.8,9.5,18.2,87,19,46,2.49,29.89,0.3,900.0,6.31,0.123
2012-05-31,22.3,10.7,16.5,84,30,53,2.38,25.64,1.8,900.4,5.08,0.124
2012-06-01,23.8,10.6,17.5,78,20,48,1.71,19.72,0.0,902.2,4.15,0.133
2012-06-02,27.8,8.9,19.9,65,13,36,1.24,29.83,0.0,905.0,6.05,0.135
2012-06-03,29.3,13.5,22.5,50,15,30,1.74,28.23,0.0,905.0,6.4,0.132
2012-06-04,28.1,14.3,21.4,73,20,40,1.86,26.51,0.6,901.2,5.89,0.124
2012-06-05,30.6,12.2,21.8,64,19,40,2.1,28.79,0.0,899.5,6.69,0.12
2012-06-06,29.3,12.9,21.5,80,18,43,3.42,29.73,0.2,897.3,7.27,0.116
2012-06-07,26.4,13.1,19.9,71,21,44,2.5,23.14,0.0,897.7,5.49,0.109
2012-06-08,25.2,11.9,19.0,73,24,44,2.27,30.33,0.0,901.4,6.13,0.108
2012-06-09,29.0,13.2,21.2,60,17,37,2.78,30.81,0.0,903.2,6.98,0.109
2012-06-10,32.6,14.9,24.0,51,10,31,1.58,30.77,0.0,901.3,6.78,0.108
2012-06-11,33.5,15.2,25.6,56,11,31,1.56,30.23,0.0,898.5,6.88,0.108
2012-06-12,33.8,17.0,26.3,72,10,35,2.07,30.23,0.0,898.7,7.3,0.107
2012-06-13,34.5,19.0,27.2,49,8,27,2.48,30.58,0.0,899.6,7.85,0.109
2012-06-14,34.8,19.7,27.6,36,10,23,1.93,28.15,0.0,899.0,7.1,0.112
2012-06-15,35.1,17.9,27.1,60,10,32,1.97,30.66,0.0,901.1,7.29,0.118
2012-06-16,34.1,21.8,28.1,48,18,31,3.7,29.4,0.0,902.7,8.42,0.122
2012-06-17,31.6,20.8,26.4,59,17,35,4.37,30.51,0.0,903.8,8.5,0.12
2012-06-18,31.0,17.4,24.3,39,14,27,4.03,31.55,0.0,903.2,8.42,0.12
2012-06-19,31.4,17.1,24.2,52,17,34,3.5,31.07,0.0,900.5,7.77,0.123
2012-06-20,32.0,17.8,24.8,53,16,36,3.64,29.56,0.1,897.5,7.7,0.122
2012-06-21,30.3,18.5,24.4,49,17,32,3.56,28.85,0.0,896.3,7.39,0.12
2012-06-22,29.7,18.0,23.6,53,26,37,2.9,26.54,1.4,897.5,6.63,0.116
2012-06-23,31.0,16.5,24.2,67,22,41,2.29,28.05,0.0,900.4,6.54,0.125
2012-06-24,30.4,18.9,24.7,56,22,36,3.47,29.91,0.0,900.1,7.45,0.124
2012-06-25,30.3,18.2,24.5,59,23,39,3.21,27.5,0.0,899.6,6.78,0.123
2012-06-26,32.5,17.5,26.1,58,20,35,1.75,27.66,0.0,899.8,6.55,0.122
2012-06-27,31.3,19.9,26.1,45,24,35,2.42,25.83,0.0,898.7,6.63,0.119
2012-06-28,26.9,19.6,23.4,61,38,47,3.61,23.32,0.0,899.0,5.99,0.114
2012-06-29,28.0,15.9,22.5,51,21,34,2.7,30.65,0.0,900.3,7.03,0.111
2012-06-30,28.6,15.2,22.9,42,19,28,2.76,30.88,0.0,901.1,7.27,0.107
2012-07-01,28.3,16.1,22.5,44,17,30,2.99,30.88,0.0,901.3,7.25,0.106
2012-07-02,25.2,15.5,20.4,48,22,32,4.44,29.7,0.0,900.7,7.2,0.105
2012-07-03,24.3,15.4,20.1,53,29,40,4.38,20.47,0.0,900.8,5.62,0.105
2012-07-04,28.4,14.2,21.8,63,22,40,3.26,25.06,0.0,899.8,6.17,0.108
2012-07-05,31.3,16.1,24.3,58,16,34,2.25,28.59,0.0,898.9,6.76,0.109
2012-07-06,31.4,18.4,25.3,54,20,35,2.27,27.54,0.0,898.5,6.65,0.11
2012-07-07,32.2,17.5,26.0,47,19,32,2.29,28.94,0.0,897.3,7.12,0.11
2012-07-08,30.8,19.8,25.3,52,22,36,3.4,25.06,0.0,895.5,7.1,0.111
2012-07-09,28.1,20.4,23.6,64,29,46,4.09,20.77,0.5,896.1,5.81,0.114
2012-07-10,29.1,18.8,23.7,66,19,41,3.94,29.95,0.0,899.2,7.42,0.118
2012-07-11,30.7,16.2,23.7,46,12,29,2.91,30.64,0.0,900.1,7.56,0.121
2012-07-12,31.8,16.4,24.9,31,16,25,2.78,30.39,0.0,899.8,7.65,0.121
2012-07-13,32.8,17.5,26.1,45,18,30,2.37,30.04,0.0,899.7,7.4,0.122
2012-07-14,33.2,18.0,26.5,46,17,31,3.02,29.74,0.0,899.8,7.86,0.118
2012-07-15,32.4,20.1,26.1,44,13,28,3.65,30.51,0.0,901.2,8.31,0.116
2012-07-16,35.6,17.3,27.1,46,7,26,2.59,30.74,0.0,899.9,7.89,0.122
2012-07-17,36.9,18.4,28.3,32,8,21,2.57,30.19,0.0,899.0,8.17,0.12
2012-07-18,35.8,19.1,27.7,53,18,32,2.05,29.28,0.0,899.0,7.19,0.118
2012-07-19,35.2,22.4,28.3,54,18,34,2.42,29.07,0.0,899.7,7.28,0.116
2012-07-20,35.5,21.0,28.4,55,19,35,2.13,27.47,0.0,899.6,6.94,0.117
2012-07-21,36.1,22.6,29.4,32,12,22,3.74,28.7,0.0,898.1,8.91,0.117
2012-07-22,35.6,22.4,29.1,31,11,18,2.81,29.11,0.0,896.6,8.0,0.112
2012-07-23,34.9,20.2,28.0,66,11,33,1.58,29.48,0.0,897.2,6.74,0.107
2012-07-24,36.8,19.4,28.9,69,15,35,2.77,27.96,0.0,898.8,7.62,0.105
2012-07-25,38.2,24.3,30.9,42,11,27,2.92,29.17,0.0,899.4,8.11,0.102
2012-07-26,39.5,24.0,31.9,32,9,19,2.15,29.12,0.0,897.7,7.85,0.102
2012-07-27,39.8,21.0,30.8,83,9,36,1.83,26.87,0.0,895.8,6.81,0.099
2012-07-28,37.3,23.2,30.5,59,15,32,2.22,25.58,0.0,894.9,7.03,0.099
2012-07-29,36.7,20.9,29.6,52,9,27,1.9,27.27,0.0,895.3,6.97,0.1
2012-07-30,34.1,23.1,28.9,44,18,30,2.46,26.84,0.0,896.2,7.16,0.1
2012-07-31,32.3,21.3,26.1,48,25,37,2.17,23.09,0.9,896.1,5.91,0.106
2012-08-01,32.4,18.7,24.3,69,25,47,1.28,23.32,0.6,897.2,5.18,0.126
2012-08-02,32.7,17.6,24.6,75,19,47,1.77,25.73,0.1,899.2,5.94,0.145
2012-08-03,31.8,16.5,24.9,82,20,47,1.56,25.37,0.0,899.6,5.88,0.136
2012-08-04,31.8,18.6,25.7,78,25,46,2.46,24.53,0.0,899.1,6.07,0.129
2012-08-05,31.7,19.6,26.1,56,24,39,3.27,26.34,0.0,899.7,6.94,0.123
2012-08-06,30.6,21.1,26.0,61,22,39,4.81,24.55,0.0,900.5,7.45,0.117
2012-08-07,30.0,21.1,25.7,55,26,39,4.57,19.85,0.0,899.7,6.59,0.111
2012-08-08,29.9,20.8,25.4,57,25,41,3.6,21.05,0.0,900.2,6.16,0.108
2012-08-09,30.6,21.2,25.7,52,25,40,3.04,18.36,0.0,901.3,5.39,0.108
2012-08-10,31.2,20.7,25.9,54,26,39,3.09,26.05,0.0,900.4,6.79,0.106
2012-08-11,32.4,18.4,25.5,54,19,38,1.65,25.41,0.0,898.3,5.84,0.108
2012-08-12,34.0,18.0,26.0,64,18,38,2.57,27.16,0.0,897.1,7.05,0.118
2012-08-13,30.3,19.0,24.4,60,22,40,2.03,25.95,0.0,899.6,6.02,0.116
2012-08-14,30.9,18.3,25.0,46,24,35,2.56,24.14,0.0,899.5,6.23,0.115
2012-08-15,30.9,18.9,25.2,44,22,31,2.65,25.21,0.0,899.9,6.58,0.112
2012-08-16,30.4,18.2,24.8,37,18,27,2.48,27.07,0.0,900.0,6.74,0.11
2012-08-17,29.9,16.9,23.8,38,17,25,2.89,27.35,0.0,900.5,7.0,0.107
2012-08-18,29.3,17.3,23.3,42,17,28,2.92,27.17,0.0,900.8,6.77,0.106
2012-08-19,27.6,16.9,22.3,53,23,36,3.44,24.41,0.0,902.2,6.29,0.106
2012-08-20,26.4,17.4,21.9,50,24,35,4.25,26.19,0.0,903.4,6.72,0.106
2012-08-21,27.3,15.9,21.4,48,20,33,3.73,26.73,0.0,903.6,6.64,0.106
2012-08-22,29.4,16.4,22.7,49,24,36,3.8,26.28,0.0,903.8,6.81,0.106
2012-08-23,29.7,18.1,23.4,58,11,32,3.66,26.6,0.0,903.0,7.01,0.106
2012-08-24,30.6,14.4,22.5,29,6,17,2.88,27.37,0.0,901.2,7.03,0.106
2012-08-25,32.0,13.0,22.6,25,9,16,2.25,27.12,0.0,900.6,6.62,0.106
2012-08-26,34.8,15.3,25.5,27,12,19,1.68,26.07,0.0,898.8,6.15,0.104
2012-08-27,35.6,15.1,26.3,57,12,29,1.48,25.57,0.0,895.6,5.89,0.103
2012-08-28,30.3,18.4,23.9,76,20,45,3.43,21.19,0.0,896.6,6.07,0.098
2012-08-29,25.6,15.3,20.6,69,18,41,4.97,21.67,0.0,901.7,5.97,0.098
2012-08-30,26.5,13.9,20.2,44,16,25,3.52,25.7,0.0,901.9,6.47,0.099
2012-08-31,27.6,12.6,20.1,43,13,27,2.44,25.65,0.0,901.0,5.91,0.098
2012-09-01,27.7,13.2,20.5,45,21,31,2.92,25.03,0.0,902.3,6.07,0.099
2012-09-02,27.4,14.8,20.9,54,26,39,3.47,24.77,0.0,904.7,5.97,0.101
2012-09-03,28.8,15.2,21.6,62,19,41,2.98,24.84,0.0,903.2,5.94,0.102
2012-09-04,30.6,13.4,22.1,47,16,33,2.08,24.85,0.0,901.0,5.76,0.104
2012-09-05,32.0,13.6,23.0,44,15,29,1.94,24.71,0.0,900.9,5.85,0.103
2012-09-06,32.3,13.7,23.7,42,11,24,1.65,24.56,0.0,900.3,5.69,0.1
2012-09-07,32.7,13.8,24.0,58,10,26,1.89,23.7,0.0,898.0,5.9,0.1
2012-09-08,29.4,17.0,23.1,50,17,32,4.16,23.31,0.0,898.7,6.78,0.1
2012-09-09,26.8,15.7,21.0,57,22,40,3.36,23.23,0.0,900.2,5.73,0.099
2012-09-10,24.8,15.4,19.8,58,24,39,3.73,23.21,0.0,902.3,5.66,0.098
2012-09-11,25.2,11.6,18.1,72,31,50,2.34,22.48,0.0,901.9,4.63,0.097
2012-09-12,29.3,12.2,20.6,61,15,40,1.57,22.03,0.0,898.7,4.73,0.097
2012-09-13,29.2,10.2,20.4,76,17,43,2.09,23.1,0.0,897.9,5.17,0.094
2012-09-14,29.2,10.9,20.7,80,20,46,1.39,22.51,0.0,901.9,4.64,0.092
2012-09-15,31.0,12.8,22.2,54,18,33,2.01,22.35,0.0,901.5,5.38,0.094
2012-09-16,32.2,13.8,23.3,49,12,29,1.53,22.27,0.0,898.9,5.04,0.095
2012-09-17,31.8,12.8,22.6,76,16,40,2.06,22.02,0.0,898.8,5.29,0.095
2012-09-18,31.2,12.9,22.2,84,11,43,1.63,22.12,0.0,899.0,4.84,0.095
2012-09-19,29.8,11.7,21.2,81,22,50,1.53,20.98,0.0,898.0,4.54,0.095
2012-09-20,27.6,13.6,21.5,79,27,49,1.17,18.01,0.0,899.7,3.8,0.096
2012-09-21,28.5,15.8,21.9,75,29,51,1.71,16.63,0.0,900.4,3.97,0.096
2012-09-22,24.2,14.4,19.0,81,41,58,2.35,16.44,0.0,901.0,3.67,0.096
2012-09-23,24.8,11.1,18.0,55,22,39,2.09,20.86,0.0,904.0,4.51,0.096
2012-09-24,26.4,9.8,18.6,53,18,35,1.6,21.32,0.0,902.5,4.41,0.096
2012-09-25,28.4,7.8,18.9,53,15,31,1.32,21.16,0.0,900.0,4.4,0.098
2012-09-26,29.1,10.2,20.1,52,10,27,1.83,21.04,0.0,902.5,4.78,0.102
2012-09-27,30.5,10.5,20.7,42,13,26,2.13,20.57,0.0,904.2,5.11,0.103
2012-09-28,30.7,13.7,21.9,36,15,25,2.21,20.33,0.0,904.4,5.15,0.102
2012-09-29,30.7,13.3,22.1,28,14,21,1.9,18.95,0.0,904.3,4.77,0.099
2012-09-30,31.6,12.2,22.1,42,15,29,2.1,18.96,0.0,905.2,4.97,0.098
2012-10-01,27.6,13.7,21.3,65,28,44,1.37,14.09,1.1,907.1,3.32,0.1
2012-10-02,28.6,12.9,19.5,83,25,56,1.92,16.15,1.3,905.7,3.68,0.109
2012-10-03,26.2,11.5,18.0,88,26,57,1.49,18.03,0.4,902.5,3.71,0.126
2012-10-04,25.0,11.1,18.3,70,31,49,1.4,17.53,0.0,900.8,3.51,0.13
2012-10-05,24.8,10.6,17.8,77,26,49,1.97,16.82,0.0,901.1,3.68,0.123
2012-10-06,23.5,13.9,17.6,73,35,51,2.86,17.19,1.9,903.1,3.85,0.122
2012-10-07,23.4,10.8,16.8,77,32,54,1.68,16.58,0.8,901.5,3.35,0.132
2012-10-08,25.4,7.7,16.7,85,19,54,1.97,15.3,0.0,898.2,3.51,0.126
2012-10-09,21.1,10.9,15.7,93,39,66,1.13,13.93,0.6,898.5,2.55,0.122
2012-10-10,22.5,8.0,15.1,91,35,67,1.48,13.34,4.2,897.7,2.71,0.125
2012-10-11,19.3,12.7,15.1,97,45,70,1.98,10.2,17.5,896.2,2.07,0.306
2012-10-12,21.4,8.2,14.9,88,40,65,1.42,17.13,0.0,903.2,3.08,0.272
2012-10-13,23.0,8.6,15.2,86,34,62,1.28,15.81,0.0,904.2,3.02,0.244
2012-10-14,24.0,8.3,15.7,85,30,57,1.35,17.0,0.0,903.1,3.23,0.225
2012-10-15,25.2,8.4,16.2,81,28,54,1.21,16.89,0.0,905.0,3.21,0.211
2012-10-16,26.0,8.7,17.1,81,24,52,1.59,16.72,0.0,907.5,3.47,0.198
2012-10-17,26.2,8.7,17.1,81,26,53,2.08,16.47,0.0,907.0,3.67,0.185
2012-10-18,26.1,12.3,18.5,65,25,47,2.76,16.38,0.0,906.0,4.04,0.17
2012-10-19,25.0,12.4,18.2,62,27,46,2.44,15.53,0.0,905.2,3.74,0.154
2012-10-20,25.4,9.3,16.7,76,22,48,1.96,15.69,0.0,901.1,3.52,0.142
2012-10-21,21.7,10.5,16.2,68,30,49,3.15,11.67,0.5,900.4,3.19,0.134
2012-10-22,20.7,11.1,15.1,82,37,63,2.11,14.14,0.2,901.2,2.79,0.135
2012-10-23,18.7,8.6,13.5,91,39,67,1.79,11.86,0.0,900.0,2.28,0.138
2012-10-24,20.4,6.4,12.4,96,36,68,1.63,13.33,0.0,899.4,2.36,0.138
2012-10-25,18.4,6.3,12.4,88,42,63,1.23,14.49,0.0,896.6,2.43,0.142
2012-10-26,19.7,6.1,12.9,85,38,61,1.31,13.54,0.0,897.0,2.38,0.149
2012-10-27,22.1,5.2,13.6,87,29,56,1.26,14.6,0.0,899.8,2.58,0.153
2012-10-28,23.1,7.2,13.7,95,30,67,2.04,13.8,0.0,902.8,2.65,0.147
2012-10-29,25.0,7.9,15.1,89,22,59,1.94,14.36,0.0,901.9,2.99,0.137
2012-10-30,23.6,9.8,15.7,86,18,53,2.82,12.82,0.0,899.1,3.27,0.127
2012-10-31,20.8,7.5,13.8,84,40,62,1.66,10.25,0.4,901.2,2.14,0.124
2012-11-01,24.1,7.3,15.4,93,31,63,1.64,13.99,0.0,902.6,2.72,0.127
2012-11-02,21.9,12.0,16.3,77,38,57,1.97,8.57,0.1,902.1,2.12,0.122
2012-11-03,23.3,10.2,15.7,86,33,60,1.26,11.75,0.1,902.5,2.31,0.123
2012-11-04,24.7,7.0,15.0,87,32,60,1.1,13.54,0.0,903.8,2.43,0.127
2012-11-05,25.0,5.4,14.1,96,22,61,1.77,13.26,0.0,902.3,2.7,0.122
2012-11-06,24.5,4.6,13.8,89,22,55,1.87,12.71,0.0,901.2,2.71,0.112
2012-11-07,23.9,6.2,13.7,93,21,58,2.0,12.0,0.0,901.6,2.54,0.105
2012-11-08,15.2,9.1,12.0,92,69,82,1.84,4.01,13.5,896.3,0.87,0.151
2012-11-09,10.5,8.5,9.2,95,88,91,3.15,3.2,12.3,894.0,0.59,0.33
2012-11-10,10.7,7.8,9.4,87,74,81,2.81,3.98,5.3,895.7,0.89,0.305
2012-11-11,8.6,6.9,7.8,86,77,82,5.46,2.45,12.6,900.4,0.87,0.353
2012-11-12,13.5,7.3,10.4,81,57,70,4.27,4.64,0.2,904.8,1.53,0.313
2012-11-13,12.9,6.2,9.6,89,58,76,2.22,7.65,0.0,905.8,1.3,0.287
2012-11-14,13.3,4.0,8.4,93,53,77,1.26,12.01,0.0,904.5,1.68,0.271
2012-11-15,14.5,2.4,7.9,97,56,81,1.04,11.7,0.0,904.8,1.61,0.26
2012-11-16,15.6,1.1,7.8,100,46,79,1.14,12.16,0.0,904.4,1.75,0.252
2012-11-17,14.3,3.4,8.1,97,53,79,1.18,11.71,0.0,902.6,1.63,0.246
2012-11-18,13.2,4.6,8.0,96,53,80,1.25,11.4,0.0,901.2,1.56,0.242
2012-11-19,11.2,3.7,7.1,93,59,81,1.13,10.79,0.0,902.9,1.39,0.238
2012-11-20,10.0,3.6,6.6,96,63,83,0.93,9.61,0.0,903.9,1.22,0.234
2012-11-21,9.9,5.6,7.4,90,62,78,1.0,8.88,0.3,902.8,1.2,0.233
2012-11-22,7.0,4.1,5.8,95,78,87,1.67,4.03,3.2,901.8,0.6,0.248
2012-11-23,8.3,5.5,6.9,91,69,79,1.71,3.55,0.2,903.1,0.68,0.276
2012-11-24,10.8,4.8,7.2,87,54,73,1.36,6.83,0.0,901.9,1.09,0.266
2012-11-25,10.2,2.7,5.8,83,56,74,1.71,6.86,0.0,902.4,1.08,0.26
2012-11-26,10.3,0.6,4.9,92,50,74,1.22,11.0,0.0,902.6,1.39,0.255
2012-11-27,11.5,-2.5,3.6,91,48,75,1.1,11.42,0.0,902.6,1.43,0.251
2012-11-28,15.0,-3.3,4.5,93,42,74,1.43,11.3,0.0,902.6,1.57,0.246
2012-11-29,13.9,0.7,6.4,96,50,78,1.87,6.63,0.0,902.4,1.14,0.24
2012-11-30,17.1,4.9,9.5,91,45,74,2.14,9.75,0.0,902.8,1.64,0.236
2012-12-01,18.7,3.0,9.1,91,27,66,2.13,10.28,0.0,903.1,1.93,0.229
2012-12-02,19.8,2.2,9.2,90,25,64,1.71,10.8,0.0,903.0,1.87,0.222
2012-12-03,17.0,6.3,11.9,77,38,58,4.75,9.38,0.0,895.3,2.68,0.215
2012-12-04,9.9,2.9,7.6,67,36,59,4.44,8.14,1.8,887.1,1.83,0.223
2012-12-05,9.0,-1.4,3.2,85,45,67,1.76,10.75,0.0,892.8,1.36,0.229
2012-12-06,13.1,0.3,6.7,90,36,66,2.78,10.01,0.5,892.3,1.77,0.228
2012-12-07,12.6,4.7,8.1,94,43,71,3.04,7.95,0.2,893.1,1.52,0.226
2012-12-08,6.3,0.2,3.4,92,60,77,1.22,6.36,1.1,899.8,0.8,0.24
2012-12-09,12.7,-0.9,5.9,89,41,67,2.39,9.33,0.7,899.8,1.58,0.239
2012-12-10,10.4,5.6,7.8,86,66,79,3.51,5.73,8.2,891.0,1.08,0.279
2012-12-11,9.6,1.5,5.4,91,47,73,1.98,6.65,0.8,894.0,1.06,0.309
2012-12-12,10.5,-1.4,4.4,94,58,81,3.11,6.8,1.3,898.4,1.06,0.291
2012-12-13,7.1,2.5,4.7,95,77,85,2.03,2.6,1.6,902.0,0.47,0.298
2012-12-14,4.9,-0.9,1.8,92,41,66,1.37,9.65,0.0,907.2,1.11,0.291
2012-12-15,4.1,-3.9,-0.8,79,47,67,1.08,10.61,0.0,906.6,1.06,0.281
2012-12-16,5.2,-5.7,-0.9,88,45,69,1.34,8.15,0.0,901.9,0.96,0.277
2012-12-17,7.5,-1.3,3.2,95,55,77,1.92,4.82,3.4,897.6,0.73,0.284
2012-12-18,8.9,4.1,6.8,98,85,92,1.85,2.49,4.2,894.1,0.41,0.325
2012-12-19,11.2,6.5,8.5,90,52,76,3.8,6.98,4.5,891.1,1.34,0.343
2012-12-20,8.2,2.9,5.9,90,60,80,2.11,5.66,4.0,885.8,0.83,0.349
2012-12-21,4.1,0.6,2.1,97,64,84,1.62,4.83,0.8,892.4,0.61,0.343
2012-12-22,8.7,0.2,3.4,92,57,80,1.6,7.07,0.0,896.4,0.91,0.322
2012-12-23,9.3,4.2,6.6,93,76,87,2.15,3.47,4.8,899.1,0.57,0.34
2012-12-24,10.8,3.5,6.9,99,71,89,1.78,5.97,0.0,901.4,0.89,0.34
2012-12-25,8.4,1.4,5.9,90,64,80,1.21,4.13,0.0,907.2,0.65,0.327
2012-12-26,10.2,-2.3,3.1,100,56,83,1.19,10.22,0.0,908.1,1.18,0.318
2012-12-27,12.4,-1.9,3.6,91,47,75,1.44,10.14,0.0,904.4,1.33,0.315
2012-12-28,12.2,0.8,5.7,98,53,81,1.4,8.33,0.0,901.7,1.1,0.311
2012-12-29,11.6,3.7,6.9,93,60,81,1.39,7.52,0.0,900.6,1.08,0.307
2012-12-30,9.6,4.7,6.3,96,65,84,1.37,5.23,0.1,904.6,0.8,0.307
2012-12-31,8.7,0.9,4.8,99,66,84,0.93,9.39,0.0,904.7,1.1,0.303
2013-01-01,8.8,-0.1,4.2,99,52,80,0.77,10.12,0.0,902.3,1.18,0.302
2013-01-02,8.7,-0.4,3.7,97,56,81,0.86,10.07,0.0,905.4,1.15,0.302
2013-01-03,7.0,-1.8,2.8,97,61,84,0.94,10.25,0.0,908.0,1.14,0.302
2013-01-04,6.7,0.0,3.4,97,61,83,0.89,8.49,0.0,901.5,0.95,0.299
2013-01-05,5.5,0.0,2.7,95,76,87,1.13,4.88,1.6,893.3,0.6,0.302
2013-01-06,6.2,0.2,2.4,100,63,86,1.4,6.87,2.1,889.0,0.8,0.319
2013-01-07,2.2,-2.6,0.3,90,60,72,3.6,6.11,2.0,886.8,0.87,0.316
2013-01-08,-1.5,-5.6,-3.8,77,60,71,4.35,8.02,2.7,891.6,0.88,0.309
2013-01-09,-2.2,-6.9,-4.7,79,50,66,5.45,7.25,1.5,895.1,0.94,0.303
2013-01-10,-0.5,-10.0,-5.7,84,46,67,1.73,10.88,0.0,900.8,1.01,0.3
2013-01-11,4.1,-11.4,-3.7,81,40,62,2.24,9.04,0.0,902.2,1.12,0.298
2013-01-12,8.7,0.4,4.4,85,61,77,4.72,5.53,1.0,902.5,1.12,0.301
2013-01-13,10.3,1.6,6.0,91,55,77,3.21,9.79,1.5,902.9,1.4,0.321
2013-01-14,9.9,-2.6,2.3,98,60,85,1.46,8.99,0.0,907.5,1.09,0.312
2013-01-15,8.1,-4.8,1.2,97,47,76,1.2,11.89,0.0,908.1,1.36,0.304
2013-01-16,11.6,-4.2,2.1,89,29,64,2.14,11.46,0.0,902.5,1.7,0.299
2013-01-17,13.9,0.4,6.4,80,40,60,3.77,11.17,0.0,897.0,2.09,0.295
2013-01-18,10.2,3.8,6.3,83,47,68,3.59,5.59,0.0,897.9,1.38,0.289
2013-01-19,9.3,2.3,5.6,86,52,70,5.07,6.24,6.0,893.6,1.43,0.307
2013-01-20,12.6,-1.2,4.5,97,47,79,2.2,10.99,0.0,899.6,1.49,0.331
2013-01-21,14.9,-1.3,5.6,98,44,78,2.12,11.26,0.0,901.4,1.67,0.314
2013-01-22,16.2,3.8,8.6,90,34,67,2.77,11.89,0.0,896.9,2.12,0.303
2013-01-23,13.2,3.9,7.9,85,42,67,3.01,8.76,0.0,897.8,1.7,0.294
2013-01-24,13.3,3.2,7.7,94,45,72,1.83,8.13,0.0,899.4,1.4,0.29
2013-01-25,13.6,4.4,8.4,78,29,61,3.43,10.29,0.4,893.1,2.06,0.289
2013-01-26,13.0,2.0,7.4,89,34,63,4.08,10.93,0.8,894.0,2.25,0.282
2013-01-27,11.7,2.8,6.9,90,42,70,2.78,10.7,3.8,893.5,1.72,0.308
2013-01-28,9.5,1.0,4.5,92,54,78,1.09,6.85,0.1,894.5,0.97,0.299
2013-01-29,6.6,1.1,3.5,91,46,71,2.03,8.06,0.3,896.3,1.16,0.29
2013-01-30,4.6,0.4,2.3,92,57,72,1.95,7.81,1.5,893.9,0.99,0.286
2013-01-31,4.2,-0.4,2.0,90,53,71,3.26,8.08,2.4,892.8,1.07,0.283
2013-02-01,5.0,-1.6,1.4,82,60,70,1.96,7.24,0.0,895.1,0.93,0.281
2013-02-02,12.0,-4.4,2.2,90,25,65,2.26,13.86,0.0,897.9,2.01,0.279
2013-02-03,15.6,0.6,7.6,83,43,67,3.07,11.55,0.0,903.7,2.08,0.274
2013-02-04,17.2,0.9,7.8,92,24,63,2.3,13.14,0.0,905.3,2.32,0.266
2013-02-05,16.6,0.1,7.7,86,22,55,1.77,14.73,0.0,899.3,2.48,0.256
2013-02-06,12.8,5.0,8.2,80,52,63,2.22,8.98,2.6,894.3,1.74,0.26
2013-02-07,14.3,2.6,7.9,91,40,71,3.63,10.22,0.0,897.8,2.0,0.266
2013-02-08,13.8,7.3,9.6,74,40,62,6.18,9.52,0.0,897.2,2.51,0.258
2013-02-09,13.4,5.2,9.1,79,34,59,3.08,10.92,0.3,899.0,2.15,0.253
2013-02-10,14.4,1.2,7.1,86,29,63,2.51,12.12,0.0,898.3,2.15,0.249
2013-02-11,11.4,3.5,6.5,88,39,68,2.57,12.7,0.7,893.8,1.94,0.249
2013-02-12,8.6,-0.7,3.6,89,45,68,1.48,11.25,0.0,900.4,1.5,0.248
2013-02-13,14.3,-2.2,4.9,86,30,63,1.68,15.95,0.0,902.1,2.36,0.243
2013-02-14,15.6,-1.5,6.3,89,27,61,3.01,15.64,0.0,897.3,2.79,0.236
2013-02-15,10.5,3.6,7.0,83,39,64,3.18,11.86,2.2,892.1,1.98,0.247
2013-02-16,8.1,0.1,3.9,90,54,76,1.25,10.76,0.6,896.9,1.43,0.252
2013-02-17,9.7,-0.5,4.2,94,36,68,1.16,12.45,0.2,897.5,1.71,0.252
2013-02-18,5.7,0.4,2.7,94,61,79,1.76,9.34,1.7,897.1,1.12,0.262
2013-02-19,11.0,-1.7,4.1,86,35,66,1.66,14.36,0.0,898.3,2.0,0.261
2013-02-20,10.6,1.5,5.8,95,54,75,4.06,11.05,3.3,896.5,1.69,0.269
2013-02-21,11.2,-2.7,4.0,98,44,74,1.92,16.48,0.0,901.3,2.17,0.28
2013-02-22,8.9,3.1,5.8,92,71,80,1.87,5.88,3.4,895.3,0.94,0.283
2013-02-23,13.9,1.0,6.9,98,49,79,1.64,14.92,0.2,895.1,2.13,0.298
2013-02-24,15.0,1.5,7.5,100,44,78,1.46,15.71,0.0,905.1,2.33,0.284
2013-02-25,17.7,0.5,8.3,100,34,70,1.68,17.36,0.0,906.5,2.75,0.271
2013-02-26,19.6,0.6,8.9,95,18,62,1.74,17.52,0.0,902.7,2.95,0.258
2013-02-27,17.4,-0.3,8.1,91,18,58,2.11,17.75,0.1,897.1,3.08,0.248
2013-02-28,7.6,1.3,3.8,96,70,86,2.23,8.22,7.4,895.9,0.86,0.29
2013-03-01,7.2,1.1,3.4,84,46,70,1.7,9.88,0.0,899.0,1.36,0.307
2013-03-02,13.8,-4.1,4.6,89,28,61,1.75,19.31,0.0,898.7,2.75,0.293
2013-03-03,15.7,1.4,7.7,89,22,58,1.81,15.57,0.0,894.2,2.64,0.275
2013-03-04,11.1,3.8,7.0,82,44,64,2.64,9.57,2.1,893.8,1.7,0.285
2013-03-05,6.6,-0.6,2.9,68,26,47,4.2,16.11,0.0,903.9,2.4,0.276
2013-03-06,6.4,-5.0,0.8,64,23,44,2.07,20.42,0.0,910.0,2.49,0.264
2013-03-07,13.1,-2.3,4.4,64,21,45,1.59,19.39,0.0,905.0,2.84,0.254
2013-03-08,10.3,3.8,6.7,86,28,61,2.09,8.86,1.1,899.2,1.68,0.25
2013-03-09,14.2,-0.9,7.1,95,39,68,1.61,17.45,0.3,896.1,2.58,0.253
2013-03-10,16.7,3.6,9.8,89,32,64,2.69,17.22,0.4,895.7,3.02,0.25
2013-03-11,19.1,5.6,11.5,89,37,65,3.38,17.09,1.2,895.7,3.27,0.259
2013-03-12,19.5,6.7,13.8,85,26,54,5.33,13.68,0.0,893.5,4.06,0.255
2013-03-13,20.8,6.0,13.5,83,27,55,2.53,19.57,0.0,893.5,3.93,0.241
2013-03-14,22.4,5.1,12.8,88,20,55,2.8,19.25,0.0,895.8,4.02,0.228
2013-03-15,22.1,12.3,17.0,55,17,31,6.47,14.21,0.0,891.6,5.71,0.21
2013-03-16,14.3,5.7,10.9,58,26,43,4.3,20.14,0.0,891.1,3.85,0.195
2013-03-17,8.3,1.3,5.2,82,31,54,3.35,19.51,0.0,895.3,2.77,0.19
2013-03-18,8.5,-2.9,2.9,74,29,49,1.92,20.98,0.0,902.3,2.74,0.188
2013-03-19,15.5,-0.1,7.1,72,33,51,2.26,14.74,0.0,898.0,2.68,0.183
2013-03-20,19.6,-0.3,9.5,91,20,56,1.76,21.8,0.0,898.9,3.73,0.175
2013-03-21,22.3,0.8,11.8,91,16,54,2.11,21.09,0.0,898.7,4.08,0.164
2013-03-22,18.3,5.7,12.5,75,21,45,5.16,16.16,6.2,886.9,3.97,0.171
2013-03-23,7.7,1.9,4.9,64,39,47,4.29,18.05,0.5,890.7,2.66,0.23
2013-03-24,12.6,-0.5,5.3,73,27,52,1.31,23.09,0.0,900.8,3.27,0.223
2013-03-25,20.3,-0.3,10.5,78,20,46,2.09,21.79,0.0,901.1,4.0,0.212
2013-03-26,19.1,8.2,12.9,74,22,44,3.82,14.24,0.2,893.4,3.9,0.196
2013-03-27,17.7,5.1,11.8,78,32,53,2.67,19.58,0.1,892.1,3.74,0.185
2013-03-28,16.8,6.7,11.8,89,35,64,2.45,18.07,0.3,898.4,3.2,0.179
2013-03-29,18.4,7.3,12.6,90,32,60,1.03,14.01,0.0,902.6,2.6,0.176
2013-03-30,21.3,3.9,13.3,87,23,51,1.29,23.12,0.0,902.7,4.08,0.17
2013-03-31,22.2,7.1,14.8,69,23,44,2.17,22.6,0.0,900.4,4.6,0.161
2013-04-01,23.7,9.1,16.4,70,20,45,3.82,18.13,0.6,896.5,4.75,0.151
2013-04-02,21.7,6.8,14.0,89,26,57,1.33,22.47,0.0,897.5,4.01,0.144
2013-04-03,21.3,7.7,14.3,87,26,58,2.41,15.8,0.7,896.3,3.41,0.145
2013-04-04,13.4,8.3,11.0,90,58,74,1.69,12.29,8.4,892.3,2.1,0.206
2013-04-05,18.3,6.6,12.2,91,35,58,2.91,21.19,0.0,899.3,3.76,0.261
2013-04-06,27.2,4.1,15.2,95,19,55,2.24,24.8,0.0,900.6,5.05,0.24
2013-04-07,27.1,7.7,17.3,86,13,42,4.43,24.43,0.0,895.1,6.67,0.214
2013-04-08,18.1,9.7,13.9,68,23,40,4.93,21.71,0.3,890.6,4.66,0.193
2013-04-09,16.6,7.3,11.9,84,43,65,1.22,18.2,1.9,894.7,3.0,0.194
2013-04-10,16.5,7.4,11.5,91,28,58,1.73,18.9,2.3,897.8,3.09,0.221
2013-04-11,18.8,4.0,12.0,83,30,53,1.36,21.91,0.0,898.0,3.79,0.21
2013-04-12,18.1,7.0,12.7,77,23,50,1.6,18.59,0.0,901.7,3.44,0.197
2013-04-13,21.8,4.8,13.6,74,13,42,0.99,25.39,0.0,904.1,4.34,0.187
2013-04-14,23.3,6.7,14.9,84,23,50,1.75,22.64,0.0,902.6,4.56,0.176
2013-04-15,17.8,8.5,12.7,77,32,56,2.45,18.68,1.5,894.8,3.49,0.17
2013-04-16,13.0,7.4,9.5,92,60,78,2.76,12.36,9.9,890.7,1.9,0.267
2013-04-17,10.9,7.2,8.9,79,60,68,3.0,10.24,0.0,895.2,1.93,0.275
2013-04-18,11.8,6.2,9.0,75,50,62,2.21,11.69,0.0,896.9,2.15,0.258
2013-04-19,14.9,6.6,9.9,89,49,67,1.81,16.74,11.7,894.7,2.69,0.266
2013-04-20,12.0,6.5,8.9,93,72,84,2.06,11.62,12.8,893.4,1.67,0.366
2013-04-21,14.5,5.6,10.1,91,49,69,1.65,19.71,1.4,895.0,3.07,0.325
2013-04-22,16.2,5.9,10.5,92,38,65,2.42,21.01,1.5,897.2,3.45,0.313
2013-04-23,18.0,4.7,11.3,85,28,57,1.91,19.21,0.0,904.1,3.36,0.29
2013-04-24,20.9,4.1,12.8,81,19,48,1.67,27.42,0.0,907.9,4.89,0.267
2013-04-25,20.8,5.7,13.5,67,16,40,2.54,27.82,0.0,908.2,5.34,0.242
2013-04-26,22.3,6.0,14.5,65,22,42,2.29,27.59,0.0,904.7,5.36,0.221
2013-04-27,24.5,7.9,16.8,67,20,42,1.65,27.63,0.0,903.4,5.37,0.204
2013-04-28,27.2,7.0,18.0,84,12,42,1.26,27.53,0.0,904.5,5.41,0.19
2013-04-29,28.3,8.9,19.0,75,13,38,2.02,27.91,0.0,905.9,6.07,0.174
2013-04-30,28.6,13.5,20.5,46,14,30,2.61,27.32,0.0,905.8,6.46,0.157
2013-05-01,27.5,12.7,20.1,56,20,36,2.15,26.94,0.0,903.7,5.88,0.145
2013-05-02,27.8,12.3,20.1,70,19,43,1.69,26.76,0.5,900.7,5.56,0.139
2013-05-03,27.6,13.0,20.0,68,21,43,2.15,25.55,0.2,899.6,5.65,0.135
2013-05-04,28.9,10.2,19.5,88,18,48,1.79,26.9,0.0,899.9,5.76,0.131
2013-05-05,28.0,10.5,20.1,75,19,40,2.12,25.93,0.0,901.2,5.89,0.126
2013-05-06,28.6,12.7,20.2,65,18,39,2.77,26.94,0.0,902.2,6.29,0.122
2013-05-07,27.5,13.0,20.5,45,15,29,2.64,28.63,0.0,901.8,6.59,0.12
2013-05-08,26.8,12.7,20.4,44,16,28,1.93,27.87,0.0,900.1,6.08,0.117
2013-05-09,24.4,13.2,18.3,76,24,44,1.71,16.29,0.3,898.5,3.76,0.121
2013-05-10,23.3,11.4,17.2,87,32,56,2.15,23.01,3.1,897.9,4.59,0.135
2013-05-11,20.5,11.7,15.2,81,39,66,1.9,21.5,6.6,894.7,3.9,0.171
2013-05-12,19.8,11.8,15.2,86,40,66,1.8,21.45,4.4,894.0,3.85,0.227
2013-05-13,20.5,9.5,14.7,89,30,59,2.32,25.34,0.1,893.0,4.67,0.247
2013-05-14,19.0,8.7,13.8,88,36,61,1.75,26.73,0.0,892.0,4.58,0.224
2013-05-15,17.6,9.7,13.8,91,45,70,1.55,19.33,0.8,895.1,3.37,0.214
2013-05-16,23.3,8.8,16.2,95,30,61,1.48,22.41,0.0,900.1,4.24,0.218
2013-05-17,26.6,10.0,18.0,97,35,65,1.96,23.61,0.4,903.3,4.84,0.206
2013-05-18,30.3,16.1,22.4,84,21,51,2.74,25.37,0.6,904.4,6.11,0.191
2013-05-19,27.9,14.0,20.8,86,23,54,1.79,26.12,1.1,901.1,5.5,0.177
2013-05-20,26.3,15.0,20.5,80,20,42,3.43,25.03,0.0,900.4,5.99,0.167
2013-05-21,27.5,12.1,20.7,62,21,39,1.95,28.74,0.0,901.2,6.06,0.155
2013-05-22,29.6,12.8,22.0,69,13,37,1.71,28.93,0.0,901.1,6.31,0.142
2013-05-23,32.3,13.0,22.8,85,18,45,2.22,26.49,0.0,901.5,6.29,0.135
2013-05-24,29.3,17.6,23.9,60,16,31,6.16,24.19,0.0,900.6,8.2,0.127
2013-05-25,28.6,10.0,20.0,58,13,31,1.92,30.22,0.0,900.0,6.47,0.121
2013-05-26,27.9,11.9,21.1,49,13,27,2.37,29.17,0.0,900.3,6.84,0.116
2013-05-27,28.1,11.7,20.8,46,11,26,2.52,30.47,0.0,900.6,7.11,0.118
2013-05-28,26.8,13.0,20.3,52,13,30,1.87,30.09,0.0,901.6,6.35,0.117
2013-05-29,29.5,12.9,21.2,42,16,27,1.83,27.48,0.0,901.1,6.23,0.123
2013-05-30,30.7,13.0,22.2,71,10,35,2.68,30.08,0.0,896.2,7.28,0.123
2013-05-31,31.8,13.0,22.7,59,14,31,3.14,30.32,0.0,897.6,7.73,0.121
2013-06-01,29.2,13.4,22.1,42,8,23,2.7,31.1,0.0,897.8,7.42,0.113
2013-06-02,30.6,14.7,22.6,54,13,32,4.45,23.84,0.1,899.0,7.55,0.113
2013-06-03,27.4,14.2,21.4,46,15,29,2.31,30.66,0.0,896.6,6.89,0.108
2013-06-04,27.7,12.1,20.4,50,21,34,2.59,28.98,0.0,898.7,6.69,0.109
2013-06-05,27.4,12.1,20.1,80,17,45,2.75,28.7,0.2,901.3,6.56,0.113
2013-06-06,24.7,11.6,18.5,69,22,42,3.24,26.74,0.1,902.5,6.06,0.118
2013-06-07,25.6,10.2,18.7,74,23,44,2.02,27.09,0.0,901.5,5.72,0.121
2013-06-08,25.6,12.8,18.0,71,28,52,2.15,22.96,2.0,898.4,4.77,0.144
2013-06-09,24.0,12.2,18.8,87,32,55,1.81,24.1,0.0,897.9,4.95,0.16
2013-06-10,25.8,12.3,19.3,73,20,46,2.47,28.85,0.0,900.0,6.05,0.15
2013-06-11,30.2,11.7,21.8,66,14,37,1.79,30.39,0.0,899.3,6.69,0.14
2013-06-12,30.3,13.5,22.7,78,13,38,3.13,30.95,0.0,894.9,7.6,0.132
2013-06-13,28.8,11.0,20.6,76,18,41,2.53,30.33,0.0,894.5,6.85,0.125
2013-06-14,28.8,13.1,21.3,77,14,43,1.88,30.28,0.0,897.2,6.52,0.119
2013-06-15,28.3,15.4,21.8,65,23,45,2.28,27.66,0.0,897.9,6.17,0.113
2013-06-16,27.9,15.1,22.3,68,22,43,2.8,28.18,0.0,899.6,6.64,0.114
2013-06-17,26.7,18.0,22.9,65,30,43,4.46,16.88,0.0,900.8,5.71,0.112
2013-06-18,27.9,17.3,22.9,62,24,39,5.65,22.85,0.0,900.3,7.07,0.109
2013-06-19,29.2,18.0,23.8,60,20,37,4.56,30.32,0.0,900.8,7.83,0.107
2013-06-20,28.5,18.6,23.4,56,17,31,3.75,30.71,0.0,901.6,7.69,0.105
2013-06-21,27.4,15.8,21.7,44,14,28,3.46,31.26,0.0,901.6,7.53,0.105
2013-06-22,29.2,13.4,21.6,45,9,26,3.0,31.5,0.0,900.7,7.5,0.105
2013-06-23,31.4,14.6,23.4,30,11,21,2.6,31.38,0.0,899.3,7.59,0.108
2013-06-24,32.5,15.6,25.0,32,12,21,2.38,30.0,0.0,898.2,7.53,0.109
2013-06-25,34.5,17.0,26.9,49,12,25,1.49,28.23,0.0,898.1,6.69,0.112
2013-06-26,34.4,18.7,27.2,63,16,32,1.91,27.64,0.0,899.2,6.84,0.112
2013-06-27,34.5,20.0,27.4,54,15,30,2.59,30.27,0.0,900.2,7.82,0.113
2013-06-28,34.6,18.2,27.2,35,13,24,1.93,30.37,0.0,899.0,7.35,0.12
2013-06-29,35.4,18.9,27.8,61,17,32,1.7,30.26,0.0,897.3,7.18,0.121
2013-06-30,35.0,17.1,26.5,64,10,31,2.87,31.41,0.0,895.1,8.23,0.116
2013-07-01,30.1,16.4,23.2,73,18,42,2.74,27.65,0.0,896.7,6.83,0.112
2013-07-02,27.3,15.8,21.2,58,21,39,3.4,27.69,0.0,901.3,6.58,0.111
2013-07-03,27.9,15.8,21.6,57,15,36,2.69,29.2,0.0,899.9,6.55,0.111
2013-07-04,30.9,14.8,23.2,39,12,26,2.07,30.89,0.0,898.8,7.03,0.108
2013-07-05,32.3,16.2,25.2,35,10,21,1.82,30.89,0.0,898.2,7.15,0.106
2013-07-06,34.3,17.5,26.8,36,11,22,2.21,29.87,0.0,897.4,7.49,0.107
2013-07-07,34.6,18.4,27.1,45,12,26,1.91,29.96,0.0,899.4,7.15,0.107
2013-07-08,35.4,19.9,27.8,40,11,26,2.94,30.38,0.0,902.0,8.19,0.106
2013-07-09,33.7,20.9,27.3,43,12,26,3.51,30.23,0.0,900.9,8.45,0.106
2013-07-10,32.0,19.1,25.5,53,12,29,3.31,30.17,0.0,897.0,7.87,0.106
2013-07-11,33.0,17.7,25.7,41,17,29,2.75,28.54,0.0,895.4,7.45,0.107
2013-07-12,33.8,18.9,26.9,45,15,28,1.82,28.35,0.0,897.9,6.87,0.109
2013-07-13,33.8,20.6,27.7,40,17,27,2.04,26.62,0.0,898.2,6.91,0.109
2013-07-14,33.3,20.2,27.0,48,19,31,3.19,27.63,0.0,898.1,7.69,0.11
2013-07-15,34.2,21.2,27.5,46,19,32,2.35,27.78,0.0,897.9,7.17,0.114
2013-07-16,31.9,20.3,26.2,59,23,40,2.85,25.1,0.0,897.5,6.77,0.118
2013-07-17,28.9,20.7,25.0,61,31,45,4.2,26.92,0.0,898.2,7.15,0.121
2013-07-18,27.7,18.6,22.8,68,34,50,4.75,22.24,0.3,899.3,6.13,0.126
2013-07-19,28.5,18.4,22.9,57,27,42,4.26,25.68,0.0,900.4,6.69,0.13
2013-07-20,29.4,16.7,23.2,51,15,34,2.74,30.03,0.0,898.5,7.02,0.128
2013-07-21,30.4,15.6,24.0,48,19,30,2.68,29.89,0.0,897.2,7.3,0.125
2013-07-22,28.5,17.9,23.4,52,18,32,3.71,29.92,0.0,897.4,7.42,0.121
2013-07-23,28.3,17.1,22.8,64,24,38,3.35,29.25,0.0,897.9,6.91,0.118
2013-07-24,29.4,16.6,23.0,52,13,31,2.92,29.84,0.0,899.9,7.12,0.117
2013-07-25,30.5,15.7,23.6,34,13,23,3.01,30.08,0.0,899.8,7.57,0.116
2013-07-26,28.9,17.5,23.4,42,14,26,3.6,29.91,0.0,898.8,7.6,0.113
2013-07-27,28.4,17.7,23.0,49,18,34,4.74,26.65,0.0,897.5,7.43,0.112
2013-07-28,27.1,17.3,22.1,50,20,34,4.07,29.07,0.0,901.5,7.23,0.112
2013-07-29,28.3,17.0,22.4,47,16,30,3.28,29.58,0.0,903.0,7.22,0.111
2013-07-30,29.7,15.0,23.1,37,16,26,2.84,29.27,0.0,899.8,7.19,0.111
2013-07-31,31.8,16.0,24.3,37,12,25,2.22,29.06,0.0,896.9,7.01,0.11
2013-08-01,31.4,17.7,25.1,43,20,31,2.27,26.48,0.0,897.5,6.66,0.114
2013-08-02,29.9,18.9,24.4,56,24,39,2.77,26.72,0.0,900.8,6.55,0.117
2013-08-03,30.7,17.8,24.7,49,20,33,2.7,28.77,0.0,901.2,7.04,0.117
2013-08-04,30.1,18.7,24.2,49,15,31,3.61,28.71,0.0,901.5,7.43,0.113
2013-08-05,28.4,18.4,23.2,48,15,30,3.81,29.04,0.0,901.7,7.37,0.111
2013-08-06,29.3,16.0,22.3,48,15,31,2.91,29.01,0.0,899.7,6.93,0.112
2013-08-07,29.0,17.7,23.0,53,16,32,3.38,28.61,0.0,899.7,7.12,0.111
2013-08-08,28.7,17.5,23.2,54,24,35,3.87,28.42,0.0,901.7,7.19,0.111
2013-08-09,29.8,18.1,23.6,55,22,37,3.63,28.14,0.0,900.2,7.02,0.11
2013-08-10,30.6,16.7,23.4,53,12,32,2.57,28.5,0.0,897.1,6.71,0.109
2013-08-11,32.6,15.7,24.5,41,15,27,1.4,27.71,0.0,895.5,6.08,0.11
2013-08-12,32.7,17.8,25.7,61,15,33,2.37,26.51,0.0,897.9,6.72,0.108
2013-08-13,32.5,20.2,26.3,41,17,29,2.66,25.91,0.0,900.4,6.85,0.109
2013-08-14,31.9,18.7,25.7,43,12,25,2.24,28.0,0.0,900.0,6.86,0.109
2013-08-15,31.5,17.1,25.1,35,17,26,2.4,27.5,0.0,899.9,6.83,0.11
2013-08-16,30.6,17.7,24.6,42,20,32,3.19,27.3,0.0,900.4,7.0,0.109
2013-08-17,30.9,19.1,24.8,57,25,40,2.81,24.64,0.0,899.5,6.19,0.107
2013-08-18,30.6,19.9,24.9,61,21,39,3.21,24.47,0.0,900.2,6.42,0.11
2013-08-19,29.5,18.4,24.0,58,22,37,3.7,25.55,0.0,900.9,6.78,0.109
2013-08-20,28.5,17.4,22.7,49,15,30,3.6,27.16,0.0,900.8,6.96,0.109
2013-08-21,29.9,15.8,22.8,47,13,29,2.7,27.21,0.0,900.5,6.67,0.11
2013-08-22,31.1,15.3,23.5,41,18,28,1.98,26.58,0.0,898.8,6.22,0.11
2013-08-23,32.2,16.8,24.9,42,16,28,1.83,24.44,0.0,898.2,5.95,0.11
2013-08-24,29.8,18.1,24.1,50,25,37,2.8,23.79,0.0,899.5,6.03,0.108
2013-08-25,31.0,16.5,24.1,57,20,37,2.05,23.61,0.0,900.2,5.78,0.108
2013-08-26,31.9,17.1,24.8,41,14,27,2.14,25.37,0.0,900.3,6.24,0.109
2013-08-27,32.7,16.8,25.2,38,14,25,1.86,25.81,0.0,900.5,6.18,0.112
2013-08-28,33.1,17.6,25.8,41,12,24,1.85,25.8,0.0,900.4,6.22,0.113
2013-08-29,33.8,15.6,25.8,41,12,24,1.58,25.51,0.0,899.6,5.98,0.114
2013-08-30,34.4,18.4,26.6,45,13,28,1.59,23.57,0.0,898.0,5.69,0.112
2013-08-31,29.8,19.5,24.6,57,30,43,2.73,22.27,0.0,898.5,5.72,0.109
2013-09-01,24.7,18.3,21.5,71,45,56,3.61,12.3,0.0,901.4,3.73,0.111
2013-09-02,27.8,15.5,21.6,62,23,43,2.14,24.38,0.0,902.9,5.44,0.116
2013-09-03,29.0,16.0,22.7,43,21,32,1.73,22.98,0.0,901.9,5.29,0.115
2013-09-04,26.4,15.8,20.7,40,23,32,3.43,23.3,0.0,901.8,6.03,0.114
2013-09-05,21.1,12.4,16.9,53,24,37,3.56,24.35,0.0,902.7,5.31,0.114
2013-09-06,24.6,9.4,17.1,51,18,34,1.86,24.38,0.0,900.5,5.04,0.115
2013-09-07,26.3,10.2,18.7,41,14,26,1.98,24.4,0.0,902.3,5.37,0.114
2013-09-08,26.4,11.8,19.5,35,15,25,2.11,23.99,0.0,902.1,5.49,0.113
2013-09-09,24.2,13.9,18.7,54,22,34,3.36,23.43,0.0,904.1,5.57,0.111
2013-09-10,26.6,9.7,18.5,52,15,32,1.62,23.97,0.0,904.6,4.99,0.11
2013-09-11,28.3,10.8,20.4,40,17,27,1.63,23.32,0.0,903.2,5.07,0.116
2013-09-12,30.5,13.2,22.2,44,17,29,1.78,23.03,0.0,903.4,5.3,0.116
2013-09-13,33.4,13.2,23.0,54,14,33,1.67,22.86,0.0,903.1,5.23,0.119
2013-09-14,34.4,14.2,24.1,59,11,34,2.67,22.72,0.0,900.2,6.27,0.121
2013-09-15,26.3,14.2,20.5,69,22,39,2.25,22.26,0.0,899.6,5.16,0.114
2013-09-16,28.0,11.4,19.7,59,20,31,1.54,22.61,0.0,898.1,4.71,0.115
2013-09-17,27.1,14.5,20.1,78,27,53,3.03,16.01,0.0,893.9,4.33,0.112
2013-09-18,29.0,12.4,20.6,84,21,52,2.36,20.11,0.0,893.7,4.87,0.108
2013-09-19,28.9,15.3,21.6,78,25,52,1.79,17.49,0.3,895.8,4.05,0.107
2013-09-20,29.1,13.3,21.4,82,24,52,1.72,18.98,0.0,898.2,4.32,0.109
2013-09-21,23.8,17.3,19.9,69,36,54,2.38,14.44,0.0,899.9,3.48,0.108
2013-09-22,21.8,13.1,17.5,59,25,41,3.0,17.65,0.0,900.2,4.38,0.107
2013-09-23,21.7,12.0,16.5,52,21,34,2.79,20.59,0.0,898.9,4.59,0.107
2013-09-24,24.3,7.6,16.2,54,12,31,1.77,21.24,0.0,897.3,4.46,0.11
2013-09-25,25.2,9.3,17.3,64,19,39,1.5,20.75,0.0,902.8,4.2,0.107
2013-09-26,27.0,9.3,18.5,55,15,35,1.42,20.8,0.0,904.5,4.27,0.111
2013-09-27,28.2,9.5,18.6,86,15,44,1.8,20.51,0.0,899.0,4.42,0.109
2013-09-28,25.7,12.3,19.1,64,21,41,2.02,19.74,0.0,899.5,4.32,0.108
2013-09-29,26.5,11.2,18.9,56,20,37,1.38,19.57,0.0,900.9,4.06,0.11
2013-09-30,28.7,9.7,19.5,67,19,41,1.47,19.87,0.0,899.9,4.24,0.114
2013-10-01,29.0,10.4,20.0,85,12,42,3.75,18.85,0.3,896.4,5.74,0.111
2013-10-02,24.6,14.9,19.2,65,22,41,3.53,14.67,0.5,894.4,4.37,0.114
2013-10-03,14.8,9.3,12.8,88,43,67,3.05,6.56,2.3,898.0,1.8,0.136
2013-10-04,10.9,4.0,7.2,69,36,51,3.55,14.28,0.0,903.2,2.54,0.145
2013-10-05,10.6,3.7,6.8,63,33,49,3.71,10.89,0.0,904.0,2.47,0.146
2013-10-06,12.0,2.9,7.3,66,29,46,3.67,15.31,0.0,905.6,2.87,0.142
2013-10-07,14.0,1.2,7.5,62,20,42,2.53,19.34,0.0,909.3,3.23,0.14
2013-10-08,17.8,0.8,8.7,64,15,39,1.92,19.18,0.0,910.2,3.42,0.14
2013-10-09,20.1,1.9,11.2,57,10,33,1.57,19.1,0.0,908.4,3.47,0.136
2013-10-10,24.8,0.2,12.4,57,5,28,1.21,18.89,0.0,905.2,3.49,0.14
2013-10-11,25.8,3.9,14.8,57,8,29,1.58,18.25,0.0,906.3,3.82,0.143
2013-10-12,24.9,8.2,16.6,48,20,33,2.51,17.54,0.0,906.3,4.27,0.135
2013-10-13,22.0,10.2,15.9,57,25,41,3.51,17.59,0.0,904.1,4.31,0.119
2013-10-14,19.3,7.8,13.1,66,26,46,3.09,17.72,0.0,904.5,3.65,0.107
2013-10-15,20.9,4.3,12.2,73,24,48,1.43,17.53,0.0,904.2,3.09,0.108
2013-10-16,25.9,5.0,14.6,60,11,37,2.03,17.37,0.0,900.6,3.91,0.112
2013-10-17,21.4,9.4,15.7,73,19,46,5.18,11.98,0.5,894.4,4.15,0.107
2013-10-18,16.9,12.2,14.1,86,32,55,4.4,14.27,6.9,891.9,3.32,0.185
2013-10-19,14.7,9.1,11.9,72,37,54,2.14,13.35,0.3,904.0,2.51,0.188
2013-10-20,13.9,5.5,9.9,65,32,50,2.37,15.33,0.0,911.4,2.69,0.185
2013-10-21,15.0,0.9,7.7,81,23,52,1.26,16.83,0.0,909.4,2.51,0.182
2013-10-22,18.4,0.1,8.8,74,16,46,1.09,16.5,0.0,905.7,2.67,0.182
2013-10-23,20.8,1.4,10.9,70,14,40,1.92,16.28,0.0,905.3,3.19,0.177
2013-10-24,17.9,6.4,11.3,65,23,45,2.91,16.11,0.0,906.5,3.29,0.162
2013-10-25,17.7,4.0,10.1,67,27,50,2.0,15.77,0.0,905.4,2.82,0.156
2013-10-26,19.7,2.3,10.6,79,16,48,2.12,15.71,0.0,904.1,3.05,0.154
2013-10-27,19.2,3.3,10.7,63,11,38,2.09,15.82,0.0,904.3,3.11,0.146
2013-10-28,20.4,0.2,9.8,58,6,33,1.48,15.58,0.0,903.9,2.84,0.145
2013-10-29,21.2,1.1,10.7,57,6,31,1.24,15.15,0.0,902.4,2.71,0.148
2013-10-30,22.3,3.2,12.1,47,12,30,1.27,14.94,0.0,902.5,2.79,0.147
2013-10-31,22.3,3.6,12.4,56,17,37,1.68,14.68,0.0,903.6,2.98,0.142
2013-11-01,21.3,7.1,12.9,56,20,41,1.95,14.52,0.0,905.2,2.98,0.138
2013-11-02,21.3,3.5,11.7,71,21,46,1.47,14.43,0.0,904.1,2.64,0.142
2013-11-03,23.0,2.6,11.6,74,16,45,1.18,14.34,0.0,903.2,2.51,0.148
2013-11-04,23.2,1.7,11.6,80,13,43,1.44,14.08,0.0,903.4,2.66,0.15
2013-11-05,20.1,7.8,13.0,73,22,46,1.98,11.38,0.0,902.2,2.56,0.145
2013-11-06,19.8,3.7,11.7,85,27,56,2.48,12.15,0.0,899.8,2.65,0.142
2013-11-07,19.1,10.6,14.0,70,30,54,2.26,7.59,0.2,898.9,2.05,0.141
2013-11-08,12.9,7.7,10.3,80,57,70,2.51,2.79,0.0,902.8,1.0,0.146
2013-11-09,14.7,6.8,10.3,83,49,66,1.97,10.56,0.0,904.5,1.81,0.147
2013-11-10,17.4,0.9,7.8,91,32,65,1.08,13.48,0.0,901.7,2.04,0.15
2013-11-11,20.5,0.1,9.0,94,20,61,1.58,12.92,0.0,901.6,2.19,0.15
2013-11-12,18.0,0.1,8.8,92,32,61,1.28,11.83,0.0,903.6,1.99,0.149
2013-11-13,17.6,0.5,8.3,86,27,58,1.3,12.98,0.0,902.5,2.05,0.151
2013-11-14,19.3,-0.5,8.2,80,26,53,1.17,12.35,0.0,899.0,2.03,0.153
2013-11-15,17.7,4.1,9.6,85,28,58,1.42,11.51,0.4,898.9,2.02,0.15
2013-11-16,13.8,3.8,8.0,83,52,68,2.09,11.35,0.0,902.0,1.79,0.151
2013-11-17,12.0,1.8,6.6,90,47,68,1.72,11.8,0.0,901.5,1.73,0.155
2013-11-18,12.9,1.1,6.3,82,47,65,1.5,11.98,0.0,902.5,1.68,0.156
2013-11-19,15.2,-0.2,6.4,90,41,69,1.24,11.87,0.0,903.9,1.68,0.16
2013-11-20,17.4,-0.9,7.3,90,31,64,1.43,11.95,0.0,902.7,1.92,0.162
2013-11-21,19.1,0.8,8.8,84,25,58,1.23,11.6,0.0,899.7,1.83,0.156
2013-11-22,15.1,3.9,8.7,92,54,79,1.78,6.4,3.8,898.7,1.18,0.174
2013-11-23,18.5,6.3,10.5,96,41,77,1.81,10.26,0.0,898.0,1.79,0.191
2013-11-24,17.7,5.3,10.5,89,42,70,1.68,9.02,0.0,898.0,1.61,0.185
2013-11-25,18.7,7.6,11.9,87,28,63,2.45,8.74,0.0,898.7,2.02,0.179
2013-11-26,12.9,9.8,11.2,87,73,80,2.19,4.53,2.8,896.9,0.93,0.186
2013-11-27,14.8,6.5,10.6,94,66,83,1.2,7.96,1.2,898.4,1.17,0.205
2013-11-28,12.6,5.5,8.5,96,55,79,1.62,8.74,3.6,901.9,1.3,0.254
2013-11-29,9.5,2.0,6.9,74,46,64,1.68,6.23,0.0,900.6,1.11,0.243
2013-11-30,8.3,-0.7,3.2,70,35,54,1.27,11.4,0.0,905.8,1.45,0.233
2013-12-01,13.2,-0.5,6.2,73,25,51,0.76,9.45,0.0,907.0,1.33,0.225
2013-12-02,18.7,4.6,10.3,80,28,52,1.55,9.97,0.1,902.8,1.88,0.218
2013-12-03,7.4,2.0,5.4,90,45,70,2.67,3.18,0.2,903.9,0.85,0.214
2013-12-04,2.1,-0.7,0.6,78,58,67,2.13,4.5,3.6,901.6,0.77,0.21
2013-12-05,3.9,-2.6,0.5,97,67,84,0.94,7.34,0.0,898.7,0.77,0.211
2013-12-06,10.0,-5.5,0.1,97,33,73,1.48,11.04,0.0,898.1,1.3,0.212
2013-12-07,11.2,-2.7,3.5,89,40,73,2.78,8.33,0.0,894.9,1.4,0.207
2013-12-08,2.1,-4.7,-1.3,86,29,56,2.7,11.19,0.3,903.1,1.33,0.206
2013-12-09,1.2,-6.0,-3.3,64,40,54,1.48,10.93,0.0,907.5,1.16,0.204
2013-12-10,3.2,-6.6,-2.0,93,50,67,1.91,6.02,2.9,899.8,0.81,0.206
2013-12-11,-0.9,-6.3,-4.0,83,54,67,6.7,7.33,2.2,900.2,0.98,0.205
2013-12-12,-5.0,-10.7,-7.7,75,58,68,4.92,8.77,0.0,899.6,0.76,0.202
2013-12-13,-3.6,-9.7,-7.0,76,60,69,3.52,8.96,0.0,898.5,0.75,0.201
2013-12-14,-1.5,-11.9,-7.6,71,41,61,1.82,10.86,0.0,905.2,0.99,0.199
2013-12-15,1.2,-13.6,-6.8,68,29,49,1.39,10.56,0.0,909.4,1.05,0.197
2013-12-16,3.6,-8.5,-2.9,70,41,54,1.02,10.33,0.0,908.3,1.05,0.195
2013-12-17,3.2,-3.8,-0.3,77,56,65,1.46,8.01,0.0,909.1,0.89,0.193
2013-12-18,1.6,-2.5,-0.5,87,62,76,1.04,7.26,0.0,907.1,0.74,0.19
2013-12-19,3.1,-3.8,-1.3,85,53,73,0.81,10.14,0.0,906.1,0.98,0.191
2013-12-20,5.8,-5.7,-1.4,86,37,66,0.66,10.14,0.0,909.2,1.07,0.192
2013-12-21,5.8,-7.8,-2.4,88,44,71,1.02,10.44,0.0,912.2,1.09,0.186
2013-12-22,5.4,-8.0,-3.3,90,31,69,0.97,9.98,0.0,913.3,1.05,0.185
2013-12-23,5.9,-11.0,-4.0,89,20,55,0.98,10.75,0.0,910.5,1.18,0.185
2013-12-24,7.2,-12.3,-3.3,69,15,41,0.95,10.85,0.0,908.9,1.25,0.186
2013-12-25,5.9,-4.5,0.6,45,23,34,0.69,7.12,0.0,906.0,0.94,0.188
2013-12-26,10.0,-3.2,2.5,50,21,35,1.04,10.1,0.0,902.9,1.39,0.192
2013-12-27,11.1,-5.0,2.4,85,25,53,1.39,10.25,0.0,902.7,1.47,0.194
2013-12-28,11.8,-0.3,5.6,72,36,55,1.24,9.57,0.8,900.3,1.46,0.193
2013-12-29,10.5,3.0,6.3,93,55,76,1.27,8.8,0.4,900.0,1.22,0.204
2013-12-30,5.6,3.2,4.2,92,84,87,1.7,2.39,6.3,899.2,0.39,0.251
2013-12-31,9.1,0.4,4.0,98,60,83,1.07,7.76,0.0,902.2,0.96,0.27
2014-01-01,7.0,-1.9,2.0,95,70,86,0.98,9.57,0.0,903.1,1.04,0.256
2014-01-02,8.9,-0.7,3.6,95,56,81,1.22,9.18,0.0,904.0,1.13,0.247
2014-01-03,6.1,1.5,3.9,96,85,90,1.43,3.41,8.7,904.6,0.49,0.274
2014-01-04,7.9,2.9,5.1,96,68,86,0.87,4.15,2.9,905.2,0.63,0.331
2014-01-05,7.6,1.9,4.3,97,64,84,1.05,5.81,0.0,905.7,0.79,0.297
2014-01-06,6.0,-2.1,1.5,94,64,85,0.82,10.02,0.0,905.9,1.04,0.277
2014-01-07,3.8,-1.7,0.7,91,58,80,0.9,9.96,0.0,905.9,0.99,0.267
2014-01-08,4.1,-3.0,0.1,93,51,78,1.1,10.84,0.0,905.4,1.08,0.262
2014-01-09,5.4,-1.5,1.0,89,52,76,0.91,9.8,0.0,903.0,1.04,0.257
2014-01-10,6.2,-2.7,0.2,95,50,79,1.12,11.37,0.0,902.3,1.2,0.253
2014-01-11,7.7,-5.1,0.1,94,39,75,1.12,10.75,0.0,902.2,1.22,0.252
2014-01-12,8.9,-5.3,0.6,90,40,71,1.09,10.25,0.0,902.4,1.25,0.25
2014-01-13,9.9,-4.9,1.2,96,56,80,1.31,10.62,0.0,901.5,1.25,0.248
2014-01-14,6.5,-1.3,1.9,96,59,81,0.91,6.56,0.5,901.9,0.8,0.246
2014-01-15,11.1,-4.1,2.8,98,51,79,1.49,11.31,0.0,903.5,1.44,0.247
2014-01-16,9.8,-1.4,3.9,92,51,74,1.76,6.82,0.0,902.3,1.07,0.244
2014-01-17,12.7,1.3,5.8,88,44,71,1.42,9.26,0.0,903.0,1.4,0.24
2014-01-18,14.9,-2.4,5.1,92,38,69,1.46,12.0,0.0,904.8,1.69,0.236
2014-01-19,15.1,-1.1,5.5,94,39,73,1.2,8.65,0.0,903.6,1.28,0.232
2014-01-20,17.1,-2.0,5.7,99,34,75,2.02,10.55,0.0,901.6,1.69,0.227
2014-01-21,18.6,-0.2,7.2,95,21,66,2.24,11.31,0.0,900.7,2.08,0.22
2014-01-22,16.0,2.9,8.6,85,25,61,2.79,11.53,0.0,897.7,2.19,0.212
2014-01-23,11.8,3.2,6.6,96,47,77,1.41,9.76,2.3,900.9,1.36,0.232
2014-01-24,13.6,-2.2,4.7,95,37,70,1.57,11.37,0.0,899.8,1.64,0.231
2014-01-25,12.0,2.9,7.1,86,55,75,3.2,7.6,1.2,895.7,1.34,0.231
2014-01-26,8.1,3.3,6.9,96,76,87,3.45,2.6,28.1,889.5,0.58,0.329
2014-01-27,11.0,2.9,6.9,95,56,76,3.59,8.82,4.4,886.8,1.46,0.364
2014-01-28,11.9,3.7,7.0,95,51,78,2.51,9.39,0.4,889.6,1.47,0.34
2014-01-29,11.6,5.2,8.2,83,52,68,4.22,7.57,3.0,894.3,1.66,0.337
2014-01-30,10.6,1.1,5.5,95,39,68,1.76,10.95,0.0,904.1,1.6,0.335
2014-01-31,7.8,-1.1,3.2,83,43,64,0.94,12.08,0.0,908.3,1.5,0.319
2014-02-01,8.2,-2.8,2.4,83,43,67,1.88,13.78,0.0,907.2,1.73,0.311
2014-02-02,3.5,-2.8,0.1,84,47,69,2.2,11.31,0.0,902.8,1.28,0.304
2014-02-03,3.9,-3.0,-0.2,82,39,64,2.44,11.45,0.0,900.4,1.36,0.3
2014-02-04,4.0,-5.2,-1.2,82,38,61,2.37,12.99,0.0,902.5,1.48,0.295
2014-02-05,6.0,-6.9,-1.2,79,28,56,1.18,14.91,0.0,903.0,1.71,0.293
2014-02-06,8.0,-6.4,0.0,75,27,54,0.92,15.01,0.0,899.6,1.78,0.293
2014-02-07,11.2,-6.1,1.4,80,23,54,1.06,14.7,0.0,900.4,1.93,0.294
2014-02-08,12.8,-3.4,3.0,83,26,59,1.62,15.19,0.0,903.2,2.16,0.294
2014-02-09,13.1,-1.6,4.5,91,35,67,2.52,12.61,0.0,903.3,2.02,0.289
2014-02-10,13.7,1.0,6.7,86,45,72,2.68,9.59,0.0,901.3,1.71,0.283
2014-02-11,14.4,0.1,6.6,99,38,72,1.6,14.13,0.0,904.2,2.11,0.277
2014-02-12,18.3,-0.5,7.7,83,24,57,1.63,15.43,0.0,902.1,2.58,0.268
2014-02-13,17.7,0.2,7.9,95,22,59,2.18,13.51,0.0,899.2,2.52,0.26
2014-02-14,15.0,4.7,8.9,85,31,52,2.97,11.98,0.6,894.9,2.4,0.256
2014-02-15,10.9,3.1,6.8,91,55,77,1.8,12.73,1.0,894.7,1.77,0.264
2014-02-16,10.5,3.4,6.8,92,52,76,2.51,7.59,0.4,901.5,1.3,0.274
2014-02-17,13.5,-0.2,5.9,88,37,68,1.36,16.49,0.0,905.4,2.32,0.268
2014-02-18,20.7,-1.7,8.2,90,12,57,1.36,16.86,0.0,906.9,2.65,0.26
2014-02-19,19.5,-1.6,8.2,87,23,57,1.25,17.02,0.0,907.3,2.71,0.252
2014-02-20,21.5,-1.4,8.8,87,5,50,1.47,17.36,0.0,904.0,2.88,0.244
2014-02-21,20.8,-0.7,9.5,85,14,50,1.5,16.86,0.0,900.6,2.97,0.236
2014-02-22,18.6,5.2,11.0,75,14,44,2.09,14.63,0.0,896.3,3.0,0.224
2014-02-23,19.5,0.3,9.2,78,20,49,2.02,17.13,0.0,897.9,3.17,0.214
2014-02-24,15.9,2.5,8.3,88,41,69,2.6,13.92,4.8,897.6,2.31,0.225
2014-02-25,11.0,4.2,6.8,97,59,83,1.46,12.0,3.0,895.7,1.64,0.274
2014-02-26,9.1,4.8,6.8,86,64,77,1.4,8.29,0.0,901.8,1.18,0.298
2014-02-27,11.1,2.6,6.9,92,51,69,1.61,17.21,0.3,902.2,2.3,0.284
2014-02-28,12.2,-1.0,5.7,83,37,61,0.98,18.51,0.0,901.7,2.51,0.272
2014-03-01,15.7,-0.1,7.3,98,33,69,1.88,15.91,0.0,898.9,2.54,0.259
2014-03-02,19.0,5.7,11.9,83,25,51,4.52,17.86,0.0,891.7,3.91,0.248
2014-03-03,14.4,9.0,11.3,76,39,59,3.64,8.37,0.1,892.8,2.3,0.24
2014-03-04,14.2,7.0,9.9,76,34,59,4.36,16.34,1.2,891.4,2.95,0.248
2014-03-05,16.6,3.8,9.7,82,34,61,3.22,14.68,0.7,896.6,2.84,0.241
2014-03-06,16.1,6.0,10.4,81,34,60,2.27,14.49,0.3,897.3,2.64,0.235
2014-03-07,12.8,2.2,7.2,94,48,76,1.59,11.11,2.0,900.2,1.74,0.237
2014-03-08,20.7,7.1,12.3,88,30,61,2.38,18.91,0.3,895.7,3.48,0.263
2014-03-09,14.5,4.2,9.0,92,61,79,1.83,12.47,5.6,895.9,1.88,0.264
2014-03-10,13.2,6.1,9.3,94,53,77,1.28,9.34,10.4,892.2,1.57,0.349
2014-03-11,14.3,3.6,8.0,88,38,67,2.51,18.26,1.2,893.8,2.76,0.323
2014-03-12,6.6,2.6,4.3,93,51,71,3.06,9.52,0.1,897.0,1.48,0.315
2014-03-13,5.4,1.4,3.4,69,44,58,5.11,17.68,0.8,899.8,2.28,0.304
2014-03-14,7.7,-1.0,3.1,77,35,56,3.7,17.37,0.0,904.2,2.27,0.294
2014-03-15,12.6,-3.4,4.5,87,28,58,1.6,21.65,0.0,902.5,3.05,0.282
2014-03-16,12.4,-1.4,5.7,86,43,67,2.54,9.1,0.1,896.3,1.73,0.275
2014-03-17,13.8,4.8,9.1,83,41,65,2.09,16.6,1.3,897.8,2.52,0.277
2014-03-18,15.9,2.3,9.5,89,31,60,1.93,20.78,0.0,900.9,3.29,0.282
2014-03-19,18.4,1.8,9.8,83,26,54,1.29,21.93,0.0,903.1,3.58,0.268
2014-03-20,19.7,1.7,10.7,87,26,56,2.24,21.3,0.1,902.1,3.96,0.252
2014-03-21,14.9,4.4,9.2,69,24,51,2.79,20.7,0.0,906.2,3.44,0.239
2014-03-22,19.6,1.5,10.5,74,17,46,1.28,22.68,0.0,903.2,3.8,0.224
2014-03-23,20.8,1.7,11.5,86,15,46,1.45,22.1,0.0,899.1,3.92,0.212
2014-03-24,22.9,3.1,13.0,84,14,46,2.08,22.94,0.0,898.6,4.45,0.202
2014-03-25,20.2,4.0,12.2,84,14,47,3.19,20.83,0.0,894.7,4.4,0.191
2014-03-26,19.1,5.7,11.1,77,21,52,2.62,20.71,0.0,899.1,3.92,0.18
2014-03-27,20.5,1.1,10.6,85,19,52,2.13,22.98,0.0,902.1,4.21,0.17
2014-03-28,21.9,4.8,13.5,80,18,44,4.0,21.62,0.1,899.7,5.04,0.161
2014-03-29,13.1,6.4,10.2,63,40,54,3.63,14.84,4.4,892.4,3.0,0.166
2014-03-30,5.9,-0.3,3.0,53,23,37,5.3,23.85,0.0,899.3,3.25,0.182
2014-03-31,14.4,-3.8,5.0,64,16,38,1.41,24.68,0.0,898.3,3.64,0.175
2014-04-01,18.5,-0.6,9.6,67,15,37,1.48,23.19,0.0,894.4,4.07,0.166
2014-04-02,17.9,4.1,11.4,81,17,44,2.2,19.56,0.1,896.2,3.81,0.156
2014-04-03,17.9,3.5,10.7,80,28,55,1.92,19.49,1.5,898.9,3.5,0.16
2014-04-04,21.2,3.0,12.2,93,19,58,1.94,23.55,0.0,901.7,4.34,0.174
2014-04-05,22.1,4.9,13.1,90,14,52,2.22,17.7,0.0,902.3,3.74,0.161
2014-04-06,23.9,4.7,14.4,78,7,39,1.6,23.84,0.0,900.1,4.67,0.148
2014-04-07,23.2,7.8,15.1,67,11,35,3.71,21.82,0.4,896.8,5.34,0.136
2014-04-08,15.1,6.1,10.4,85,45,66,1.85,16.65,4.4,896.9,2.8,0.145
2014-04-09,17.1,4.2,10.7,95,30,65,1.36,22.19,0.2,897.7,3.65,0.171
2014-04-10,19.4,2.8,11.6,98,25,61,2.59,22.62,0.0,897.5,4.23,0.164
2014-04-11,19.1,5.9,12.7,78,26,49,3.85,20.72,0.0,900.3,4.38,0.154
2014-04-12,19.7,7.1,12.9,84,20,49,3.46,22.02,0.0,900.1,4.49,0.143
2014-04-13,19.3,4.2,11.9,80,19,48,1.6,24.45,0.0,899.1,4.16,0.137
2014-04-14,19.6,6.4,12.5,78,23,53,2.18,20.75,0.1,898.8,4.04,0.133
2014-04-15,19.5,9.5,13.4,78,28,56,1.31,22.23,0.7,898.3,3.88,0.129
2014-04-16,22.8,6.5,15.1,86,18,50,2.02,22.08,0.0,898.6,4.43,0.125
2014-04-17,24.6,9.7,17.2,75,21,46,2.63,22.02,1.2,897.0,5.02,0.119
2014-04-18,21.7,11.1,16.8,78,24,49,5.52,20.82,0.3,895.9,5.21,0.117
2014-04-19,20.4,10.5,14.6,62,30,47,4.83,23.01,0.1,898.5,4.74,0.113
2014-04-20,22.6,3.0,13.0,89,11,48,1.45,26.49,0.0,899.5,4.77,0.115
2014-04-21,21.1,6.2,13.9,82,14,46,2.15,22.11,0.0,899.3,4.33,0.115
2014-04-22,24.5,6.3,16.2,67,26,42,2.25,24.18,0.0,902.7,5.11,0.116
2014-04-23,27.4,10.0,19.5,88,14,43,2.17,26.23,0.0,904.0,5.67,0.115
2014-04-24,29.6,10.4,20.5,63,14,34,2.29,24.98,0.4,901.1,5.95,0.115
2014-04-25,28.2,13.1,20.7,64,10,33,2.98,20.1,0.0,895.3,5.66,0.113
2014-04-26,26.3,7.9,18.0,80,14,41,1.92,27.76,0.0,895.2,5.75,0.104
2014-04-27,26.4,10.1,18.0,85,17,48,2.58,25.88,0.2,896.2,5.71,0.102
2014-04-28,21.8,9.2,15.7,83,19,45,4.21,23.27,0.0,895.7,5.34,0.102
2014-04-29,19.5,10.7,14.9,54,24,41,3.92,24.35,0.2,896.5,5.14,0.102
2014-04-30,23.2,5.8,14.2,73,19,46,3.86,26.06,0.6,895.5,5.6,0.107
2014-05-01,21.1,10.4,15.5,65,25,44,2.86,22.46,0.1,896.5,4.81,0.11
2014-05-02,21.8,7.8,15.0,82,21,50,3.09,23.46,0.3,897.2,4.95,0.108
2014-05-03,25.5,8.0,16.8,85,18,48,2.46,26.9,0.0,899.1,5.74,0.108
2014-05-04,29.0,10.1,20.1,70,12,35,4.41,26.68,0.0,899.0,7.27,0.106
2014-05-05,25.0,14.5,18.9,75,25,43,3.79,16.12,0.8,897.4,4.64,0.107
2014-05-06,20.6,8.9,14.4,91,42,66,1.94,22.22,3.5,898.9,3.94,0.136
2014-05-07,22.2,11.5,16.4,84,26,54,3.73,20.78,0.5,901.2,4.57,0.167
2014-05-08,14.4,11.7,13.3,89,60,72,2.81,10.35,11.9,896.0,2.08,0.199
2014-05-09,17.2,11.1,14.2,89,47,72,5.36,16.86,3.8,893.9,3.16,0.296
2014-05-10,20.1,8.0,13.8,87,30,62,2.84,23.67,2.1,897.9,4.32,0.279
2014-05-11,20.5,7.4,14.3,87,21,53,1.62,26.36,0.0,898.4,4.67,0.254
2014-05-12,22.6,7.3,15.0,92,25,57,1.65,25.83,0.0,900.6,4.87,0.222
2014-05-13,24.6,8.5,16.7,92,26,57,2.04,24.63,1.4,902.0,4.96,0.204
2014-05-14,28.1,9.9,19.5,84,17,48,1.81,28.88,0.0,901.8,6.0,0.187
2014-05-15,30.3,11.5,21.2,83,12,41,3.45,28.74,0.0,898.7,7.22,0.16
2014-05-16,29.4,10.4,20.3,80,7,36,3.1,29.78,0.0,898.2,7.15,0.134
2014-05-17,28.6,9.2,18.4,73,7,37,2.83,29.14,0.0,900.0,6.8,0.116
2014-05-18,22.9,8.8,16.7,75,16,40,2.45,27.27,0.0,901.6,5.71,0.111
2014-05-19,23.5,10.2,17.4,53,13,32,2.4,27.61,0.0,903.6,5.82,0.108
2014-05-20,23.8,10.5,18.3,39,12,25,1.76,25.03,0.0,902.0,5.4,0.108
2014-05-21,23.8,11.8,18.5,55,26,34,3.33,25.88,0.3,899.4,6.0,0.109
2014-05-22,24.1,13.1,19.2,63,28,43,1.63,24.94,0.6,899.3,5.1,0.109
2014-05-23,23.0,12.1,16.9,86,32,58,1.3,20.07,4.5,898.9,3.89,0.128
2014-05-24,23.8,10.0,16.9,89,31,58,1.37,22.63,1.0,899.8,4.48,0.165
2014-05-25,24.6,11.2,18.6,80,24,48,1.56,20.58,0.0,901.7,4.36,0.166
2014-05-26,24.4,12.6,19.1,73,30,47,2.1,23.94,0.0,901.5,5.2,0.157
2014-05-27,27.2,11.8,19.4,82,23,52,2.25,24.42,1.2,899.7,5.35,0.154
2014-05-28,28.6,12.6,20.5,86,20,49,2.01,25.26,0.1,898.9,5.64,0.146
2014-05-29,29.7,13.0,21.8,79,20,44,2.52,27.56,0.3,899.4,6.48,0.142
2014-05-30,29.4,14.4,22.3,81,16,41,3.68,27.19,0.0,898.5,7.12,0.139
2014-05-31,28.2,12.8,20.8,55,19,33,2.59,29.05,0.0,894.8,6.68,0.13
2014-06-01,22.3,12.9,16.6,71,30,55,1.7,20.38,2.4,896.3,4.01,0.132
2014-06-02,23.3,12.2,17.5,80,28,52,2.06,23.02,0.4,897.5,4.76,0.149
2014-06-03,25.5,11.5,18.7,81,14,45,1.73,28.98,0.0,900.9,5.74,0.146
2014-06-04,30.3,15.9,22.9,66,11,37,3.72,25.14,0.2,899.0,6.97,0.145
2014-06-05,23.1,16.6,19.8,62,24,38,3.17,21.61,0.9,893.6,5.28,0.144
2014-06-06,22.8,13.5,17.3,84,40,64,1.33,20.91,5.4,895.8,3.96,0.154
2014-06-07,20.3,14.7,17.2,86,48,70,1.13,18.82,3.5,896.7,3.48,0.196
2014-06-08,22.4,12.1,17.1,95,41,72,1.08,20.3,3.2,898.0,3.85,0.211
2014-06-09,24.9,13.1,18.5,92,37,69,1.36,23.72,4.0,899.0,4.62,0.228
2014-06-10,26.2,14.0,19.0,87,36,68,2.09,21.57,4.6,900.3,4.42,0.227
2014-06-11,26.4,12.8,19.9,90,28,57,1.96,24.24,0.0,899.6,5.15,0.224
2014-06-12,25.0,15.9,19.9,67,21,45,3.89,26.67,0.0,899.7,6.24,0.193
2014-06-13,26.5,13.9,20.0,63,17,38,2.61,30.65,0.0,899.6,6.55,0.165
2014-06-14,29.4,12.1,21.6,59,17,35,1.56,29.76,0.0,898.6,6.41,0.145
2014-06-15,31.4,13.5,23.5,82,15,40,1.55,28.39,0.0,900.0,6.31,0.131
2014-06-16,30.4,15.1,22.8,83,15,44,2.32,27.95,0.0,901.1,6.61,0.122
2014-06-17,29.7,15.6,23.1,67,17,40,2.34,28.35,0.0,902.6,6.54,0.114
2014-06-18,32.0,16.5,25.0,56,19,35,2.27,28.12,0.0,903.7,6.85,0.11
2014-06-19,32.3,18.3,25.5,53,14,32,2.94,29.15,0.0,900.6,7.58,0.11
2014-06-20,29.3,15.3,23.2,54,13,33,4.23,31.49,0.0,894.2,8.15,0.112
2014-06-21,26.0,16.2,20.9,62,29,44,2.21,25.82,0.0,898.6,5.65,0.113
2014-06-22,27.5,14.1,22.0,75,21,41,2.46,26.63,0.0,902.4,6.28,0.115
2014-06-23,27.5,15.9,22.1,49,15,31,3.11,30.55,0.0,905.3,7.24,0.112
2014-06-24,28.0,15.8,22.0,44,15,28,3.59,31.28,0.0,903.0,7.57,0.107
2014-06-25,30.5,15.1,23.6,37,12,24,3.32,31.13,0.0,901.0,7.93,0.105
2014-06-26,34.5,17.2,26.5,41,12,26,2.22,30.62,0.0,903.3,7.58,0.103
2014-06-27,34.8,19.6,28.1,40,12,24,1.99,29.23,0.1,905.7,7.42,0.102
2014-06-28,33.7,17.5,26.7,37,12,23,3.0,26.57,0.0,901.8,7.57,0.103
2014-06-29,31.0,17.4,24.7,62,22,36,3.52,29.51,0.0,900.5,7.45,0.104
2014-06-30,32.5,18.0,25.7,54,17,33,2.2,29.89,0.0,901.1,7.12,0.104
2014-07-01,34.3,18.0,27.2,48,16,29,1.87,28.17,0.0,901.3,6.96,0.104
2014-07-02,34.6,20.2,27.7,48,13,30,2.71,29.75,0.0,904.4,7.83,0.103
2014-07-03,33.1,20.6,27.3,45,14,27,3.26,30.57,0.0,902.4,8.2,0.102
2014-07-04,30.7,20.0,25.9,42,18,29,3.4,29.21,0.0,896.5,7.83,0.102
2014-07-05,27.5,17.6,22.8,66,24,41,4.83,25.71,0.7,897.5,6.95,0.106
2014-07-06,29.1,16.3,23.3,60,23,39,2.93,30.05,0.0,901.0,6.94,0.108
2014-07-07,32.6,16.2,25.0,48,14,30,2.01,30.52,0.0,901.4,7.16,0.108
2014-07-08,32.5,18.3,26.4,39,15,26,2.22,27.06,0.0,900.2,6.94,0.108
2014-07-09,35.0,18.8,27.5,41,13,26,1.99,30.03,0.0,897.6,7.39,0.107
2014-07-10,36.1,18.2,28.1,75,15,38,2.31,29.73,0.0,897.1,7.66,0.105
2014-07-11,37.3,18.9,28.6,70,11,33,2.53,28.3,0.0,899.2,7.75,0.105
2014-07-12,35.9,18.4,28.0,57,5,24,4.25,30.86,0.0,898.7,9.52,0.105
2014-07-13,32.7,19.3,26.3,59,14,32,2.33,29.48,0.0,899.3,7.23,0.101
2014-07-14,32.3,20.4,26.5,53,18,31,2.85,29.33,0.0,898.5,7.61,0.101
2014-07-15,33.8,19.7,27.2,35,15,25,1.96,29.29,0.0,897.1,7.16,0.1
2014-07-16,34.2,19.0,26.7,68,12,35,2.9,30.21,0.0,896.4,7.91,0.098
2014-07-17,33.3,16.3,25.5,65,15,39,1.5,29.39,0.0,898.3,6.51,0.098
2014-07-18,34.2,20.8,27.2,54,17,37,2.1,27.1,0.0,897.3,6.64,0.098
2014-07-19,31.0,20.4,26.1,53,25,40,3.19,24.56,0.0,896.8,6.66,0.098
2014-07-20,29.5,20.5,25.3,54,26,37,3.49,24.8,0.2,897.1,6.8,0.1
2014-07-21,29.5,19.4,24.8,55,24,37,3.4,24.25,0.0,898.6,6.62,0.101
2014-07-22,32.3,19.0,25.9,48,21,35,1.95,25.87,0.0,899.0,6.28,0.101
2014-07-23,35.2,18.0,27.6,55,20,33,1.68,28.64,0.0,898.3,6.92,0.104
2014-07-24,35.4,17.5,27.2,72,13,35,2.58,29.92,0.0,896.5,7.76,0.106
2014-07-25,33.2,19.1,26.6,61,17,37,2.62,28.12,0.0,896.6,7.22,0.104
2014-07-26,31.7,22.4,27.0,49,23,31,3.5,25.11,0.0,897.0,7.23,0.104
2014-07-27,33.0,19.8,26.7,50,19,35,2.31,25.5,0.0,900.3,6.45,0.105
2014-07-28,34.7,18.7,27.6,49,12,29,1.76,28.81,0.0,901.8,6.91,0.106
2014-07-29,36.1,19.1,28.3,51,14,29,1.93,28.67,0.0,898.8,7.21,0.106
2014-07-30,36.0,20.3,28.7,63,13,33,1.87,27.82,0.0,897.9,6.84,0.105
2014-07-31,36.4,21.6,29.4,42,12,26,2.27,28.37,0.0,898.1,7.6,0.103
2014-08-01,37.0,19.5,28.8,69,15,36,2.25,28.08,0.0,896.6,7.42,0.101
2014-08-02,35.8,17.0,27.2,64,10,33,2.05,29.24,0.0,895.5,7.17,0.099
2014-08-03,33.8,19.4,27.2,64,16,38,2.31,27.3,0.0,895.9,7.01,0.1
2014-08-04,32.3,21.7,26.3,69,26,42,2.33,21.79,1.5,895.6,5.67,0.106
2014-08-05,29.4,19.9,24.6,69,31,49,2.39,23.68,0.0,894.9,5.64,0.136
2014-08-06,30.0,17.3,24.3,64,26,42,1.76,24.43,0.0,896.6,5.62,0.144
2014-08-07,34.5,17.5,25.8,69,14,39,2.15,25.28,0.0,896.5,6.42,0.141
2014-08-08,32.7,16.6,24.7,72,18,43,1.56,25.0,0.0,898.2,5.83,0.134
2014-08-09,30.9,19.1,25.6,55,23,38,2.7,25.02,0.0,899.4,6.5,0.125
2014-08-10,30.7,20.2,25.4,54,21,37,3.57,25.65,0.0,901.1,6.94,0.12
2014-08-11,31.3,18.8,25.3,47,18,33,2.84,27.04,0.0,901.6,6.9,0.122
2014-08-12,32.7,18.7,25.9,42,15,29,2.82,24.98,0.0,900.4,6.81,0.12
2014-08-13,32.2,19.2,25.6,48,13,29,3.35,27.88,0.0,901.0,7.49,0.117
2014-08-14,34.2,19.0,26.7,51,18,32,2.17,27.35,0.0,900.6,6.71,0.115
2014-08-15,36.2,16.9,28.2,57,10,28,1.83,26.76,0.0,899.5,6.65,0.113
2014-08-16,36.2,19.8,29.0,46,9,25,2.12,27.42,0.0,899.4,6.94,0.11
2014-08-17,37.2,18.4,28.9,39,8,20,1.44,27.69,0.0,895.5,6.46,0.112
2014-08-18,34.8,20.2,27.1,63,14,36,1.9,25.5,0.0,894.6,6.12,0.111
2014-08-19,31.4,20.0,25.6,65,26,45,3.09,22.39,0.0,899.7,6.11,0.111
2014-08-20,31.5,20.3,25.9,62,26,44,2.82,20.8,0.0,903.0,5.58,0.106
2014-08-21,33.7,19.2,27.0,57,12,32,2.0,26.5,0.0,903.6,6.43,0.102
2014-08-22,33.6,19.6,27.2,35,12,22,2.44,26.36,0.0,903.0,6.99,0.102
2014-08-23,32.3,20.4,26.3,47,16,26,3.4,26.1,0.0,902.4,7.42,0.102
2014-08-24,32.3,18.8,26.1,50,15,30,2.42,26.27,0.0,900.8,6.58,0.102
2014-08-25,34.3,19.0,27.2,38,14,26,1.92,25.92,0.0,900.4,6.43,0.101
2014-08-26,35.6,20.9,28.1,50,14,27,1.94,25.49,0.0,900.5,6.29,0.1
2014-08-27,37.0,21.5,29.7,38,11,24,1.78,25.34,0.0,899.2,6.37,0.101
2014-08-28,37.7,20.4,29.5,47,11,26,2.06,24.09,0.0,897.5,6.6,0.1
2014-08-29,32.9,23.4,27.6,56,24,38,3.5,23.63,0.0,900.8,6.74,0.099
2014-08-30,32.2,19.9,26.1,65,25,43,2.46,23.77,0.0,902.6,5.93,0.1
2014-08-31,33.9,18.0,26.2,58,14,35,1.58,23.95,0.0,900.2,5.54,0.1
2014-09-01,34.1,18.3,26.5,62,17,35,1.97,23.42,0.0,897.1,5.93,0.1
2014-09-02,33.2,18.7,26.4,68,18,41,1.57,23.16,0.0,897.0,5.36,0.098
2014-09-03,32.8,19.0,26.4,75,18,43,1.74,21.33,0.0,898.7,5.25,0.098
2014-09-04,34.2,17.7,26.3,76,14,40,1.97,24.35,0.0,898.7,5.99,0.097
2014-09-05,32.5,16.0,24.6,66,11,37,1.53,24.58,0.0,895.7,5.46,0.099
2014-09-06,32.3,18.7,24.8,76,18,47,2.34,22.5,0.0,895.0,5.63,0.1
2014-09-07,30.8,17.5,24.0,73,23,47,1.79,21.06,0.0,898.3,4.97,0.099
2014-09-08,30.4,17.2,23.4,76,20,49,1.82,21.02,0.0,900.0,4.9,0.101
2014-09-09,27.6,18.5,22.6,63,35,51,1.66,20.36,0.0,900.9,4.49,0.102
2014-09-10,27.1,17.5,21.5,69,30,53,1.67,17.85,0.6,899.9,4.03,0.109
2014-09-11,26.8,15.1,21.0,83,30,55,1.43,19.09,0.0,901.7,4.01,0.118
2014-09-12,29.2,15.2,22.6,69,22,44,1.85,19.85,0.0,902.4,4.75,0.123
2014-09-13,29.6,16.9,23.3,52,19,34,2.26,20.72,0.0,901.7,5.26,0.124
2014-09-14,28.5,15.4,22.5,68,24,42,1.96,20.82,0.0,900.3,4.88,0.123
2014-09-15,28.5,15.3,21.5,67,26,48,1.48,19.9,0.3,899.9,4.34,0.127
2014-09-16,28.5,14.8,21.6,76,25,49,1.26,19.9,0.3,898.4,4.19,0.137
2014-09-17,25.3,15.9,19.5,73,36,56,1.52,16.3,1.9,897.7,3.45,0.143
2014-09-18,24.2,12.5,18.2,89,36,63,1.47,17.91,0.0,899.3,3.62,0.157
2014-09-19,21.7,14.2,17.0,77,47,67,2.15,12.74,1.7,903.2,2.68,0.156
2014-09-20,21.1,13.0,16.9,74,34,53,2.78,14.49,0.0,904.3,3.38,0.155
2014-09-21,23.0,9.2,16.6,69,23,44,1.8,21.54,0.0,901.4,4.21,0.15
2014-09-22,27.6,10.0,19.3,65,20,40,1.47,19.52,0.0,899.4,4.23,0.147
2014-09-23,30.0,12.0,21.7,80,24,48,3.66,20.37,0.0,899.5,5.68,0.14
2014-09-24,22.3,15.2,18.7,77,45,57,2.69,14.79,0.0,901.7,3.34,0.13
2014-09-25,23.8,11.3,17.7,76,18,42,2.1,20.69,0.0,901.5,4.42,0.124
2014-09-26,25.0,8.7,17.2,53,13,29,1.45,20.7,0.0,900.3,4.2,0.12
2014-09-27,24.5,13.1,18.1,60,32,48,3.49,15.19,0.9,895.0,4.04,0.121
2014-09-28,16.3,13.0,14.5,74,49,62,4.58,7.14,1.2,894.6,2.42,0.148
2014-09-29,16.5,12.0,14.1,68,46,55,5.41,7.92,0.4,906.3,3.0,0.15
2014-09-30,18.9,8.3,13.1,69,16,43,3.2,20.56,0.0,907.4,4.16,0.148
2014-10-01,21.4,5.7,13.6,61,15,40,2.59,20.14,0.0,905.7,4.21,0.142
2014-10-02,22.6,8.4,15.2,56,16,36,2.88,19.88,0.0,905.0,4.48,0.133
2014-10-03,21.1,7.8,14.2,76,27,49,2.14,19.56,0.0,903.8,3.76,0.13
2014-10-04,23.7,7.2,15.3,73,25,48,1.41,19.24,0.0,901.6,3.68,0.129
2014-10-05,26.1,8.2,16.9,85,22,51,1.64,18.64,0.0,902.7,3.8,0.126
2014-10-06,26.0,10.0,17.8,90,25,56,1.53,18.22,0.0,905.6,3.66,0.116
2014-10-07,25.1,11.9,18.2,74,28,50,2.01,18.19,0.0,907.9,3.96,0.113
2014-10-08,24.5,11.1,17.4,71,30,51,2.4,16.77,0.0,905.1,3.82,0.11
2014-10-09,24.7,12.0,18.0,72,26,46,2.7,17.86,0.0,903.7,4.17,0.108
2014-10-10,23.6,10.7,17.6,58,26,40,2.27,17.73,0.0,903.4,4.01,0.107
2014-10-11,23.0,12.7,16.7,58,28,46,1.59,16.32,1.2,902.2,3.37,0.106
2014-10-12,21.7,9.5,16.0,75,35,50,0.82,15.4,0.0,901.9,2.78,0.106
2014-10-13,23.0,9.4,15.9,78,28,52,1.25,16.54,0.0,902.0,3.13,0.105
2014-10-14,20.9,10.6,14.8,84,31,62,1.43,14.16,0.0,901.1,2.72,0.107
2014-10-15,18.6,9.2,13.7,93,43,68,1.46,13.98,0.3,901.5,2.48,0.11
2014-10-16,21.9,7.6,15.0,87,33,62,2.12,15.66,0.0,903.9,3.18,0.113
2014-10-17,20.3,11.0,15.1,82,47,66,1.7,9.27,0.4,903.0,2.0,0.12
2014-10-18,23.9,9.6,16.1,87,35,64,2.81,13.99,1.5,901.1,3.27,0.127
2014-10-19,14.9,8.6,11.7,69,31,50,5.31,14.55,0.0,903.8,3.43,0.136
2014-10-20,13.0,4.1,8.3,62,28,44,3.27,16.7,0.0,905.1,2.95,0.133
2014-10-21,18.6,1.3,9.2,64,13,42,1.42,16.77,0.0,902.0,2.85,0.138
2014-10-22,23.8,3.8,13.5,92,22,53,2.57,15.37,0.0,900.3,3.42,0.135
2014-10-23,21.8,10.1,15.6,78,25,54,3.47,12.09,0.0,900.4,3.26,0.123
2014-10-24,20.5,12.1,15.3,86,39,65,2.66,10.16,1.0,901.4,2.35,0.125
2014-10-25,18.8,11.4,14.9,82,35,59,3.41,8.8,0.0,900.9,2.52,0.126
2014-10-26,19.9,9.3,14.0,87,37,63,1.7,12.97,0.0,901.1,2.46,0.123
2014-10-27,20.1,9.1,14.2,83,37,63,1.11,13.04,0.2,903.3,2.27,0.123
2014-10-28,19.9,8.5,13.7,88,41,66,1.44,12.24,0.0,904.4,2.21,0.125
2014-10-29,19.4,8.3,13.3,91,45,70,1.53,12.32,0.2,902.8,2.15,0.127
2014-10-30,17.3,9.0,12.5,96,45,76,1.0,11.42,1.5,899.4,1.88,0.13
2014-10-31,15.3,9.5,11.8,84,46,69,1.66,7.75,0.2,899.3,1.46,0.138
2014-11-01,13.3,9.1,10.7,76,47,62,2.28,8.58,0.5,901.7,1.8,0.139
2014-11-02,12.2,7.1,9.1,68,42,56,1.85,9.58,0.0,903.2,1.73,0.138
2014-11-03,9.6,3.1,7.0,73,42,58,2.21,7.39,0.0,904.5,1.49,0.137
2014-11-04,11.5,-1.1,4.6,81,24,54,1.47,14.64,0.0,906.0,2.0,0.137
2014-11-05,15.0,-1.0,5.9,66,19,47,1.14,14.43,0.0,907.4,2.12,0.14
2014-11-06,17.7,-1.3,7.4,82,15,50,1.06,14.19,0.0,909.7,2.25,0.143
2014-11-07,17.6,-0.2,8.1,70,14,44,1.0,14.2,0.0,908.9,2.22,0.142
2014-11-08,20.6,0.6,10.3,67,6,33,1.67,12.99,0.0,905.7,2.71,0.138
2014-11-09,21.9,4.3,11.9,53,7,27,2.21,13.48,0.0,904.0,3.21,0.131
2014-11-10,20.7,3.7,11.9,72,12,37,1.11,12.38,0.0,906.2,2.22,0.12
2014-11-11,19.5,4.4,11.5,73,24,48,1.49,13.05,0.0,906.2,2.38,0.115
2014-11-12,19.2,3.9,10.9,81,25,56,1.37,12.85,0.0,903.3,2.21,0.114
2014-11-13,18.4,4.3,11.0,79,32,55,0.97,8.91,0.0,900.3,1.58,0.112
2014-11-14,17.3,7.8,12.0,71,31,50,2.21,6.91,0.0,899.5,1.98,0.112
2014-11-15,15.5,8.8,11.8,57,35,45,1.63,8.92,0.0,898.5,1.89,0.111
2014-11-16,16.0,7.4,11.1,86,39,62,1.5,9.84,0.0,899.0,1.74,0.111
2014-11-17,16.4,5.3,9.8,84,42,66,1.38,12.09,0.0,901.8,1.89,0.113
2014-11-18,18.2,3.2,9.9,86,33,62,1.07,11.67,0.0,905.4,1.85,0.115
2014-11-19,17.7,4.7,10.6,85,36,59,1.08,10.07,0.0,906.4,1.68,0.114
2014-11-20,18.2,4.3,10.7,92,27,61,2.18,8.36,0.4,901.4,1.89,0.111
2014-11-21,9.8,4.2,7.3,93,67,80,2.34,3.82,5.1,897.2,0.72,0.155
2014-11-22,7.5,4.0,5.8,77,56,63,3.79,5.22,0.0,900.3,1.34,0.181
2014-11-23,7.3,4.4,5.7,80,66,73,2.06,3.42,0.6,903.6,0.74,0.181
2014-11-24,7.3,1.9,4.7,81,41,62,2.06,11.27,0.0,903.0,1.5,0.182
2014-11-25,2.2,0.2,1.2,100,66,87,2.42,2.57,26.8,897.4,0.3,0.182
2014-11-26,3.4,1.8,2.4,94,83,88,4.1,5.35,17.2,894.8,0.61,0.223
2014-11-27,3.8,0.6,2.6,92,80,87,1.4,6.34,0.3,902.3,0.71,0.277
2014-11-28,7.7,-6.7,0.2,96,51,80,1.06,9.55,0.0,905.6,1.03,0.281
2014-11-29,6.0,-3.0,0.2,87,52,78,1.26,10.88,0.0,906.6,1.12,0.279
2014-11-30,7.6,-7.0,0.1,90,71,85,1.96,9.39,0.0,901.6,0.99,0.296
2014-12-01,13.9,2.6,6.1,97,60,86,1.39,8.63,0.3,900.8,1.15,0.322
2014-12-02,11.6,2.6,6.6,94,64,82,1.48,4.64,0.0,902.1,0.8,0.313
2014-12-03,14.2,6.8,9.6,90,60,79,1.26,8.5,0.0,906.3,1.28,0.316
2014-12-04,15.2,4.2,8.9,90,55,75,1.33,8.82,0.0,905.1,1.33,0.309
2014-12-05,15.3,2.7,8.5,95,55,80,1.3,9.71,0.0,904.4,1.4,0.298
2014-12-06,13.9,3.8,8.2,98,63,85,0.95,8.24,0.0,903.7,1.16,0.288
2014-12-07,14.8,4.1,8.7,94,53,78,1.43,8.33,0.0,902.3,1.26,0.278
2014-12-08,14.2,5.6,9.2,87,53,72,2.38,5.66,0.0,899.2,1.27,0.265
2014-12-09,11.6,7.0,9.0,85,69,79,2.32,3.61,9.3,894.0,0.84,0.293
2014-12-10,15.5,4.7,9.1,86,41,70,2.4,7.4,0.0,900.8,1.49,0.315
2014-12-11,15.1,0.8,7.4,93,48,75,1.82,9.82,0.0,905.0,1.54,0.291
2014-12-12,12.2,6.9,9.3,88,63,76,2.13,6.04,4.7,898.2,1.12,0.3
2014-12-13,9.5,5.4,7.7,98,83,91,2.08,3.26,4.3,901.4,0.55,0.344
2014-12-14,9.0,6.6,7.6,90,72,83,2.07,2.98,0.0,906.6,0.6,0.332
2014-12-15,8.6,3.4,6.1,88,65,79,0.83,7.44,0.0,909.5,0.93,0.317
2014-12-16,6.7,-1.7,2.7,97,64,86,0.88,9.04,0.0,908.8,0.96,0.304
2014-12-17,11.2,-1.6,4.1,92,50,75,1.62,8.53,0.0,905.0,1.18,0.296
2014-12-18,12.5,2.5,7.0,100,50,78,1.67,8.02,0.3,901.7,1.16,0.29
2014-12-19,8.9,4.4,6.8,97,75,88,1.36,5.26,3.3,903.0,0.69,0.321
2014-12-20,8.7,2.3,4.7,94,61,82,1.12,6.3,0.0,904.4,0.84,0.31
2014-12-21,10.3,-1.9,3.1,92,54,78,1.37,10.25,0.0,901.4,1.17,0.3
2014-12-22,4.8,-1.8,2.0,91,50,71,3.3,5.99,2.6,903.4,1.0,0.303
2014-12-23,6.9,-4.4,0.1,82,38,66,1.53,10.24,0.0,905.0,1.2,0.299
2014-12-24,11.0,-3.6,2.1,87,39,71,1.52,10.35,0.0,907.7,1.32,0.292
2014-12-25,11.6,-3.6,2.9,88,44,70,1.41,10.55,0.0,906.4,1.35,0.286
2014-12-26,11.7,-1.9,3.6,90,48,76,1.82,8.96,0.0,901.3,1.2,0.282
2014-12-27,11.8,2.1,7.4,85,49,71,3.97,7.07,0.0,896.8,1.53,0.277
2014-12-28,13.3,5.2,8.7,88,45,72,2.56,6.25,0.2,898.3,1.29,0.279
2014-12-29,13.6,8.4,10.6,75,48,62,4.71,6.48,0.5,899.3,1.97,0.277
2014-12-30,14.2,7.7,10.4,73,38,58,4.99,8.69,0.0,897.3,2.36,0.265
2014-12-31,13.1,8.3,10.3,64,40,54,5.32,7.61,0.0,896.2,2.44,0.252
2015-01-01,9.7,4.0,7.6,79,56,66,2.78,8.07,1.6,898.2,1.49,0.259
2015-01-02,5.1,1.6,3.0,92,69,84,1.56,4.59,0.0,902.3,0.62,0.264
2015-01-03,5.8,1.4,3.2,94,60,79,1.11,6.31,0.0,902.5,0.77,0.264
2015-01-04,7.7,-1.3,3.0,83,48,68,1.46,8.18,0.0,898.5,1.06,0.261
2015-01-05,4.3,1.6,2.9,93,66,82,1.91,3.78,7.5,890.8,0.58,0.297
2015-01-06,7.0,-4.0,1.3,98,61,82,2.0,8.06,9.0,883.7,0.79,0.329
2015-01-07,-2.7,-6.7,-3.9,88,71,81,4.91,5.49,4.9,893.2,0.54,0.314
2015-01-08,-7.3,-17.0,-10.3,78,63,70,3.43,11.85,0.0,906.8,0.78,0.302
2015-01-09,-7.0,-17.8,-12.6,83,58,70,2.38,11.84,0.0,909.1,0.71,0.298
2015-01-10,-1.2,-11.4,-6.8,93,47,69,1.58,6.92,1.7,900.4,0.65,0.291
2015-01-11,2.2,-5.6,-2.3,91,60,76,2.05,11.37,0.0,903.0,1.09,0.288
2015-01-12,7.7,-5.7,2.4,83,61,75,3.98,4.78,0.0,903.0,1.04,0.293
2015-01-13,7.4,3.5,5.2,80,56,70,3.0,5.97,0.0,903.3,1.11,0.309
2015-01-14,8.7,-1.3,3.0,95,49,77,1.12,10.97,0.0,903.4,1.29,0.299
2015-01-15,7.9,-0.8,3.5,94,53,78,1.17,10.39,0.0,900.3,1.26,0.292
2015-01-16,7.6,1.4,3.9,92,63,82,1.51,7.16,0.0,902.9,0.92,0.288
2015-01-17,5.3,0.9,3.0,91,64,80,1.27,7.01,0.0,908.7,0.84,0.284
2015-01-18,5.0,-1.3,1.3,94,59,81,0.93,12.16,0.0,910.7,1.22,0.282
2015-01-19,7.5,-1.9,1.8,88,51,73,1.0,9.99,0.0,906.7,1.15,0.283
2015-01-20,10.7,-3.8,2.4,92,39,71,0.95,11.74,0.0,903.8,1.43,0.283
2015-01-21,14.3,-1.5,4.4,93,28,71,1.53,11.54,0.0,901.9,1.63,0.279
2015-01-22,11.2,-1.5,3.8,100,49,80,1.24,12.21,0.0,905.7,1.52,0.277
2015-01-23,14.2,-1.5,5.6,94,38,70,1.23,12.61,0.0,903.0,1.76,0.272
2015-01-24,15.4,-0.4,7.2,82,24,52,3.35,12.4,0.0,897.0,2.54,0.266
2015-01-25,14.2,2.9,7.9,77,23,53,2.2,10.81,0.0,899.0,2.03,0.256
2015-01-26,12.7,1.2,6.6,80,35,59,1.89,10.61,0.0,901.0,1.77,0.249
2015-01-27,13.5,-0.7,5.8,87,34,65,1.97,12.49,0.0,899.2,1.99,0.244
2015-01-28,10.3,1.5,6.0,90,37,67,2.48,12.13,2.2,894.4,1.81,0.255
2015-01-29,12.1,0.2,5.3,86,36,65,2.28,11.22,0.0,894.8,1.82,0.254
2015-01-30,11.9,2.7,6.1,90,34,68,2.77,10.16,0.2,895.1,1.77,0.253
2015-01-31,13.4,4.9,9.1,77,41,59,5.43,8.97,0.5,896.3,2.38,0.25
2015-02-01,15.6,7.4,10.7,63,23,46,5.62,12.57,0.0,899.1,3.38,0.244
2015-02-02,17.4,3.8,9.9,77,15,44,4.26,13.82,0.0,895.7,3.49,0.233
2015-02-03,13.7,5.2,9.5,78,32,47,5.02,11.65,0.0,893.6,3.02,0.224
2015-02-04,12.2,2.7,6.6,92,29,64,1.66,13.3,0.0,900.9,1.94,0.22
2015-02-05,15.7,1.3,7.2,83,24,58,1.69,13.56,0.0,903.1,2.23,0.214
2015-02-06,18.9,0.1,8.3,88,17,54,2.36,14.15,0.0,899.7,2.75,0.207
2015-02-07,16.2,1.1,8.3,78,24,53,1.8,12.62,0.0,895.1,2.28,0.198
2015-02-08,13.0,2.5,6.9,75,32,59,2.15,11.83,0.0,891.2,2.0,0.19
2015-02-09,10.5,3.9,7.2,81,39,60,2.18,10.8,0.5,886.0,1.79,0.188
2015-02-10,5.8,2.2,3.9,95,69,85,2.85,4.95,8.4,880.6,0.65,0.231
2015-02-11,4.2,0.2,1.9,98,81,90,2.36,7.89,15.5,883.8,0.79,0.29
2015-02-12,1.8,-0.6,0.7,88,73,81,1.47,11.93,0.2,896.5,1.2,0.29
2015-02-13,4.5,-0.2,2.2,90,74,85,2.5,8.78,3.9,898.5,0.93,0.3
2015-02-14,6.1,0.9,3.1,90,51,77,0.91,12.64,0.7,899.0,1.42,0.321
2015-02-15,8.3,-0.7,3.3,91,48,73,1.18,13.01,0.2,897.8,1.61,0.32
2015-02-16,9.3,0.1,4.4,92,45,72,1.78,14.18,0.5,897.8,1.82,0.309
2015-02-17,3.5,-1.4,2.0,79,54,69,2.69,10.41,1.5,900.3,1.3,0.299
2015-02-18,-2.1,-5.6,-4.0,86,68,77,4.1,9.69,7.6,898.7,0.86,0.289
2015-02-19,-1.1,-7.3,-4.3,90,75,83,3.52,11.48,7.4,893.7,0.83,0.283
2015-02-20,-0.5,-2.7,-1.5,89,65,78,4.79,14.8,5.6,895.3,1.27,0.279
2015-02-21,-0.6,-9.2,-3.4,82,56,71,2.5,15.94,1.0,900.5,1.4,0.275
2015-02-22,3.2,-15.4,-5.4,84,47,68,1.39,18.27,0.0,902.1,1.65,0.272
2015-02-23,10.3,-0.0,4.5,83,40,65,2.07,10.58,0.1,902.1,1.72,0.274
2015-02-24,9.2,4.5,6.6,85,63,73,2.61,8.05,4.1,896.4,1.36,0.293
2015-02-25,13.9,4.3,8.1,91,39,70,2.85,13.28,1.5,897.3,2.22,0.324
2015-02-26,15.1,2.3,8.5,93,38,68,2.02,14.97,0.0,905.0,2.39,0.3
2015-02-27,18.3,3.9,10.6,86,26,54,2.89,18.28,0.0,899.9,3.46,0.282
2015-02-28,15.0,5.8,10.2,77,27,54,3.62,16.52,0.0,896.9,3.08,0.266
2015-03-01,13.2,2.0,7.7,94,47,73,1.5,14.94,2.6,898.9,2.2,0.264
2015-03-02,12.5,3.2,7.3,93,48,76,1.32,13.82,1.9,899.5,1.97,0.284
2015-03-03,12.1,0.7,6.1,95,41,73,1.9,12.5,0.0,900.1,1.95,0.284
2015-03-04,10.6,2.1,6.1,83,27,54,2.77,18.49,0.0,904.3,2.73,0.272
2015-03-05,11.1,-1.6,4.6,70,29,49,1.35,19.74,0.0,906.6,2.61,0.26
2015-03-06,18.5,0.5,8.7,82,16,49,1.93,17.72,0.0,905.2,3.19,0.247
2015-03-07,20.2,3.9,11.5,75,17,44,2.21,17.53,0.0,902.9,3.56,0.229
2015-03-08,22.0,5.1,13.5,75,17,42,1.57,19.77,0.0,902.3,3.72,0.215
2015-03-09,22.0,3.6,13.1,81,22,48,2.23,18.32,0.1,903.6,3.78,0.2
2015-03-10,23.5,5.1,13.8,80,14,43,2.83,17.61,0.0,903.8,4.19,0.188
2015-03-11,16.5,9.9,13.0,74,43,53,3.78,11.87,2.1,899.3,2.85,0.187
2015-03-12,12.2,6.0,8.5,83,45,68,1.71,12.47,8.0,893.7,1.95,0.275
2015-03-13,14.0,4.1,8.7,79,29,55,2.9,18.44,0.1,898.6,3.12,0.281
2015-03-14,11.4,3.9,7.4,82,46,65,3.02,11.84,1.9,900.4,2.05,0.276
2015-03-15,11.2,3.4,7.0,93,56,75,2.23,17.76,0.6,902.5,2.45,0.276
2015-03-16,11.1,5.2,7.5,76,43,62,3.88,13.71,0.5,906.5,2.35,0.267
2015-03-17,8.2,3.8,5.8,74,48,62,2.48,11.29,0.0,904.8,1.8,0.259
2015-03-18,12.9,2.4,7.2,83,39,59,1.04,15.73,0.0,901.8,2.25,0.251
2015-03-19,10.2,4.0,5.9,94,60,81,1.73,14.61,7.1,897.2,1.87,0.27
2015-03-20,9.6,1.5,5.3,82,43,64,0.77,18.09,0.4,895.5,2.35,0.302
2015-03-21,4.1,0.6,2.0,91,54,73,4.53,17.78,3.8,895.0,1.7,0.294
2015-03-22,9.9,0.2,4.3,77,33,61,2.89,20.85,0.0,902.3,2.74,0.287
2015-03-23,14.0,0.0,6.5,85,31,61,1.99,15.62,0.4,901.3,2.52,0.277
2015-03-24,10.9,5.6,8.1,91,56,75,1.67,16.27,2.7,901.9,2.25,0.278
2015-03-25,13.4,1.5,8.3,92,27,59,1.57,21.72,0.0,904.4,3.26,0.276
2015-03-26,19.3,3.8,12.0,68,20,43,1.26,22.84,0.3,904.6,3.94,0.256
2015-03-27,19.5,9.3,13.5,85,39,59,3.2,14.54,6.2,900.3,3.12,0.274
2015-03-28,16.4,10.1,12.6,85,46,69,4.79,15.2,10.5,893.4,2.82,0.357
2015-03-29,16.3,7.5,11.1,84,37,66,2.43,16.15,1.9,894.3,2.85,0.328
2015-03-30,14.7,5.8,9.8,90,47,71,1.73,15.2,0.6,894.4,2.41,0.323
2015-03-31,15.6,5.3,10.3,88,31,63,1.99,15.57,0.0,895.0,2.75,0.303
2015-04-01,18.7,2.5,10.5,94,33,64,2.38,22.86,0.0,895.6,3.88,0.287
2015-04-02,17.1,6.8,11.2,82,36,62,3.52,17.27,0.4,895.9,3.23,0.27
2015-04-03,14.3,5.6,9.3,76,47,60,1.73,16.02,0.6,895.3,2.62,0.265
2015-04-04,11.5,2.9,7.0,92,28,60,2.84,20.44,0.0,895.8,2.91,0.256
2015-04-05,18.4,2.3,9.2,65,21,43,2.04,23.0,0.0,898.9,3.96,0.242
2015-04-06,21.8,3.2,12.2,90,18,53,2.37,22.58,0.0,899.9,4.42,0.223
2015-04-07,20.1,9.8,14.3,70,27,47,3.93,21.36,0.0,894.5,4.54,0.208
2015-04-08,16.5,7.6,10.8,80,37,64,2.19,17.14,1.6,893.2,2.89,0.207
2015-04-09,12.2,4.8,8.1,92,32,63,3.63,20.72,4.4,887.2,3.14,0.234
2015-04-10,8.2,2.0,5.0,81,49,61,4.89,18.72,1.4,896.2,2.52,0.242
2015-04-11,6.5,0.3,3.9,65,40,52,5.37,17.33,0.0,901.3,2.64,0.243
2015-04-12,10.5,3.1,6.5,74,34,55,4.22,14.69,0.0,902.9,2.61,0.235
2015-04-13,12.4,1.9,7.6,74,31,51,3.52,19.3,0.0,904.8,3.12,0.226
2015-04-14,16.5,-0.1,8.8,82,21,48,1.67,24.13,0.0,903.1,4.01,0.215
2015-04-15,17.5,3.1,10.9,80,15,45,1.79,25.4,0.0,901.7,4.33,0.199
2015-04-16,19.5,5.2,12.8,85,18,50,1.33,23.6,0.0,905.4,4.05,0.182
2015-04-17,22.7,5.5,14.7,82,19,46,1.91,26.08,0.0,906.0,5.05,0.166
2015-04-18,24.4,6.4,15.7,87,13,46,2.7,26.47,0.0,903.5,5.49,0.145
2015-04-19,25.1,8.2,16.5,85,12,41,3.64,26.42,0.0,900.2,6.14,0.126
2015-04-20,22.5,9.7,15.0,79,20,50,2.76,21.84,4.2,895.9,4.51,0.123
2015-04-21,17.1,6.8,11.5,89,25,58,2.64,22.8,4.0,893.9,4.03,0.217
2015-04-22,9.9,3.4,6.5,75,38,58,2.84,12.78,1.1,896.1,2.25,0.226
2015-04-23,9.0,1.9,4.5,82,29,63,5.21,20.83,3.7,897.4,2.69,0.229
2015-04-24,13.8,0.6,7.0,80,21,48,2.1,25.98,0.0,905.1,3.83,0.231
2015-04-25,21.0,1.4,11.8,67,12,38,1.39,26.23,0.0,905.2,4.61,0.21
2015-04-26,20.5,5.5,12.7,88,20,52,2.17,23.73,0.7,901.9,4.42,0.19
2015-04-27,22.5,6.1,14.7,80,21,49,1.06,24.35,0.0,901.5,4.39,0.179
2015-04-28,28.2,8.4,18.3,74,15,41,2.23,27.39,0.0,901.9,5.97,0.16
2015-04-29,27.1,10.0,18.9,70,6,32,3.74,27.33,0.0,898.9,6.81,0.141
2015-04-30,23.5,9.6,16.9,57,12,37,1.64,26.74,0.0,899.8,5.17,0.132
2015-05-01,21.7,12.6,16.4,64,31,43,1.95,24.51,0.9,899.3,4.79,0.134
2015-05-02,23.6,10.4,17.0,83,19,52,1.23,25.31,0.2,901.1,4.75,0.145
2015-05-03,23.0,12.7,16.8,81,27,56,2.34,23.05,0.4,898.7,4.68,0.143
2015-05-04,21.6,9.4,15.6,84,19,50,2.76,23.92,0.0,900.9,4.8,0.145
2015-05-05,23.9,9.9,17.1,55,14,33,2.62,28.46,0.0,901.3,5.97,0.132
2015-05-06,25.8,10.3,18.7,53,13,33,2.64,27.23,0.0,900.0,6.1,0.121
2015-05-07,27.4,12.0,20.0,59,8,29,2.05,28.53,0.0,900.1,6.07,0.117
2015-05-08,25.9,14.2,18.6,79,23,46,1.77,19.46,4.7,898.6,4.08,0.142
2015-05-09,20.9,13.3,16.7,84,45,65,2.72,19.49,0.6,897.3,3.86,0.189
2015-05-10,21.7,10.8,16.0,72,26,47,2.85,27.23,0.0,896.5,5.34,0.179
2015-05-11,21.8,9.9,16.2,58,21,38,2.09,26.13,0.0,897.6,5.19,0.162
2015-05-12,21.1,10.7,16.1,68,26,43,2.78,24.39,0.0,899.3,4.97,0.15
2015-05-13,19.4,10.4,15.1,59,22,37,3.06,24.64,0.0,899.6,5.06,0.144
2015-05-14,20.9,7.6,14.9,54,17,37,2.45,19.81,0.0,899.5,4.36,0.139
2015-05-15,26.3,7.3,17.7,72,17,39,2.44,28.27,0.2,903.2,6.2,0.136
2015-05-16,28.5,9.2,20.0,84,14,43,1.45,28.77,0.0,907.9,5.78,0.126
2015-05-17,31.1,13.3,22.7,62,6,33,1.6,27.71,0.0,906.0,6.25,0.12
2015-05-18,32.4,14.7,24.0,62,13,31,1.97,27.38,0.0,904.0,6.61,0.109
2015-05-19,32.3,14.4,24.0,48,2,24,2.27,29.45,0.0,900.9,7.14,0.103
2015-05-20,31.6,14.1,23.6,43,10,21,3.76,28.35,0.0,898.3,7.94,0.1
2015-05-21,25.9,11.0,18.6,59,21,38,2.21,26.87,0.0,897.8,5.83,0.096
2015-05-22,25.4,13.3,19.3,72,24,46,2.18,23.79,1.6,899.2,5.16,0.105
2015-05-23,27.5,13.4,20.8,65,24,41,2.04,25.77,0.0,899.7,5.63,0.11
2015-05-24,29.4,12.8,21.6,61,17,36,3.13,24.95,0.0,899.9,6.52,0.115
2015-05-25,29.9,11.8,21.2,64,13,33,2.7,30.1,0.0,898.0,7.16,0.107
2015-05-26,29.7,11.5,21.1,64,14,35,2.65,29.06,0.0,898.0,6.94,0.103
2015-05-27,27.7,15.7,21.2,80,20,46,4.03,23.45,1.0,895.4,6.1,0.109
2015-05-28,24.1,13.3,18.9,65,35,49,1.31,24.16,0.4,894.0,4.8,0.114
2015-05-29,20.8,14.4,17.5,72,30,52,1.7,21.96,2.1,893.1,4.23,0.127
2015-05-30,20.5,10.6,15.3,88,38,66,1.47,24.16,3.1,897.0,4.28,0.151
2015-05-31,23.1,12.3,17.0,89,32,60,1.26,22.64,0.8,901.9,4.23,0.17
2015-06-01,26.3,12.3,19.7,76,23,48,2.55,26.37,0.0,902.7,5.73,0.158
2015-06-02,25.7,14.1,18.3,90,32,61,2.06,22.16,7.4,902.2,4.49,0.167
2015-06-03,24.2,12.0,17.0,92,35,68,1.16,22.92,1.9,901.8,4.36,0.208
2015-06-04,24.0,11.3,17.0,88,32,65,1.31,24.02,6.0,900.5,4.5,0.227
2015-06-05,23.3,11.5,17.4,88,33,62,1.97,22.91,0.0,900.0,4.53,0.23
2015-06-06,24.3,14.0,18.7,81,37,61,1.02,21.88,1.2,901.4,4.22,0.21
2015-06-07,25.8,13.5,19.7,89,39,66,1.84,24.99,1.0,903.7,4.89,0.208
2015-06-08,28.5,14.1,21.0,89,22,54,1.9,26.7,0.0,901.8,5.83,0.198
2015-06-09,28.2,14.0,21.3,77,25,46,2.33,27.21,0.5,899.8,6.23,0.173
2015-06-10,27.6,13.1,20.3,78,21,47,1.54,27.61,0.0,898.4,5.73,0.158
2015-06-11,24.9,14.7,19.5,74,33,56,1.47,21.92,0.6,898.8,4.46,0.152
2015-06-12,24.0,14.7,19.2,86,41,65,2.2,22.39,1.1,901.0,4.54,0.155
2015-06-13,25.4,15.4,19.8,85,43,65,2.15,22.05,2.0,901.9,4.55,0.188
2015-06-14,25.6,14.9,20.3,88,39,62,2.52,19.91,1.3,900.5,4.44,0.193
2015-06-15,28.0,14.9,21.8,81,24,49,2.91,23.21,0.0,900.2,5.71,0.175
2015-06-16,28.9,16.6,23.0,64,22,41,3.02,27.4,0.0,899.4,6.74,0.154
2015-06-17,27.1,15.9,22.1,72,31,48,2.09,23.0,0.0,897.7,5.33,0.144
2015-06-18,30.5,16.0,23.3,71,23,45,2.27,27.02,0.2,895.9,6.39,0.139
2015-06-19,28.4,14.0,20.6,77,20,47,2.38,25.96,0.5,892.9,5.84,0.137
2015-06-20,25.6,14.7,20.4,74,32,52,1.67,23.13,0.1,895.9,4.97,0.137
2015-06-21,27.6,17.1,22.3,64,31,49,1.69,24.68,0.0,897.8,5.44,0.131
2015-06-22,29.9,15.3,23.3,84,26,50,1.25,25.37,0.0,899.0,5.37,0.129
2015-06-23,29.7,17.9,23.3,75,27,51,2.42,27.38,0.0,898.2,6.3,0.123
2015-06-24,26.8,17.5,22.2,71,31,50,2.7,23.12,0.0,899.7,5.53,0.12
2015-06-25,28.9,15.8,22.5,64,21,40,2.78,26.97,0.0,899.2,6.52,0.117
2015-06-26,28.8,18.3,23.3,57,19,38,2.63,26.17,0.0,897.4,6.3,0.113
2015-06-27,26.7,16.5,21.2,50,30,40,2.07,22.83,1.7,895.0,5.1,0.123
2015-06-28,22.9,13.5,18.4,77,33,53,1.79,23.68,2.7,895.7,4.72,0.153
2015-06-29,26.3,13.6,20.0,79,29,52,1.86,22.06,0.0,900.5,4.71,0.161
2015-06-30,26.5,15.7,20.9,69,28,49,1.93,23.03,0.0,902.4,5.03,0.152
2015-07-01,29.7,14.8,22.8,70,21,42,2.14,28.29,0.0,904.2,6.42,0.141
2015-07-02,30.0,17.8,24.1,50,22,36,3.03,24.23,0.0,901.9,6.49,0.132
2015-07-03,28.2,19.0,23.7,64,28,44,4.29,27.44,0.0,903.5,7.06,0.125
2015-07-04,30.2,18.1,24.1,57,19,37,2.62,28.66,0.0,903.6,6.83,0.117
2015-07-05,32.7,17.0,25.3,47,15,32,1.67,28.99,0.0,902.2,6.52,0.112
2015-07-06,32.8,19.2,26.3,51,19,34,2.76,29.44,0.0,901.2,7.49,0.108
2015-07-07,31.1,20.6,25.8,60,24,40,3.32,26.59,0.0,901.5,7.06,0.106
2015-07-08,29.5,18.6,24.3,59,23,39,3.11,30.2,0.0,900.5,7.14,0.106
2015-07-09,32.7,18.0,25.7,53,15,33,1.75,24.37,0.0,899.1,5.84,0.109
2015-07-10,34.1,18.9,27.3,51,17,30,1.99,26.32,0.0,900.3,6.7,0.108
2015-07-11,31.9,19.8,26.4,41,23,30,3.06,25.86,0.0,900.1,7.29,0.106
2015-07-12,28.8,20.7,24.8,59,27,42,4.26,25.86,0.0,898.6,7.03,0.106
2015-07-13,28.6,19.6,23.7,53,22,36,3.51,29.42,0.0,900.0,7.22,0.107
2015-07-14,30.7,16.3,24.0,44,16,29,2.13,30.52,0.0,900.1,7.06,0.107
2015-07-15,30.9,18.7,25.2,48,17,29,2.66,29.57,0.0,901.0,7.26,0.106
2015-07-16,30.8,20.7,25.5,45,19,30,3.83,29.88,0.0,902.4,8.05,0.106
2015-07-17,29.1,18.5,23.9,44,17,29,4.31,30.74,0.0,903.5,8.14,0.107
2015-07-18,29.2,17.3,23.1,58,16,36,3.52,30.69,0.0,902.5,7.42,0.108
2015-07-19,30.5,17.1,23.7,52,14,29,3.76,30.73,0.0,901.5,7.89,0.109
2015-07-20,32.5,17.2,24.6,44,8,26,2.43,30.66,0.0,898.9,7.36,0.112
2015-07-21,33.7,17.0,25.9,23,10,17,2.81,30.46,0.0,898.2,8.09,0.109
2015-07-22,32.4,19.3,25.7,32,8,19,3.73,30.81,0.0,900.9,8.53,0.109
2015-07-23,33.6,18.7,25.7,49,16,31,2.23,29.91,0.0,900.4,7.19,0.109
2015-07-24,35.1,19.3,27.8,33,13,22,2.67,30.2,0.0,898.8,8.07,0.108
2015-07-25,34.2,19.5,26.8,56,20,37,2.56,25.25,0.0,898.5,6.78,0.105
2015-07-26,34.2,20.7,28.3,59,19,35,2.05,24.65,0.0,898.3,6.44,0.105
2015-07-27,32.2,21.6,27.4,46,22,32,2.41,22.33,0.0,897.2,6.21,0.104
2015-07-28,34.6,20.3,27.9,51,16,30,2.54,27.39,0.0,897.5,7.26,0.105
2015-07-29,35.4,21.5,28.7,35,13,23,3.06,27.29,0.0,898.5,7.87,0.107
2015-07-30,34.5,21.8,28.1,34,18,26,2.5,25.52,0.0,898.4,7.05,0.105
2015-07-31,36.7,22.2,28.9,47,13,29,3.01,23.21,0.7,896.8,7.25,0.109
2015-08-01,34.3,20.9,27.9,76,14,42,2.75,24.98,0.0,899.6,6.79,0.113
2015-08-02,33.1,21.5,27.3,54,22,37,2.65,26.87,0.0,904.1,7.01,0.11
2015-08-03,34.8,22.4,28.2,43,23,33,1.66,26.88,0.2,903.3,6.46,0.108
2015-08-04,35.0,21.3,27.6,46,20,33,2.06,25.75,0.2,900.9,6.6,0.114
2015-08-05,34.6,19.5,27.2,50,18,33,1.26,26.43,0.0,900.0,5.99,0.12
2015-08-06,33.8,21.4,27.5,43,21,32,2.54,24.97,0.0,898.7,6.84,0.118
2015-08-07,32.2,19.3,25.8,67,25,45,1.52,24.42,0.1,900.5,5.58,0.117
2015-08-08,34.2,20.4,27.6,57,21,38,2.22,25.19,0.0,901.7,6.45,0.116
2015-08-09,34.3,21.5,28.0,56,20,37,2.31,24.32,0.0,901.5,6.34,0.114
2015-08-10,34.4,21.3,27.7,69,19,44,1.61,26.27,0.0,899.7,6.05,0.113
2015-08-11,32.5,21.1,26.6,80,28,52,2.24,24.21,0.0,899.8,5.98,0.112
2015-08-12,32.5,20.2,26.6,65,28,45,1.66,24.21,0.0,902.0,5.68,0.109
2015-08-13,34.0,21.2,27.7,50,22,36,1.82,24.85,0.0,900.7,6.05,0.109
2015-08-14,34.9,20.5,27.8,56,20,36,1.87,24.11,0.0,900.2,6.1,0.109
2015-08-15,33.8,20.4,26.8,65,24,43,2.27,24.46,0.1,899.9,6.27,0.111
2015-08-16,32.9,19.9,26.4,68,24,44,2.1,22.33,0.0,900.3,5.85,0.117
2015-08-17,34.3,18.9,26.6,64,20,42,1.51,25.56,0.0,899.8,5.92,0.118
2015-08-18,35.1,20.6,28.3,61,22,39,1.3,25.87,0.0,899.3,5.86,0.113
2015-08-19,35.8,21.2,28.0,74,20,43,1.27,26.3,0.2,900.1,5.88,0.108
2015-08-20,35.0,20.7,28.2,75,20,43,2.21,25.16,0.0,901.8,6.42,0.105
2015-08-21,35.6,23.2,29.4,44,20,33,2.32,23.93,0.0,900.2,6.64,0.105
2015-08-22,35.2,22.9,28.9,51,18,36,2.21,24.7,0.0,898.8,6.38,0.104
2015-08-23,33.3,22.1,27.5,55,25,40,2.37,24.91,0.0,897.7,6.46,0.104
2015-08-24,29.7,20.5,25.3,55,26,39,3.47,22.16,0.0,899.6,6.28,0.106
2015-08-25,28.0,19.2,23.4,50,24,36,4.06,25.84,0.0,901.4,6.87,0.105
2015-08-26,26.4,16.1,21.3,47,21,35,3.04,26.2,0.0,902.0,6.14,0.105
2015-08-27,26.5,15.8,21.3,51,29,41,3.25,18.45,0.0,903.3,5.06,0.106
2015-08-28,27.9,16.4,21.9,56,28,41,3.39,25.48,0.0,904.6,6.11,0.108
2015-08-29,27.1,15.5,21.2,58,17,34,3.84,25.87,0.0,905.1,6.51,0.109
2015-08-30,28.3,17.0,22.5,44,28,34,4.9,24.92,0.0,904.3,7.05,0.109
2015-08-31,29.2,18.1,23.0,56,19,37,3.91,25.21,0.0,905.2,6.64,0.11
2015-09-01,31.0,16.2,23.0,51,14,31,2.71,25.5,0.0,904.2,6.34,0.111
2015-09-02,34.0,14.9,24.4,32,12,21,1.63,25.43,0.0,902.2,5.92,0.112
2015-09-03,34.6,14.5,25.2,53,12,27,1.7,24.87,0.0,899.9,5.94,0.112
2015-09-04,33.5,16.6,25.6,61,14,32,1.53,23.22,0.0,900.1,5.45,0.104
2015-09-05,33.4,16.6,25.4,36,12,23,2.02,24.51,0.0,902.7,6.08,0.102
2015-09-06,33.7,16.1,25.9,31,12,19,1.44,24.31,0.0,903.1,5.58,0.103
2015-09-07,34.1,15.8,25.8,37,11,22,1.86,24.24,0.0,902.8,6.01,0.105
2015-09-08,34.5,17.8,26.0,37,17,25,2.1,22.97,0.0,900.8,6.08,0.106
2015-09-09,33.0,19.9,25.7,53,27,41,1.92,22.22,0.0,902.0,5.37,0.108
2015-09-10,34.8,18.9,26.4,59,17,38,1.61,23.17,0.0,903.9,5.51,0.112
2015-09-11,34.8,20.0,27.1,49,20,34,1.84,21.59,0.4,905.7,5.53,0.116
2015-09-12,35.2,19.3,26.7,53,16,34,2.82,21.54,0.0,901.8,6.41,0.119
2015-09-13,29.2,18.2,23.5,54,31,42,2.08,22.02,0.0,903.1,5.21,0.11
2015-09-14,31.9,16.9,24.5,52,19,35,1.36,22.63,0.0,904.1,4.98,0.109
2015-09-15,33.2,16.2,24.4,56,10,30,1.58,22.71,0.0,903.1,5.32,0.107
2015-09-16,32.2,16.7,24.6,35,16,25,2.14,22.28,0.0,902.4,5.72,0.107
2015-09-17,32.1,17.1,24.8,37,16,27,2.31,22.17,0.0,901.9,5.8,0.106
2015-09-18,32.2,16.5,24.1,49,11,27,2.45,22.23,0.0,901.8,5.87,0.105
2015-09-19,31.7,16.0,23.9,39,16,23,1.81,21.56,0.0,902.0,5.32,0.105
2015-09-20,29.9,15.6,22.4,70,22,45,2.5,19.04,0.4,900.3,4.83,0.105
2015-09-21,25.7,16.5,20.8,64,33,49,1.58,16.43,0.5,898.3,3.69,0.107
2015-09-22,29.2,13.5,20.6,77,19,48,2.22,19.21,0.1,899.1,4.69,0.108
2015-09-23,28.3,16.7,21.7,66,24,47,3.3,16.03,0.0,900.7,4.55,0.11
2015-09-24,29.0,12.8,20.7,82,18,50,1.77,20.0,0.0,903.4,4.42,0.108
2015-09-25,29.2,13.3,21.4,78,20,46,1.68,20.63,0.0,902.8,4.5,0.106
2015-09-26,30.1,15.1,22.6,51,17,34,1.83,20.57,0.0,901.1,4.82,0.105
2015-09-27,31.1,15.4,23.2,55,17,33,1.54,19.49,0.0,901.6,4.63,0.105
2015-09-28,31.7,14.0,22.9,73,16,39,1.77,18.45,0.0,901.4,4.63,0.103
2015-09-29,27.9,15.8,22.0,72,28,47,1.82,18.59,0.0,900.4,4.32,0.105
2015-09-30,23.5,15.9,19.5,76,42,57,1.75,14.3,2.3,901.9,3.09,0.126
2015-10-01,22.9,15.1,18.5,69,40,56,2.11,10.72,0.1,905.7,2.65,0.137
2015-10-02,25.8,15.1,19.8,66,33,50,1.86,17.1,0.0,907.9,3.77,0.131
2015-10-03,27.8,12.5,20.1,70,24,47,1.71,18.72,0.0,908.9,4.12,0.129
2015-10-04,27.8,13.3,20.3,56,20,37,1.76,18.74,0.0,906.9,4.29,0.124
2015-10-05,27.2,13.3,20.4,48,21,34,1.5,17.62,0.0,902.1,3.96,0.119
2015-10-06,25.4,11.7,17.6,81,28,58,1.77,13.82,2.5,895.7,3.12,0.129
2015-10-07,18.6,11.4,15.2,90,47,67,1.53,10.44,2.1,895.5,2.12,0.179
2015-10-08,20.3,11.8,16.0,71,41,56,1.0,12.52,0.0,899.4,2.39,0.177
2015-10-09,22.6,10.9,16.6,74,32,53,1.4,13.09,0.0,900.9,2.81,0.17
2015-10-10,23.0,10.4,16.7,75,33,52,1.53,17.4,0.0,904.1,3.43,0.164
2015-10-11,28.9,10.5,19.5,71,21,46,1.63,17.16,0.0,904.1,3.83,0.158
2015-10-12,27.7,15.8,21.0,76,24,49,3.0,13.56,0.0,902.6,4.1,0.15
2015-10-13,25.5,13.5,19.2,69,24,47,1.71,13.49,0.0,901.3,3.32,0.14
2015-10-14,22.4,14.4,17.7,65,35,51,1.79,14.34,0.0,904.1,3.07,0.13
2015-10-15,24.9,10.2,17.0,70,24,47,1.67,17.22,0.0,905.1,3.55,0.131
2015-10-16,24.5,10.2,16.7,68,28,49,1.88,16.96,0.0,905.2,3.55,0.132
2015-10-17,25.8,9.9,17.3,68,22,45,1.43,16.26,0.0,905.3,3.39,0.131
2015-10-18,28.3,11.5,18.7,55,16,38,0.99,16.32,0.0,903.8,3.2,0.134
2015-10-19,27.7,10.2,18.5,76,14,43,1.64,15.18,0.0,902.1,3.49,0.126
2015-10-20,26.5,9.4,17.8,74,17,42,1.31,16.4,0.0,901.8,3.28,0.12
2015-10-21,26.1,11.4,18.2,69,25,46,2.77,13.5,0.0,901.2,3.75,0.117
2015-10-22,23.6,11.8,17.6,80,36,57,2.1,11.43,0.0,899.3,2.79,0.112
2015-10-23,19.1,15.0,16.9,86,62,76,3.73,3.53,9.6,898.6,1.38,0.162
2015-10-24,22.4,12.5,17.4,89,31,62,2.96,12.53,6.0,899.9,2.92,0.274
2015-10-25,15.8,9.6,12.6,89,62,77,2.91,5.68,1.0,900.5,1.33,0.26
2015-10-26,14.1,9.7,12.0,86,51,68,3.01,6.88,1.9,902.3,1.64,0.27
2015-10-27,15.2,5.2,10.5,81,35,56,2.59,15.32,0.0,902.3,2.66,0.248
2015-10-28,14.4,5.1,9.6,73,38,57,2.7,12.69,0.0,900.9,2.33,0.228
2015-10-29,13.7,7.3,10.0,79,46,65,2.59,7.98,0.0,902.3,1.71,0.217
2015-10-30,16.4,5.9,10.6,83,46,65,1.98,14.47,0.0,904.2,2.4,0.207
2015-10-31,14.5,6.4,10.1,78,42,61,2.19,12.2,0.0,908.8,2.13,0.195
2015-11-01,14.4,7.3,9.9,73,26,52,3.03,11.74,0.0,911.7,2.36,0.183
2015-11-02,15.4,2.2,8.3,62,20,40,2.78,14.83,0.0,910.9,2.87,0.168
2015-11-03,16.0,1.5,8.3,59,18,40,1.89,14.41,0.0,907.9,2.55,0.155
2015-11-04,17.8,1.0,9.1,64,19,41,1.69,14.33,0.0,904.2,2.53,0.147
2015-11-05,18.9,2.0,9.9,67,15,41,1.62,13.99,0.0,901.7,2.58,0.143
2015-11-06,19.8,3.4,11.1,60,21,39,1.44,13.76,0.0,902.4,2.53,0.146
2015-11-07,20.1,4.1,11.5,65,26,46,1.51,13.42,0.0,903.6,2.49,0.15
2015-11-08,16.4,4.9,10.3,72,42,57,2.01,12.2,0.0,904.1,2.24,0.152
2015-11-09,15.4,4.1,9.3,79,31,55,2.18,12.88,0.0,902.9,2.27,0.145
2015-11-10,13.0,4.2,8.2,67,29,48,2.79,10.94,0.0,900.8,2.19,0.14
2015-11-11,16.3,1.2,8.7,62,33,49,1.85,12.37,0.0,902.9,2.21,0.14
2015-11-12,17.4,7.3,11.8,75,36,58,1.24,8.88,0.0,908.7,1.67,0.138
2015-11-13,18.8,3.3,10.4,85,31,60,1.3,12.81,0.0,910.0,2.11,0.139
2015-11-14,17.9,3.5,9.8,79,34,59,1.53,13.04,0.0,908.0,2.18,0.14
2015-11-15,17.7,0.7,8.4,85,29,58,1.32,10.07,0.0,900.2,1.78,0.147
2015-11-16,17.0,2.2,8.7,81,34,59,1.62,12.36,0.0,896.7,2.09,0.146
2015-11-17,14.8,4.1,9.4,74,22,49,2.65,10.22,0.0,901.2,2.2,0.141
2015-11-18,13.7,-0.7,5.5,59,19,41,1.49,12.12,0.0,901.6,1.96,0.14
2015-11-19,17.5,-0.7,7.2,60,19,39,1.26,12.31,0.0,903.8,2.02,0.142
2015-11-20,18.7,0.2,8.4,73,21,47,1.63,12.22,0.0,904.5,2.19,0.14
2015-11-21,19.8,0.3,8.8,87,16,53,2.52,11.89,0.0,899.9,2.54,0.129
2015-11-22,19.7,1.2,8.9,88,19,55,2.39,11.59,0.0,901.3,2.39,0.12
2015-11-23,18.4,0.6,8.5,78,21,49,1.29,11.98,0.0,905.9,1.98,0.117
2015-11-24,17.8,-0.6,8.0,71,20,46,1.23,11.94,0.0,906.6,1.94,0.122
2015-11-25,17.8,1.2,9.5,65,16,36,2.12,7.79,0.0,901.7,2.23,0.126
2015-11-26,17.6,5.6,12.0,62,24,37,4.58,7.15,0.0,896.4,3.09,0.121
2015-11-27,17.9,9.9,13.1,79,35,64,2.91,8.35,0.0,899.7,2.04,0.119
2015-11-28,19.1,7.2,11.8,84,25,60,3.96,9.26,0.0,900.2,2.61,0.115
2015-11-29,15.9,6.6,10.5,79,29,56,1.52,10.44,0.0,900.1,1.78,0.111
2015-11-30,8.1,2.3,5.3,85,59,75,1.76,5.68,2.4,899.7,0.88,0.125
2015-12-01,8.0,-0.9,3.2,89,46,69,1.4,9.33,0.0,904.5,1.2,0.145
2015-12-02,13.4,-2.4,4.2,88,27,63,3.0,10.2,0.4,902.1,1.89,0.143
2015-12-03,5.2,-2.8,1.3,71,31,53,2.88,11.1,0.0,908.3,1.57,0.144
2015-12-04,5.1,-2.8,0.7,62,38,51,1.41,10.89,0.0,913.0,1.28,0.14
2015-12-05,5.3,-3.7,0.4,78,30,56,2.12,10.97,0.0,915.5,1.38,0.137
2015-12-06,7.8,-6.6,-0.5,64,17,45,1.1,11.01,0.0,914.4,1.37,0.138
2015-12-07,10.7,-4.9,1.6,45,11,33,1.08,10.63,0.0,913.6,1.51,0.139
2015-12-08,12.0,-3.2,2.9,56,21,40,1.23,10.69,0.0,911.5,1.54,0.139
2015-12-09,10.5,-3.1,2.8,64,29,49,1.44,10.66,0.0,908.4,1.51,0.139
2015-12-10,10.6,-2.6,2.7,68,28,53,0.87,9.59,0.0,905.2,1.27,0.142
2015-12-11,9.8,-3.3,2.5,83,37,60,0.93,10.15,0.0,903.1,1.3,0.142
2015-12-12,8.8,-2.1,2.3,82,39,65,1.17,8.84,0.0,901.0,1.18,0.145
2015-12-13,6.0,-2.8,0.9,87,56,74,2.29,10.19,0.0,902.4,1.18,0.145
2015-12-14,6.1,-2.1,1.6,79,51,69,1.0,9.56,0.0,905.8,1.08,0.146
2015-12-15,4.3,-5.1,-1.2,84,50,72,0.72,9.98,0.0,907.0,1.01,0.148
2015-12-16,4.9,-4.5,-0.5,85,42,68,1.03,9.72,0.0,904.4,1.08,0.148
2015-12-17,1.2,-2.7,-0.5,89,72,80,1.73,5.8,0.0,905.4,0.6,0.148
2015-12-18,4.2,-0.5,1.4,86,62,76,1.19,7.88,0.0,906.1,0.86,0.148
2015-12-19,3.1,-2.0,0.3,91,68,81,1.03,8.35,0.1,907.0,0.81,0.149
2015-12-20,3.3,-2.4,0.3,92,73,84,0.94,8.82,0.0,910.4,0.83,0.15
2015-12-21,3.1,-2.2,-0.1,97,67,86,0.72,7.88,0.0,913.8,0.78,0.153
2015-12-22,2.5,-3.2,-0.9,89,59,77,0.92,9.77,0.0,912.9,0.92,0.158
2015-12-23,3.5,-2.9,-0.3,84,53,71,1.01,10.17,0.0,912.4,0.98,0.16
2015-12-24,5.1,-3.3,0.0,83,41,65,1.0,9.96,0.0,913.6,1.06,0.163
2015-12-25,7.7,-4.3,0.3,77,38,63,0.85,9.42,0.0,910.8,1.09,0.165
2015-12-26,7.9,-4.3,1.0,80,47,67,1.43,9.89,0.0,909.3,1.18,0.164
2015-12-27,8.1,-2.7,1.5,86,53,73,1.32,10.31,0.0,913.0,1.18,0.164
2015-12-28,5.5,-3.7,-0.4,90,60,81,0.86,9.97,0.0,911.9,0.98,0.165
2015-12-29,6.4,-4.9,-0.2,93,50,76,0.82,10.16,0.0,903.1,1.09,0.167
2015-12-30,2.0,-3.8,-1.0,84,58,73,2.23,3.67,1.4,899.5,0.63,0.167
2015-12-31,-3.0,-8.3,-5.4,62,43,54,3.77,8.01,0.0,898.3,1.02,0.167
2016-01-01,-2.8,-8.5,-6.1,71,32,53,4.85,8.61,0.0,899.8,1.08,0.166
2016-01-02,-1.8,-12.4,-7.9,64,29,48,1.62,11.11,0.0,903.6,1.04,0.163
2016-01-03,4.2,-11.5,-4.2,52,20,36,1.65,10.85,0.0,902.4,1.33,0.162
2016-01-04,4.4,0.1,2.2,94,40,70,3.81,3.63,6.3,895.9,0.9,0.168
2016-01-05,11.3,1.0,6.5,93,63,80,3.67,6.34,1.6,893.7,1.12,0.202
2016-01-06,16.2,5.4,9.9,92,58,79,2.77,8.26,0.1,898.2,1.43,0.219
2016-01-07,12.2,5.3,9.4,88,58,73,4.45,3.91,16.3,890.9,1.31,0.255
2016-01-08,8.4,3.3,5.4,91,49,72,2.41,9.73,1.0,889.2,1.31,0.328
2016-01-09,6.9,-0.7,3.1,85,44,69,1.1,9.33,0.0,901.6,1.11,0.284
2016-01-10,12.1,-4.0,3.1,85,26,61,1.94,10.97,0.3,901.8,1.64,0.265
2016-01-11,12.7,3.0,6.7,93,58,80,2.11,6.6,1.3,902.7,1.07,0.261
2016-01-12,15.0,3.8,8.7,93,44,73,3.49,9.62,0.0,902.1,1.82,0.256
2016-01-13,14.4,6.7,10.1,79,41,64,4.09,7.89,0.1,898.2,2.02,0.246
2016-01-14,9.7,2.3,5.8,97,40,76,2.27,8.54,3.0,898.0,1.25,0.262
2016-01-15,8.6,-0.4,3.4,87,43,67,1.71,10.67,0.0,903.0,1.39,0.257
2016-01-16,13.2,-1.2,5.0,93,33,66,2.58,10.44,0.0,900.3,1.78,0.246
2016-01-17,13.8,1.6,7.6,85,36,63,4.95,9.43,0.0,893.9,2.3,0.233
2016-01-18,9.4,3.7,7.2,88,45,67,4.67,8.05,13.1,884.3,1.72,0.325
2016-01-19,3.5,-2.6,0.3,90,54,70,2.62,7.69,3.2,892.6,0.92,0.304
2016-01-20,-0.2,-8.2,-4.0,83,55,70,1.1,10.22,0.0,902.3,0.89,0.287
2016-01-21,6.4,-6.6,1.1,86,70,80,3.09,6.92,0.0,901.2,0.88,0.283
2016-01-22,7.2,1.5,3.2,92,70,84,2.32,7.73,2.8,902.2,0.9,0.291
2016-01-23,1.3,-2.7,-1.0,78,60,70,3.74,5.45,2.0,902.3,0.84,0.291
2016-01-24,-1.8,-6.1,-4.0,77,43,61,6.32,9.03,2.1,901.9,1.19,0.279
2016-01-25,-2.4,-7.6,-5.5,63,34,49,4.09,10.85,0.0,905.4,1.24,0.271
2016-01-26,-1.2,-10.0,-5.9,63,31,47,1.41,12.64,0.0,904.9,1.2,0.268
2016-01-27,1.3,-8.0,-3.2,67,38,49,1.99,11.63,0.0,908.6,1.27,0.265
2016-01-28,4.9,-7.4,-1.1,66,30,48,1.06,11.16,0.0,909.4,1.37,0.263
2016-01-29,10.2,-0.7,3.2,82,51,69,1.25,12.66,0.0,910.7,1.63,0.261
2016-01-30,11.8,-2.1,3.8,89,46,73,1.53,12.98,0.0,908.4,1.76,0.258
2016-01-31,11.8,3.0,6.2,94,47,77,1.59,9.96,0.0,907.0,1.42,0.258
2016-02-01,11.9,3.4,6.8,91,51,76,1.83,6.2,0.0,904.3,1.11,0.255
2016-02-02,12.0,3.0,6.9,87,30,61,2.47,11.44,0.0,908.5,1.92,0.251
2016-02-03,16.8,-1.9,5.8,83,25,59,1.76,14.18,0.0,908.6,2.24,0.247
2016-02-04,20.3,0.2,8.4,91,16,61,2.79,13.76,0.0,904.6,2.76,0.236
2016-02-05,16.0,4.5,9.2,84,20,55,4.33,12.74,0.8,896.4,3.05,0.225
2016-02-06,6.9,0.6,3.5,88,66,77,3.72,7.04,6.1,893.6,1.03,0.262
2016-02-07,3.7,-0.7,1.1,73,46,61,4.42,8.13,0.9,903.4,1.42,0.266
2016-02-08,6.2,-4.7,0.5,83,39,62,1.48,15.09,0.0,906.6,1.72,0.258
2016-02-09,10.8,-4.5,2.4,82,27,59,0.98,15.23,0.0,905.5,1.9,0.252
2016-02-10,12.6,-3.5,3.4,87,27,62,2.05,15.21,0.0,901.5,2.19,0.243
2016-02-11,11.2,1.3,5.6,85,55,72,2.82,6.93,0.0,900.7,1.29,0.238
2016-02-12,16.4,5.3,9.8,88,36,67,3.11,11.42,0.0,903.2,2.29,0.231
2016-02-13,13.9,7.0,9.7,84,43,64,3.39,9.09,0.5,901.7,2.0,0.225
2016-02-14,17.7,5.1,10.8,81,37,61,3.02,14.24,0.1,901.5,2.73,0.221
2016-02-15,21.1,4.8,11.6,89,27,63,2.16,12.56,0.4,907.6,2.57,0.217
2016-02-16,21.5,3.9,12.1,89,24,60,1.26,15.22,0.0,913.8,2.61,0.21
2016-02-17,20.1,4.8,12.4,85,28,57,1.22,12.42,0.0,913.2,2.24,0.202
2016-02-18,20.4,7.7,14.0,78,32,54,1.09,10.87,0.0,907.6,2.14,0.191
2016-02-19,22.0,5.3,12.9,86,14,53,2.74,16.66,0.0,896.8,3.63,0.175
2016-02-20,17.1,8.1,11.6,72,36,55,1.51,12.4,0.0,899.8,2.26,0.164
2016-02-21,10.4,4.9,7.2,86,59,74,3.45,8.23,3.4,892.4,1.42,0.166
2016-02-22,8.5,1.7,4.7,78,32,53,5.64,16.38,0.3,899.8,2.56,0.191
2016-02-23,12.6,-1.7,4.7,78,30,56,1.57,17.46,0.0,902.5,2.45,0.185
2016-02-24,21.0,-1.3,9.5,88,21,54,2.14,17.09,0.0,899.7,3.22,0.177
2016-02-25,19.1,6.9,12.8,85,24,52,1.53,15.82,0.0,901.2,2.76,0.168
2016-02-26,21.4,2.9,12.3,93,15,52,2.06,16.83,0.0,900.1,3.34,0.162
2016-02-27,19.5,7.3,12.6,76,28,55,2.37,15.31,0.6,899.5,3.11,0.163
2016-02-28,20.0,5.2,11.7,91,24,61,1.76,17.81,0.0,907.1,3.13,0.161
2016-02-29,23.5,3.0,13.0,91,7,48,1.69,18.63,0.0,910.3,3.55,0.145
2016-03-01,26.9,3.4,14.9,77,3,34,2.71,18.82,0.0,904.6,4.62,0.128
2016-03-02,24.0,6.0,15.3,71,9,33,4.02,18.01,0.0,896.3,5.2,0.116
2016-03-03,16.5,7.6,12.7,75,19,43,4.41,14.7,3.9,890.1,3.56,0.154
2016-03-04,14.8,6.3,9.7,70,33,54,4.31,12.0,0.2,893.0,2.76,0.172
2016-03-05,11.8,6.2,8.3,71,34,54,4.55,16.29,1.2,894.0,2.84,0.177
2016-03-06,15.5,1.7,8.2,80,18,52,1.55,19.74,0.0,901.0,3.02,0.176
2016-03-07,19.9,1.3,10.5,82,7,44,1.81,19.85,0.0,899.4,3.59,0.167
2016-03-08,21.4,1.9,11.7,89,3,41,1.36,20.33,0.0,897.8,3.33,0.154
2016-03-09,22.0,2.9,12.5,79,7,39,2.26,19.84,0.0,895.3,4.15,0.142
2016-03-10,17.7,8.0,13.4,58,18,39,4.03,18.77,0.0,893.3,4.23,0.123
2016-03-11,18.6,1.9,10.1,84,18,51,1.72,17.9,0.0,899.2,3.24,0.112
2016-03-12,19.1,2.7,11.1,87,15,46,1.3,20.14,0.0,901.8,3.36,0.109
2016-03-13,22.9,4.2,13.7,62,10,32,1.87,20.23,0.0,898.6,4.2,0.106
2016-03-14,14.5,8.0,11.7,77,23,49,3.46,13.21,5.3,889.2,2.86,0.149
2016-03-15,8.6,4.1,6.3,89,49,68,3.51,10.94,0.7,894.4,1.8,0.186
2016-03-16,7.4,2.5,4.8,61,39,50,3.31,16.3,0.0,899.8,2.39,0.185
2016-03-17,8.9,-1.2,3.7,77,29,51,2.13,20.11,0.0,903.9,2.67,0.18
2016-03-18,15.6,-3.4,6.2,74,15,45,1.57,22.44,0.0,901.4,3.51,0.174
2016-03-19,15.3,4.2,9.3,78,26,53,3.78,13.91,1.0,896.0,3.07,0.168
2016-03-20,11.5,4.0,7.4,89,29,59,2.84,15.72,2.0,897.6,2.54,0.198
2016-03-21,13.6,1.2,7.6,68,21,42,2.61,19.41,0.0,900.9,3.23,0.191
2016-03-22,19.6,-0.2,9.6,72,21,45,2.4,21.32,0.1,900.8,3.95,0.184
2016-03-23,22.1,6.1,14.5,80,11,38,4.02,17.86,0.0,899.4,4.92,0.164
2016-03-24,22.4,10.0,16.0,48,9,27,6.16,21.72,0.0,893.2,6.46,0.145
2016-03-25,19.2,5.9,12.8,74,20,41,3.27,21.22,0.6,895.3,4.51,0.131
2016-03-26,14.9,5.6,10.2,59,23,41,4.1,17.72,0.1,893.9,3.61,0.128
2016-03-27,13.5,1.9,6.9,78,34,58,1.46,18.69,1.3,894.0,2.85,0.131
2016-03-28,8.9,3.3,6.0,89,45,66,3.86,17.65,5.3,895.1,2.41,0.188
2016-03-29,12.9,0.2,6.9,70,24,44,1.52,24.2,0.0,901.2,3.54,0.194
2016-03-30,16.9,1.3,9.9,65,15,37,1.48,22.54,0.0,904.8,3.84,0.184
2016-03-31,19.9,3.8,11.8,66,12,38,1.92,23.99,0.0,907.1,4.37,0.169
2016-04-01,23.0,3.2,14.1,65,9,31,1.16,24.27,0.0,905.3,4.31,0.157
2016-04-02,24.3,4.8,14.9,85,11,42,1.76,21.6,0.0,903.2,4.45,0.145
2016-04-03,22.3,8.1,15.3,72,14,37,2.75,21.61,0.0,903.6,4.68,0.124
2016-04-04,24.6,5.9,15.3,49,6,24,1.37,24.86,0.0,900.8,4.79,0.113
2016-04-05,25.2,6.8,16.6,47,3,21,1.93,24.83,0.0,897.6,5.22,0.103
2016-04-06,26.2,7.1,17.0,63,11,30,1.76,24.23,0.0,897.3,5.15,0.094
2016-04-07,26.7,7.8,17.8,73,13,37,1.75,23.97,0.0,899.6,5.15,0.09
2016-04-08,27.0,9.7,18.4,68,9,35,2.68,18.69,0.2,900.4,4.89,0.087
2016-04-09,26.5,14.3,19.8,49,21,35,4.41,17.62,0.2,895.8,5.59,0.086
2016-04-10,21.7,10.4,16.4,75,21,44,3.48,22.01,0.3,893.4,5.01,0.087
2016-04-11,18.3,7.2,12.3,71,26,46,3.73,21.02,0.4,892.4,4.16,0.091
2016-04-12,15.5,5.3,10.7,78,35,58,2.33,22.2,2.2,892.9,3.67,0.099
2016-04-13,18.8,10.3,13.7,81,33,60,4.02,17.91,2.4,896.7,3.67,0.125
2016-04-14,23.1,7.1,15.5,71,19,44,1.85,24.76,0.0,898.4,4.71,0.132
2016-04-15,26.1,9.0,17.6,68,18,39,3.82,21.11,0.2,900.0,5.61,0.131
2016-04-16,25.7,8.9,17.5,78,12,41,1.47,26.29,0.0,905.0,5.04,0.125
2016-04-17,27.4,8.6,18.5,59,7,29,1.3,26.55,0.0,905.2,5.31,0.124
2016-04-18,27.3,10.8,19.3,52,7,25,2.08,26.68,0.0,906.2,5.94,0.119
2016-04-19,28.6,9.8,20.2,32,4,18,1.85,26.94,0.0,905.1,5.92,0.117
2016-04-20,29.8,10.5,20.9,62,6,26,3.61,26.28,0.0,902.7,7.24,0.106
2016-04-21,21.1,11.3,16.1,47,19,29,3.94,25.05,0.0,902.6,5.6,0.101
2016-04-22,21.4,5.4,13.5,60,7,28,1.97,28.04,0.0,904.8,5.15,0.101
2016-04-23,26.6,6.0,17.6,31,9,18,2.24,24.22,0.0,898.9,5.71,0.101
2016-04-24,26.0,11.5,18.9,42,11,24,4.09,25.98,0.0,893.1,6.78,0.1
2016-04-25,23.5,10.4,17.4,55,20,35,3.66,26.87,0.0,891.3,6.06,0.1
2016-04-26,22.8,12.3,17.3,59,25,42,5.18,22.02,0.2,893.4,5.47,0.1
2016-04-27,21.2,11.1,15.4,71,25,46,1.97,21.27,0.0,897.8,4.31,0.102
2016-04-28,22.7,7.5,15.7,57,10,33,2.05,27.71,0.0,900.2,5.51,0.103
2016-04-29,25.2,8.6,17.9,38,15,26,2.17,27.94,0.0,901.8,6.03,0.103
2016-04-30,23.4,14.5,19.0,57,27,40,2.18,16.05,0.3,901.4,4.04,0.102
2016-05-01,24.8,11.8,18.5,69,21,44,2.11,23.25,0.0,899.8,5.07,0.103
2016-05-02,25.8,13.2,19.8,52,25,36,2.2,21.7,0.0,899.2,5.24,0.102
2016-05-03,25.5,13.2,19.5,56,29,40,4.27,22.52,2.3,895.7,5.88,0.104
2016-05-04,19.5,10.7,15.3,58,31,42,4.25,22.55,1.4,892.4,5.02,0.107
2016-05-05,18.8,9.9,13.7,61,26,46,2.96,21.77,1.3,893.4,4.35,0.112
2016-05-06,16.4,8.2,12.4,75,41,57,2.29,22.71,0.8,894.5,3.83,0.12
2016-05-07,18.9,7.5,13.2,93,28,61,1.58,23.43,0.9,898.6,4.06,0.127
2016-05-08,22.3,5.4,15.3,91,16,51,1.23,25.69,0.0,902.0,4.67,0.125
2016-05-09,25.9,10.6,18.5,76,8,38,1.96,25.8,0.0,902.6,5.6,0.114
2016-05-10,25.4,12.1,18.2,62,19,39,2.52,24.88,0.1,900.4,5.5,0.108
2016-05-11,26.3,12.5,18.8,76,21,47,1.72,26.8,0.0,900.0,5.6,0.112
2016-05-12,29.1,11.7,20.6,73,18,42,2.78,27.66,0.0,899.7,6.5,0.113
2016-05-13,29.7,16.5,23.2,70,26,41,4.51,25.8,0.6,899.1,7.15,0.108
2016-05-14,29.0,13.5,21.2,69,21,44,3.12,17.17,0.1,901.3,4.99,0.107
2016-05-15,28.6,17.8,22.4,65,25,46,4.54,18.66,1.0,902.7,5.7,0.109
2016-05-16,29.2,14.8,21.7,89,7,45,1.97,29.45,0.0,901.4,6.5,0.12
2016-05-17,29.6,12.0,21.1,59,11,31,2.58,28.93,0.0,897.6,6.92,0.113
2016-05-18,21.9,12.3,16.5,72,35,54,2.51,21.96,5.7,896.5,4.45,0.127
2016-05-19,21.2,11.0,15.8,76,27,49,2.1,25.33,1.1,900.3,4.81,0.203
2016-05-20,25.2,9.7,18.0,62,18,39,1.22,29.59,0.0,901.3,5.49,0.184
2016-05-21,26.6,11.5,19.7,70,25,43,1.75,23.54,0.4,901.2,5.24,0.165
2016-05-22,22.2,13.7,18.3,74,33,49,2.65,19.94,3.5,896.9,4.51,0.167
2016-05-23,19.5,11.8,15.2,72,40,57,2.77,20.6,3.6,895.0,4.07,0.178
2016-05-24,23.5,12.7,17.1,66,23,49,1.89,21.82,0.0,898.7,4.45,0.185
2016-05-25,25.9,10.7,19.0,82,21,44,4.13,29.0,0.5,895.7,6.76,0.169
2016-05-26,21.7,10.1,15.9,77,27,52,1.52,24.04,3.0,894.1,4.55,0.162
2016-05-27,20.9,12.1,16.2,68,29,48,2.0,22.53,0.0,896.2,4.48,0.175
2016-05-28,19.0,11.8,15.1,83,45,61,3.31,21.65,2.8,897.9,4.14,0.173
2016-05-29,22.6,12.2,17.7,81,27,49,1.8,17.02,0.0,901.1,3.74,0.185
2016-05-30,28.4,11.5,21.0,59,20,39,2.27,27.87,0.0,902.4,6.36,0.17
2016-05-31,31.0,14.6,23.4,83,18,44,2.96,26.59,0.1,902.5,6.76,0.154
2016-06-01,31.5,14.7,23.8,83,11,41,2.08,24.97,0.0,902.3,5.99,0.136
2016-06-02,33.0,16.1,25.1,53,15,31,2.92,28.94,0.0,902.1,7.62,0.13
2016-06-03,31.2,15.7,24.3,83,19,38,3.78,23.25,0.4,898.4,6.98,0.133
2016-06-04,30.6,13.3,22.7,54,10,29,3.04,28.83,0.0,896.7,7.43,0.118
2016-06-05,27.8,13.9,21.7,54,23,36,2.24,27.63,0.0,899.3,6.31,0.115
2016-06-06,27.2,14.5,21.3,75,25,41,2.53,21.98,2.4,900.0,5.42,0.119
2016-06-07,25.0,12.6,19.0,92,32,59,1.73,23.46,2.5,899.8,4.79,0.172
2016-06-08,21.9,15.0,18.0,75,45,58,2.81,21.14,3.6,898.7,4.38,0.178
2016-06-09,22.1,12.6,16.4,80,33,60,2.85,17.97,9.7,897.4,3.8,0.285
2016-06-10,24.0,10.7,17.8,74,28,50,1.79,28.57,0.0,898.8,5.65,0.245
2016-06-11,27.0,11.2,20.0,85,21,48,1.59,29.39,0.0,900.6,6.03,0.209
2016-06-12,29.9,12.7,21.9,82,20,46,1.71,30.33,0.0,902.6,6.44,0.182
2016-06-13,31.1,13.7,23.4,81,16,40,2.84,30.94,0.0,899.1,7.55,0.157
2016-06-14,27.8,16.1,22.8,66,24,38,4.04,23.2,0.8,897.6,6.61,0.144
2016-06-15,28.4,17.7,23.5,38,22,28,2.67,29.21,0.2,895.9,6.99,0.139
2016-06-16,29.4,17.1,23.9,50,16,32,3.51,30.04,0.0,902.1,7.66,0.13
2016-06-17,29.8,18.7,24.6,50,15,30,4.9,30.77,0.0,904.7,8.47,0.119
2016-06-18,29.4,18.1,24.3,51,24,34,4.67,30.61,0.0,904.0,8.03,0.111
2016-06-19,31.9,18.4,25.5,62,18,37,3.39,30.6,0.0,903.5,7.75,0.11
2016-06-20,33.5,19.8,27.0,47,16,32,3.37,30.54,0.0,904.8,8.19,0.107
2016-06-21,33.0,20.5,27.1,56,18,34,3.96,30.58,0.0,904.6,8.36,0.105
2016-06-22,33.6,21.3,27.3,56,17,35,3.42,30.48,0.0,902.5,7.98,0.106
2016-06-23,33.8,22.2,28.0,54,19,34,3.25,30.24,0.0,901.8,8.01,0.106
2016-06-24,33.3,23.0,28.1,61,19,37,3.99,29.92,0.0,901.1,8.2,0.105
2016-06-25,32.5,21.4,27.1,66,23,39,2.97,29.48,0.0,901.3,7.46,0.105
2016-06-26,35.9,20.4,28.1,42,19,31,2.25,28.25,0.0,900.3,7.44,0.104
2016-06-27,34.9,18.6,27.4,52,13,31,1.51,30.63,0.0,896.7,6.95,0.105
2016-06-28,33.7,21.2,27.3,57,19,39,2.34,26.37,0.0,896.0,6.68,0.104
2016-06-29,28.4,19.0,23.7,67,34,51,2.37,22.2,6.1,897.4,5.18,0.129
2016-06-30,28.6,16.7,22.5,80,34,54,1.68,24.5,0.0,900.6,5.32,0.168
2016-07-01,30.5,19.1,24.4,59,25,43,2.8,20.79,0.0,902.5,5.5,0.154
2016-07-02,31.6,19.4,25.6,57,20,38,2.73,30.19,0.0,901.0,7.26,0.14
2016-07-03,33.2,18.6,26.7,47,18,32,2.39,28.88,0.0,898.1,7.29,0.127
2016-07-04,29.5,21.0,26.0,44,28,35,3.22,23.97,0.0,897.9,6.61,0.118
2016-07-05,28.0,20.0,24.4,52,28,38,4.69,20.66,0.0,899.0,6.5,0.112
2016-07-06,30.2,19.3,24.6,53,25,38,3.6,30.21,0.0,898.7,7.38,0.109
2016-07-07,32.8,18.8,26.1,46,18,33,1.88,28.38,0.0,897.1,6.63,0.11
2016-07-08,29.8,21.7,25.7,53,25,38,4.63,27.63,0.0,901.5,7.7,0.109
2016-07-09,30.1,18.2,24.4,52,20,33,2.74,30.27,0.0,901.8,7.22,0.109
2016-07-10,32.2,17.5,25.5,35,14,23,2.47,30.38,0.0,900.7,7.68,0.109
2016-07-11,29.5,19.5,24.4,47,19,31,3.37,30.29,0.0,902.6,7.68,0.109
2016-07-12,31.5,17.7,24.7,38,12,26,2.97,30.68,0.0,901.9,7.69,0.108
2016-07-13,34.8,17.4,26.6,32,12,22,2.09,30.4,0.0,900.5,7.49,0.107
2016-07-14,35.7,18.9,28.7,32,8,18,1.9,29.94,0.0,898.5,7.48,0.104
2016-07-15,37.0,21.3,29.7,43,12,22,1.78,29.37,0.0,898.5,7.38,0.104
2016-07-16,37.8,19.7,30.0,58,8,23,2.24,30.15,0.0,899.5,7.96,0.106
2016-07-17,38.1,21.2,30.7,39,8,17,1.79,30.29,0.0,898.1,7.64,0.105
2016-07-18,38.1,20.8,30.1,60,13,29,1.62,29.71,0.0,895.6,7.13,0.104
2016-07-19,32.6,23.1,27.6,55,30,40,3.78,26.04,0.0,896.5,7.32,0.104
2016-07-20,31.1,22.2,26.8,51,32,39,3.35,24.18,0.0,897.2,6.77,0.106
2016-07-21,31.9,21.5,26.2,63,28,46,2.59,23.56,0.1,899.6,6.07,0.112
2016-07-22,32.3,21.2,26.8,54,22,39,2.77,21.74,0.0,902.0,6.12,0.115
2016-07-23,33.5,19.8,26.9,39,12,26,2.72,29.59,0.0,901.4,7.67,0.112
2016-07-24,30.8,21.3,25.9,44,14,26,4.17,29.63,0.0,900.1,8.31,0.112
2016-07-25,30.6,19.5,24.7,41,18,28,3.4,29.92,0.0,899.7,7.64,0.11
2016-07-26,32.4,17.5,25.1,46,15,31,2.55,29.69,0.0,899.2,7.28,0.11
2016-07-27,33.6,17.7,26.6,34,13,23,2.11,29.56,0.0,898.9,7.28,0.108
2016-07-28,35.0,20.0,27.9,30,14,22,2.18,28.65,0.0,899.1,7.37,0.107
2016-07-29,33.6,20.3,27.5,37,18,27,2.3,26.98,0.0,898.8,7.05,0.109
2016-07-30,33.9,21.9,28.2,36,18,26,1.78,26.85,0.0,897.9,6.64,0.112
2016-07-31,33.9,21.8,27.7,47,23,33,2.67,24.61,0.0,899.5,6.79,0.117
2016-08-01,34.4,19.8,27.7,37,15,25,2.38,28.85,0.0,901.3,7.44,0.115
2016-08-02,36.0,19.3,28.6,33,14,21,1.76,28.77,0.0,899.9,7.05,0.117
2016-08-03,36.0,21.1,28.5,50,18,31,2.37,25.29,0.0,897.3,6.94,0.123
2016-08-04,34.5,22.1,28.3,49,21,34,2.96,24.65,0.0,899.0,6.91,0.117
2016-08-05,34.4,22.0,27.8,50,20,35,2.81,24.71,0.0,899.5,6.77,0.114
2016-08-06,33.2,20.0,26.7,64,23,41,2.62,25.24,0.0,899.7,6.55,0.116
2016-08-07,32.9,20.6,27.2,49,24,36,2.78,21.66,0.0,900.2,6.23,0.117
2016-08-08,33.1,21.5,27.3,50,21,35,2.92,27.68,0.0,902.0,7.22,0.115
2016-08-09,33.9,19.6,27.1,47,20,33,2.3,27.89,0.0,899.7,6.96,0.114
2016-08-10,34.8,19.6,27.9,42,19,29,2.15,26.08,0.0,897.9,6.76,0.114
2016-08-11,36.0,20.6,28.6,51,17,31,2.81,25.22,0.0,899.9,7.19,0.115
2016-08-12,36.6,21.4,29.4,38,11,25,1.8,26.23,0.0,900.3,6.66,0.117
2016-08-13,34.5,20.9,27.8,65,20,39,2.41,24.74,0.0,900.3,6.54,0.118
2016-08-14,29.3,20.6,24.6,70,38,53,4.73,18.27,0.0,902.9,5.67,0.117
2016-08-15,29.8,18.1,23.9,62,28,45,3.42,25.42,0.0,902.9,6.39,0.121
2016-08-16,30.7,18.6,24.3,61,20,39,2.74,23.88,0.0,900.4,6.04,0.117
2016-08-17,30.5,17.3,24.4,47,20,32,2.88,27.27,0.0,898.9,6.78,0.111
2016-08-18,32.4,16.5,25.0,40,19,29,2.15,27.23,0.0,899.1,6.59,0.106
2016-08-19,34.2,17.5,26.4,43,16,28,1.93,26.54,0.0,899.1,6.52,0.107
2016-08-20,36.5,19.4,28.3,37,14,23,1.72,26.26,0.0,899.1,6.48,0.104
2016-08-21,34.2,19.9,27.0,75,21,42,1.84,25.21,0.0,899.9,6.19,0.103
2016-08-22,34.3,18.6,27.1,55,15,33,1.5,24.92,0.0,900.7,5.8,0.107
2016-08-23,35.2,19.1,27.7,50,10,27,1.78,25.23,0.0,900.3,6.32,0.106
2016-08-24,35.7,18.8,27.3,57,12,30,1.39,26.28,0.0,899.4,6.01,0.106
2016-08-25,34.5,20.1,27.4,56,15,35,1.96,25.84,0.0,899.4,6.33,0.104
2016-08-26,33.9,21.1,27.5,56,18,37,2.11,25.23,0.0,901.3,6.28,0.101
2016-08-27,33.2,21.5,26.8,58,22,41,1.69,23.65,0.0,902.5,5.56,0.104
2016-08-28,33.7,21.0,26.9,60,19,41,1.61,22.69,0.0,902.1,5.4,0.104
2016-08-29,34.2,19.5,26.6,64,20,40,1.55,24.58,0.0,900.9,5.74,0.105
2016-08-30,33.7,17.3,25.6,78,16,42,1.21,25.27,0.0,900.3,5.39,0.104
2016-08-31,31.3,20.4,25.9,59,29,41,3.3,21.74,0.0,901.8,6.15,0.104
2016-09-01,28.6,20.2,24.4,56,30,40,3.93,23.22,0.0,903.1,6.32,0.104
2016-09-02,28.3,17.9,22.7,58,27,40,2.7,23.43,0.0,899.8,5.64,0.106
2016-09-03,27.7,16.8,22.2,48,25,35,2.47,21.51,0.0,898.2,5.39,0.108
2016-09-04,28.9,16.4,22.4,44,22,31,2.45,22.53,0.0,901.2,5.59,0.105
2016-09-05,30.4,16.1,23.0,43,17,29,1.65,22.31,0.0,902.9,5.22,0.104
2016-09-06,31.7,15.4,23.9,76,19,42,1.45,23.75,0.0,903.1,5.22,0.105
2016-09-07,32.0,17.2,24.5,71,14,38,2.18,23.65,0.0,904.0,5.93,0.106
2016-09-08,30.3,17.7,23.9,36,15,24,2.56,23.84,0.0,902.7,6.14,0.108
2016-09-09,31.8,15.3,23.9,28,15,22,1.87,23.65,0.0,901.4,5.74,0.109
2016-09-10,32.6,17.3,25.1,34,15,24,1.51,22.86,0.0,902.1,5.36,0.108
2016-09-11,34.0,17.3,25.7,59,13,32,2.09,22.48,0.0,901.6,5.9,0.107
2016-09-12,32.2,16.3,24.1,66,14,35,1.74,23.22,0.0,900.2,5.37,0.103
2016-09-13,29.3,18.1,23.8,72,26,44,1.9,20.1,0.0,898.9,4.87,0.107
2016-09-14,28.6,18.5,23.4,65,28,46,1.71,18.89,0.0,899.5,4.32,0.107
2016-09-15,25.0,15.5,20.2,86,41,61,2.0,15.32,7.0,900.4,3.45,0.14
2016-09-16,24.3,14.0,18.5,93,35,62,2.38,18.19,0.0,902.0,3.86,0.221
2016-09-17,25.0,11.3,18.5,64,22,41,1.83,22.39,0.0,902.9,4.57,0.201
2016-09-18,27.1,9.7,18.5,63,17,37,1.47,22.29,0.0,902.4,4.56,0.185
2016-09-19,31.7,12.9,22.0,58,18,37,2.07,21.51,0.0,900.7,5.26,0.169
2016-09-20,26.9,15.6,20.5,79,31,55,3.03,15.27,1.1,898.7,3.99,0.159
2016-09-21,27.7,12.5,20.4,79,22,48,1.56,19.25,0.0,898.9,4.14,0.154
2016-09-22,23.8,14.4,18.8,80,38,57,1.57,15.63,0.1,900.3,3.31,0.147
2016-09-23,19.3,12.2,15.7,73,31,54,3.38,13.42,0.0,903.1,3.21,0.144
2016-09-24,18.2,7.4,12.7,64,23,44,2.94,21.46,0.0,906.9,4.11,0.142
2016-09-25,19.9,6.8,13.3,61,18,40,2.18,21.04,0.0,901.6,4.05,0.137
2016-09-26,21.6,7.0,14.3,63,22,41,1.89,19.36,0.0,900.7,3.9,0.135
2016-09-27,23.7,8.5,15.9,59,20,37,1.77,20.49,0.0,903.3,4.16,0.129
2016-09-28,23.3,11.3,16.6,54,23,38,2.81,20.24,0.0,907.7,4.51,0.114
2016-09-29,23.0,9.0,16.2,62,24,41,1.92,20.25,0.0,908.3,4.1,0.109
2016-09-30,24.3,8.7,16.4,58,18,36,2.2,19.94,0.0,906.2,4.35,0.109
2016-10-01,24.6,10.0,17.2,49,17,34,1.69,19.96,0.0,904.8,4.11,0.108
2016-10-02,28.1,8.9,18.4,52,11,30,1.22,19.7,0.0,904.1,4.04,0.119
2016-10-03,29.3,11.2,19.8,46,13,27,1.36,17.29,0.0,903.5,3.88,0.121
2016-10-04,29.4,11.6,20.2,60,16,32,1.37,17.76,0.0,900.2,3.9,0.121
2016-10-05,30.1,11.2,20.3,73,12,38,2.33,18.93,0.0,898.4,4.81,0.11
2016-10-06,27.5,10.7,18.9,72,19,42,1.46,18.28,0.0,900.8,3.86,0.102
2016-10-07,26.2,10.6,18.5,83,23,49,1.39,18.37,0.0,902.3,3.64,0.102
2016-10-08,29.2,10.9,19.6,71,20,42,3.05,18.06,0.0,902.0,4.92,0.101
2016-10-09,24.8,11.7,18.2,82,32,54,1.49,15.11,0.0,903.8,3.16,0.104
2016-10-10,25.9,11.3,18.3,67,27,45,1.54,17.55,0.0,903.6,3.67,0.107
2016-10-11,27.6,10.2,19.0,80,22,45,1.93,16.7,0.0,902.1,3.98,0.108
2016-10-12,28.9,13.2,20.8,79,18,43,3.55,16.43,0.1,902.8,5.0,0.104
2016-10-13,28.4,12.8,20.3,57,19,37,2.79,16.6,0.0,902.7,4.62,0.103
2016-10-14,21.8,11.7,16.6,82,34,54,2.1,12.55,0.0,903.7,2.82,0.108
2016-10-15,18.9,8.0,13.2,52,27,39,2.76,17.28,0.0,905.6,3.61,0.106
2016-10-16,20.5,4.7,12.6,63,20,40,1.43,17.54,0.0,905.5,3.12,0.109
2016-10-17,24.0,6.1,14.5,46,16,31,1.71,15.58,0.0,902.7,3.45,0.111
2016-10-18,15.6,8.8,11.9,79,49,61,3.2,10.55,0.1,903.3,2.28,0.111
2016-10-19,19.4,8.7,13.2,61,33,49,1.43,16.09,0.0,903.4,2.88,0.115
2016-10-20,21.5,5.8,13.0,69,29,48,1.64,16.36,0.0,902.1,3.15,0.121
2016-10-21,21.8,6.3,13.8,68,23,44,1.68,16.2,0.0,902.5,3.15,0.123
2016-10-22,23.7,6.4,14.5,55,20,36,1.21,15.84,0.0,902.5,3.02,0.123
2016-10-23,23.5,8.2,15.9,63,26,42,1.65,14.1,0.0,903.9,3.11,0.12
2016-10-24,21.4,11.0,16.3,65,32,46,2.38,11.77,0.0,904.8,3.05,0.113
2016-10-25,18.5,9.9,13.7,78,36,55,3.4,13.32,0.0,906.0,2.94,0.11
2016-10-26,17.4,5.2,11.1,74,33,52,1.88,15.47,0.0,902.6,2.69,0.113
2016-10-27,21.0,4.2,11.4,68,20,43,1.31,14.17,0.0,902.9,2.71,0.114
2016-10-28,19.7,8.2,12.9,45,25,36,1.81,14.95,0.0,905.8,2.96,0.111
2016-10-29,22.2,7.4,13.6,53,25,40,1.41,14.2,0.0,904.8,2.78,0.114
2016-10-30,21.0,7.3,13.8,72,32,50,1.97,13.67,0.0,900.8,2.85,0.115
2016-10-31,14.5,7.4,10.4,70,37,51,2.36,13.13,1.5,900.9,2.48,0.114
2016-11-01,11.0,4.0,7.2,76,24,48,3.26,14.66,3.4,900.2,2.63,0.164
2016-11-02,10.4,-0.9,4.2,73,25,50,1.61,14.6,0.0,905.4,2.08,0.163
2016-11-03,19.4,-2.8,7.2,70,15,43,1.46,14.49,0.0,903.8,2.44,0.158
2016-11-04,18.7,-0.9,8.2,93,22,57,1.4,14.03,0.0,904.8,2.27,0.15
2016-11-05,19.0,2.3,9.9,78,22,49,1.32,13.82,0.0,904.9,2.37,0.147
2016-11-06,20.7,2.1,11.1,76,21,45,1.54,13.5,0.0,904.2,2.56,0.14
2016-11-07,22.1,4.5,12.3,85,27,57,2.23,12.83,0.0,904.9,2.7,0.131
2016-11-08,23.8,7.5,14.0,82,25,58,2.02,10.58,0.0,906.5,2.42,0.117
2016-11-09,24.3,7.9,15.2,83,28,54,3.01,11.76,0.0,904.5,3.29,0.107
2016-11-10,22.2,10.2,17.1,67,26,36,4.02,11.99,0.0,900.9,4.04,0.101
2016-11-11,20.5,5.5,11.5,92,27,62,1.79,11.53,0.0,904.9,2.18,0.102
2016-11-12,19.1,5.5,11.4,79,33,57,1.27,11.06,0.0,906.2,1.97,0.102
2016-11-13,21.5,3.1,11.0,92,22,60,1.82,11.02,0.0,903.0,2.18,0.097
2016-11-14,18.9,4.9,10.9,77,37,58,1.4,9.78,0.0,904.0,1.85,0.097
2016-11-15,14.4,6.3,10.0,80,45,59,2.38,10.77,0.0,903.3,2.05,0.098
2016-11-16,7.5,0.9,4.7,82,53,65,3.34,3.73,1.9,901.6,0.95,0.107
2016-11-17,7.4,-1.6,2.4,66,41,55,1.64,12.2,0.0,904.9,1.54,0.118
2016-11-18,8.9,-4.3,1.4,81,34,58,1.02,12.65,0.0,908.2,1.5,0.124
2016-11-19,10.6,-4.6,2.1,73,29,53,1.07,12.54,0.0,908.0,1.58,0.132
2016-11-20,11.2,-3.3,2.9,64,34,50,0.93,11.41,0.0,905.4,1.51,0.138
2016-11-21,12.8,-2.1,4.0,65,29,49,0.83,11.74,0.0,904.7,1.58,0.143
2016-11-22,13.1,-1.7,4.4,64,27,48,1.09,11.96,0.0,905.5,1.69,0.149
2016-11-23,12.6,-2.2,3.8,69,32,53,1.09,11.98,0.0,906.0,1.62,0.15
2016-11-24,11.9,-5.3,2.0,79,26,56,0.87,12.23,0.0,905.3,1.53,0.152
2016-11-25,12.9,-6.0,1.9,79,16,45,1.12,12.03,0.0,902.6,1.67,0.151
2016-11-26,13.4,-5.5,2.5,62,17,38,1.12,11.73,0.0,901.9,1.68,0.15
2016-11-27,15.7,-4.3,3.8,67,7,38,1.66,11.68,0.0,901.8,2.05,0.148
2016-11-28,18.0,-2.3,6.3,82,4,42,2.52,11.07,0.0,900.4,2.46,0.14
2016-11-29,13.9,3.3,8.3,71,33,50,3.71,7.75,0.4,897.9,2.16,0.136
2016-11-30,10.8,3.5,6.8,87,68,79,3.45,4.69,4.6,894.4,1.0,0.16
2016-12-01,3.2,1.0,2.1,93,79,86,2.67,4.62,5.9,893.8,0.59,0.192
2016-12-02,5.0,-1.7,1.5,92,41,66,2.71,9.05,1.8,894.2,1.18,0.195
2016-12-03,11.3,-3.2,2.9,77,34,58,2.0,10.85,0.0,901.3,1.56,0.191
2016-12-04,12.2,-0.4,5.3,88,52,72,1.25,7.7,0.0,906.8,1.16,0.187
2016-12-05,4.9,-1.0,3.2,95,67,84,1.66,3.09,2.3,909.0,0.46,0.201
2016-12-06,6.0,-4.6,-0.3,93,38,70,1.23,11.31,0.0,908.7,1.25,0.212
2016-12-07,9.2,-3.1,1.6,93,35,68,1.98,10.06,0.0,907.2,1.39,0.209
2016-12-08,4.9,-2.1,1.3,76,39,62,2.63,9.42,0.0,913.5,1.25,0.206
2016-12-09,6.4,-6.2,-0.9,80,30,56,1.04,10.82,0.0,909.4,1.26,0.205
2016-12-10,11.1,-4.4,1.9,51,14,34,1.32,10.4,0.0,903.8,1.57,0.202
2016-12-11,12.2,-3.5,2.7,78,23,53,1.62,10.3,0.0,902.2,1.59,0.202
2016-12-12,13.5,-2.4,4.4,82,37,65,2.43,8.08,0.0,897.4,1.48,0.196
2016-12-13,9.3,1.9,5.1,91,67,82,2.69,6.76,4.1,892.5,0.97,0.204
2016-12-14,1.3,-8.5,-3.1,80,59,70,6.22,9.85,6.1,899.4,0.98,0.222
2016-12-15,-1.3,-12.9,-7.9,76,43,64,1.66,10.76,0.0,902.5,0.91,0.221
2016-12-16,-0.7,-7.9,-4.0,76,48,65,1.01,7.8,0.0,905.8,0.71,0.22
2016-12-17,0.6,-3.6,-1.3,74,53,66,1.31,8.88,0.0,911.4,0.86,0.214
2016-12-18,-0.3,-6.7,-3.9,82,50,68,1.66,9.13,0.0,910.3,0.84,0.21
2016-12-19,-1.8,-8.9,-6.3,78,51,68,1.32,10.67,0.0,910.0,0.84,0.207
2016-12-20,0.4,-10.5,-6.3,85,37,62,1.46,10.75,0.0,906.4,0.94,0.203
2016-12-21,-2.8,-5.5,-4.4,85,49,73,1.42,4.62,6.8,902.4,0.41,0.2
2016-12-22,-1.5,-4.4,-3.2,94,81,90,1.61,4.95,17.2,900.7,0.41,0.197
2016-12-23,-0.5,-3.6,-1.9,93,87,89,0.87,6.47,7.2,903.3,0.59,0.194
2016-12-24,1.8,-0.9,0.2,97,88,93,1.49,5.62,8.0,902.4,0.49,0.192
2016-12-25,2.7,0.5,1.7,89,80,85,1.88,6.67,0.1,899.7,0.69,0.196
2016-12-26,0.4,-1.7,-0.3,99,86,92,1.5,6.02,8.8,899.3,0.53,0.2
2016-12-27,1.6,-0.1,0.8,90,78,84,2.66,5.29,9.2,898.9,0.58,0.198
2016-12-28,2.7,-3.9,-1.7,92,81,88,1.85,9.22,0.0,899.8,0.78,0.193
2016-12-29,6.7,2.0,4.3,92,59,74,4.78,9.71,15.4,891.4,1.32,0.311
2016-12-30,2.8,-3.5,-0.7,95,76,89,1.79,8.61,13.4,897.2,0.7,0.297
2016-12-31,0.6,-4.5,-1.5,90,75,85,1.2,10.24,1.8,900.8,0.87,0.273
2017-01-01,-3.4,-8.0,-5.7,93,81,88,0.88,8.89,0.0,903.7,0.67,0.26
2017-01-02,-4.4,-7.2,-5.5,94,88,92,0.94,5.91,7.9,903.0,0.45,0.25
2017-01-03,-4.7,-9.2,-7.1,95,86,92,1.23,8.94,0.0,903.7,0.56,0.241
2017-01-04,-5.1,-14.0,-10.1,89,64,81,1.6,11.33,0.0,900.2,0.67,0.236
2017-01-05,6.5,-8.2,1.2,86,69,78,3.98,7.16,2.1,898.5,1.02,0.242
2017-01-06,7.2,5.1,6.1,75,64,71,4.79,9.44,0.0,898.1,1.54,0.318
2017-01-07,6.2,1.2,4.7,86,64,71,5.15,5.76,5.8,890.0,1.24,0.359
2017-01-08,2.0,-5.6,-0.9,95,77,86,1.97,6.34,4.6,887.7,0.64,0.334
2017-01-09,-3.8,-10.0,-6.5,94,78,86,1.05,11.05,0.1,893.2,0.78,0.314
2017-01-10,2.8,-12.9,-5.8,93,79,87,2.53,6.07,11.0,896.4,0.53,0.302
2017-01-11,3.3,-7.1,-0.3,84,76,80,2.66,11.77,1.0,903.0,1.14,0.305
2017-01-12,3.4,-8.8,-2.5,90,72,80,2.25,10.43,1.3,901.4,0.95,0.301
2017-01-13,0.5,-9.4,-3.4,94,73,83,1.53,11.08,0.1,902.0,0.93,0.297
2017-01-14,0.7,-14.3,-7.4,92,72,81,1.66,12.08,0.0,895.4,0.94,0.294
2017-01-15,2.3,-10.5,-4.4,94,79,86,1.91,10.33,0.0,897.7,0.87,0.3
2017-01-16,5.6,-3.6,1.7,91,75,83,2.73,8.57,0.0,900.4,0.96,0.326
2017-01-17,7.7,0.9,3.5,92,62,83,1.77,8.98,0.0,901.6,1.02,0.347
2017-01-18,6.9,-4.3,0.6,98,67,86,1.55,10.66,0.0,902.1,1.09,0.343
2017-01-19,4.4,-4.8,-0.9,100,75,89,1.19,9.39,0.0,905.5,0.93,0.342
2017-01-20,4.0,-4.3,-0.2,96,75,87,1.39,10.76,0.0,905.0,1.02,0.339
2017-01-21,3.3,-4.8,1.4,89,66,79,2.45,9.41,0.2,906.2,0.97,0.339
2017-01-22,0.9,-9.8,-4.0,98,67,86,1.64,11.3,0.0,908.4,0.94,0.334
2017-01-23,1.3,-7.6,-3.5,91,58,79,0.84,12.89,0.0,908.9,1.12,0.329
2017-01-24,3.0,-7.4,-2.5,90,52,73,0.75,7.84,0.7,902.5,0.78,0.33
2017-01-25,7.8,-2.4,2.2,86,52,74,1.08,10.21,0.0,895.3,1.23,0.338
2017-01-26,0.7,-2.6,-0.7,91,79,85,2.51,4.95,5.6,898.2,0.54,0.332
2017-01-27,-2.8,-6.4,-4.8,83,69,73,5.5,9.53,1.8,899.3,0.81,0.322
2017-01-28,-3.0,-9.1,-6.4,78,57,70,3.85,12.11,0.0,902.6,0.94,0.315
2017-01-29,-1.6,-13.0,-7.9,79,49,65,1.29,14.05,0.0,905.5,1.18,0.317
2017-01-30,-1.9,-11.5,-7.5,77,53,65,1.05,12.6,0.0,902.7,1.06,0.314
2017-01-31,-4.2,-12.1,-7.5,74,43,57,2.49,13.06,0.0,904.8,1.04,0.311
2017-02-01,-3.6,-15.2,-9.6,63,42,54,1.66,14.63,0.0,907.7,1.1,0.309
2017-02-02,0.7,-15.8,-8.7,70,28,53,1.16,14.81,0.0,910.5,1.29,0.311
2017-02-03,5.1,-14.0,-5.5,75,16,50,1.42,14.36,0.0,907.0,1.54,0.315
2017-02-04,5.3,-6.7,-1.0,85,45,69,1.71,8.14,0.7,904.9,1.08,0.322
2017-02-05,9.4,-0.8,3.3,97,56,81,2.08,11.71,0.2,902.9,1.47,0.327
2017-02-06,11.5,0.8,5.3,90,57,79,2.16,12.0,0.0,903.3,1.62,0.331
2017-02-07,10.3,0.8,5.3,93,57,80,1.72,10.75,0.0,903.0,1.37,0.341
2017-02-08,9.7,-1.4,2.9,93,60,81,1.3,10.2,0.0,897.4,1.3,0.344
2017-02-09,11.4,-1.6,3.8,91,39,72,1.17,14.08,0.0,900.7,1.82,0.34
2017-02-10,9.7,-0.9,3.4,90,54,78,1.38,14.57,0.0,902.8,1.79,0.335
2017-02-11,5.7,0.4,3.1,93,72,85,1.75,8.14,0.0,901.7,1.0,0.332
2017-02-12,4.8,-0.8,2.0,84,57,68,3.4,13.1,0.0,903.7,1.47,0.329
2017-02-13,-0.6,-4.1,-2.2,70,52,61,3.66,10.81,0.0,904.6,1.23,0.321
2017-02-14,0.6,-4.0,-2.2,67,44,57,3.21,11.46,0.0,904.7,1.3,0.311
2017-02-15,1.5,-6.0,-2.4,74,50,62,2.98,11.11,0.0,903.7,1.26,0.306
2017-02-16,2.3,-3.3,-0.9,75,35,56,4.67,12.24,0.0,906.2,1.57,0.301
2017-02-17,4.0,-5.2,-1.1,76,35,56,1.56,16.87,0.0,908.0,1.77,0.295
2017-02-18,11.0,-5.6,1.4,78,24,56,2.23,16.91,0.0,906.5,2.29,0.293
2017-02-19,11.5,-1.3,4.2,85,26,61,1.37,15.55,0.0,908.9,2.03,0.295
2017-02-20,12.0,-4.4,3.3,85,30,61,1.71,16.69,0.0,903.9,2.3,0.284
2017-02-21,14.1,-1.9,4.9,86,31,64,2.33,16.37,0.3,900.3,2.48,0.272
2017-02-22,13.2,0.3,6.4,89,34,64,2.16,13.55,0.7,900.4,2.2,0.27
2017-02-23,15.0,-0.7,6.3,94,30,67,1.86,16.96,0.0,902.9,2.54,0.267
2017-02-24,16.2,-1.0,7.2,88,28,60,2.54,17.33,0.0,904.0,2.92,0.258
2017-02-25,17.2,2.6,8.8,89,29,62,2.51,17.32,0.0,906.0,2.91,0.246
2017-02-26,14.5,2.1,7.8,92,44,71,1.6,16.22,0.0,905.2,2.41,0.24
2017-02-27,14.8,2.6,8.3,91,42,70,1.35,15.9,0.0,901.4,2.39,0.235
2017-02-28,17.3,1.8,9.9,97,16,56,1.33,13.1,0.0,900.1,2.33,0.228
2017-03-01,17.5,6.7,12.0,70,31,45,2.11,14.53,0.0,899.3,3.04,0.22
2017-03-02,15.7,4.5,9.5,79,33,62,2.77,15.66,4.5,895.3,2.7,0.215
2017-03-03,11.7,5.1,7.6,91,69,81,2.06,7.49,16.9,897.5,1.2,0.36
2017-03-04,12.6,3.7,7.9,87,37,66,3.48,15.45,0.0,903.4,2.45,0.332
2017-03-05,12.1,-0.7,5.7,86,40,65,1.68,19.81,0.0,906.5,2.66,0.307
2017-03-06,18.9,-1.5,7.9,91,18,58,1.6,20.01,0.0,901.0,3.28,0.293
2017-03-07,17.9,1.5,9.3,87,17,52,2.1,19.8,0.0,896.9,3.45,0.275
2017-03-08,17.7,2.2,9.6,85,26,54,2.79,18.6,0.1,898.0,3.41,0.261
2017-03-09,17.0,7.3,11.2,78,32,58,3.52,12.85,0.8,898.2,2.86,0.255
2017-03-10,12.6,6.9,9.3,81,61,71,3.21,9.86,15.6,893.4,1.76,0.359
2017-03-11,11.6,4.9,7.9,88,55,74,3.39,13.1,0.2,888.7,1.98,0.341
2017-03-12,7.4,5.0,6.4,92,75,84,2.4,5.78,18.9,890.2,0.94,0.384
2017-03-13,13.3,2.6,7.5,93,38,70,2.5,17.51,0.9,894.8,2.58,0.38
2017-03-14,8.8,3.6,6.0,84,39,68,2.36,19.39,3.2,897.5,2.39,0.368
2017-03-15,6.2,2.7,4.4,75,58,67,2.37,12.04,0.3,900.1,1.57,0.358
2017-03-16,7.9,2.4,4.7,85,53,70,1.63,16.32,1.0,897.8,2.04,0.349
2017-03-17,10.6,0.4,5.3,96,37,70,2.66,17.41,1.4,894.2,2.31,0.341
2017-03-18,5.8,-0.9,2.0,86,46,64,2.53,22.11,5.3,898.9,2.54,0.343
2017-03-19,15.6,-4.4,5.1,85,26,58,1.79,22.08,0.0,895.6,3.22,0.331
2017-03-20,14.7,2.3,9.0,85,37,61,2.47,15.46,0.6,896.1,2.66,0.316
2017-03-21,15.6,4.3,10.0,88,38,64,1.73,15.54,0.0,898.7,2.6,0.312
2017-03-22,15.6,3.0,9.8,85,32,55,2.32,15.61,0.0,897.1,2.99,0.303
2017-03-23,14.2,1.7,7.8,69,23,45,3.4,23.15,0.0,899.7,3.8,0.287
2017-03-24,15.7,2.1,8.9,69,22,44,2.93,23.28,0.0,903.4,3.89,0.271
2017-03-25,19.6,1.2,10.4,71,21,44,1.66,23.26,0.0,901.4,4.04,0.252
2017-03-26,21.3,3.7,12.4,79,17,47,2.36,21.91,0.0,898.4,4.4,0.232
2017-03-27,19.2,7.6,12.4,75,24,53,2.68,19.34,1.0,898.8,3.82,0.217
2017-03-28,14.0,6.2,9.0,81,36,59,2.01,15.07,0.8,901.7,2.6,0.225
2017-03-29,17.3,2.6,10.1,76,20,46,1.49,24.03,0.0,903.2,3.92,0.217
2017-03-30,18.4,5.0,11.6,74,32,51,1.23,16.65,3.4,900.7,2.91,0.218
2017-03-31,14.4,7.3,10.0,88,44,73,1.69,16.6,8.2,898.9,2.5,0.273
2017-04-01,15.1,6.1,10.1,84,47,72,1.71,20.52,3.0,899.4,3.12,0.309
2017-04-02,16.0,7.0,10.5,85,36,61,2.61,18.71,0.0,902.3,3.12,0.297
2017-04-03,18.4,2.8,11.0,78,21,46,1.9,24.99,0.0,904.1,4.27,0.273
2017-04-04,22.2,2.5,13.1,69,15,38,1.54,24.61,0.0,905.7,4.56,0.252
2017-04-05,23.2,5.8,14.5,87,17,42,2.82,23.31,0.0,901.6,5.08,0.231
2017-04-06,19.6,6.9,13.4,71,29,42,1.88,21.34,1.2,895.8,3.97,0.22
2017-04-07,19.1,6.4,12.6,79,25,51,2.09,23.93,0.4,896.5,4.35,0.219
2017-04-08,15.3,6.2,9.7,90,35,63,3.35,20.01,8.7,895.8,3.26,0.227
2017-04-09,10.2,4.7,7.1,94,37,57,2.84,17.46,0.0,902.7,2.68,0.278
2017-04-10,12.2,1.2,6.5,74,26,51,2.12,20.96,0.0,903.9,3.1,0.259
2017-04-11,14.9,1.7,8.9,65,23,41,1.56,25.96,0.0,902.1,3.92,0.241
2017-04-12,17.0,6.7,11.1,70,38,52,2.02,16.4,1.5,899.2,3.03,0.238
2017-04-13,11.5,7.8,9.8,93,63,84,1.49,4.24,9.4,893.9,0.84,0.297
2017-04-14,15.0,9.6,11.6,93,61,82,1.35,12.83,9.7,894.3,2.09,0.346
2017-04-15,18.2,6.3,12.2,91,29,61,2.36,23.81,0.0,899.9,3.99,0.331
2017-04-16,20.4,4.1,13.0,84,26,52,2.16,22.98,0.0,900.6,4.42,0.292
2017-04-17,20.3,4.9,12.8,89,26,54,3.01,24.89,0.0,899.0,4.77,0.264
2017-04-18,19.1,8.7,13.2,74,25,52,3.82,20.35,0.0,898.1,4.2,0.245
2017-04-19,21.4,5.5,13.2,84,25,55,2.17,24.36,0.0,902.0,4.61,0.224
2017-04-20,23.3,7.0,15.3,83,22,46,3.82,25.07,0.4,902.4,5.72,0.206
2017-04-21,22.9,9.9,16.2,77,23,44,4.63,26.58,0.0,900.0,5.84,0.192
2017-04-22,24.3,6.8,13.7,76,17,50,2.61,25.48,0.0,898.9,4.89,0.178
2017-04-23,15.3,5.4,11.6,50,30,39,5.1,24.49,0.4,894.3,4.51,0.174
2017-04-24,17.2,3.6,10.0,56,25,40,1.97,26.78,0.0,903.5,4.49,0.17
2017-04-25,17.7,4.7,11.0,67,12,40,2.21,27.81,0.0,906.5,4.75,0.16
2017-04-26,21.3,4.0,12.7,46,7,27,2.07,28.44,0.0,904.3,5.37,0.147
2017-04-27,23.9,6.2,15.2,41,5,23,1.84,28.35,0.0,902.7,5.62,0.136
2017-04-28,26.1,8.0,17.5,45,6,24,1.83,28.1,0.0,902.1,5.84,0.131
2017-04-29,27.1,6.9,18.3,65,9,31,1.56,27.63,0.0,901.1,5.66,0.127
2017-04-30,27.4,9.7,19.4,65,15,35,2.12,25.29,0.0,899.1,5.78,0.123
2017-05-01,24.0,12.0,17.8,55,26,39,2.07,19.62,1.7,897.8,4.25,0.129
2017-05-02,23.2,9.3,15.3,93,30,64,1.58,23.61,2.2,899.4,4.34,0.163
2017-05-03,24.0,9.6,16.7,83,24,52,2.25,26.06,0.0,899.7,5.21,0.172
2017-05-04,22.4,10.2,17.1,75,29,48,2.58,25.58,0.0,900.8,5.08,0.164
2017-05-05,24.1,10.9,17.8,70,25,47,2.0,24.58,0.2,901.2,5.09,0.157
2017-05-06,25.3,10.3,17.6,88,26,54,3.03,25.3,0.5,898.6,5.55,0.15
2017-05-07,21.7,11.5,16.0,82,30,55,2.54,24.16,2.2,897.4,4.68,0.172
2017-05-08,26.0,10.9,18.6,79,23,50,3.97,23.39,0.8,898.0,5.67,0.166
2017-05-09,26.8,14.8,21.0,58,19,33,4.72,21.88,0.0,899.0,6.65,0.154
2017-05-10,27.9,14.6,21.7,45,12,27,4.56,28.66,0.0,895.9,7.79,0.137
2017-05-11,24.2,12.4,18.5,61,19,38,2.77,27.84,0.0,901.1,5.94,0.126
2017-05-12,26.6,10.3,19.4,58,13,32,1.79,29.29,0.0,904.5,6.02,0.123
2017-05-13,32.2,12.9,23.2,64,17,36,2.26,28.19,0.0,903.5,6.77,0.125
2017-05-14,32.5,16.2,25.1,75,13,36,3.74,27.36,0.0,900.3,7.76,0.122
2017-05-15,24.8,16.5,20.5,49,24,36,4.47,26.9,0.0,903.3,6.83,0.115
2017-05-16,23.2,12.4,17.7,59,23,40,3.26,27.94,0.0,904.5,6.02,0.112
2017-05-17,21.3,12.1,17.1,49,32,41,1.65,20.6,1.0,900.9,4.22,0.115
2017-05-18,22.8,13.1,17.8,65,33,49,1.97,19.42,2.4,897.1,4.16,0.129
2017-05-19,21.9,11.6,15.9,76,30,57,2.15,22.84,0.3,894.5,4.4,0.145
2017-05-20,14.3,9.8,12.6,94,69,79,2.28,8.09,5.6,895.5,1.59,0.172
2017-05-21,23.4,5.5,15.0,96,21,54,2.71,29.56,0.0,896.1,5.73,0.197
2017-05-22,19.9,9.7,15.0,77,35,54,2.45,24.2,1.5,895.6,4.39,0.18
2017-05-23,19.0,11.4,15.5,75,33,50,2.91,21.7,0.1,899.0,4.32,0.175
2017-05-24,24.6,9.3,17.3,74,16,42,1.4,27.04,0.0,901.8,5.2,0.163
2017-05-25,24.8,9.5,18.0,80,23,47,1.49,26.01,0.4,901.4,5.14,0.15
2017-05-26,24.4,10.4,17.3,83,20,48,2.03,28.58,0.0,899.4,5.72,0.148
2017-05-27,23.7,10.1,16.5,76,26,51,1.95,25.38,2.5,898.6,4.95,0.152
2017-05-28,23.2,10.6,17.1,73,27,50,1.12,26.26,0.4,899.3,4.83,0.165
2017-05-29,26.3,12.0,18.8,77,19,46,2.51,28.14,0.0,899.7,6.07,0.155
2017-05-30,24.1,10.5,17.2,81,23,49,2.95,26.57,0.6,901.5,5.63,0.142
2017-05-31,20.5,12.5,16.8,75,42,55,2.19,21.02,0.1,903.4,4.26,0.143
2017-06-01,23.8,11.1,18.4,76,30,49,3.08,23.46,0.0,904.0,5.18,0.14
2017-06-02,26.8,14.9,21.2,69,28,46,2.63,21.95,0.0,904.5,5.32,0.134
2017-06-03,29.0,14.1,21.9,73,28,48,1.64,25.5,1.2,903.3,5.63,0.133
2017-06-04,27.7,16.0,21.0,74,31,56,1.78,22.73,3.2,901.5,4.82,0.146
2017-06-05,25.6,13.7,19.1,87,34,60,1.44,22.71,2.9,900.2,4.46,0.17
2017-06-06,28.1,11.8,20.3,81,24,50,1.65,25.85,0.0,900.4,5.5,0.175
2017-06-07,30.5,14.1,23.1,72,24,45,1.27,29.24,0.0,902.5,6.12,0.163
2017-06-08,31.1,16.2,24.1,69,23,44,1.76,27.47,0.4,901.7,6.26,0.154
2017-06-09,31.2,18.0,24.6,68,20,41,3.25,27.55,0.2,898.1,7.21,0.149
2017-06-10,26.1,16.9,21.1,77,29,50,2.49,19.94,0.1,900.3,4.74,0.139
2017-06-11,28.9,14.6,21.8,59,21,40,1.84,28.85,0.0,900.1,6.27,0.131
2017-06-12,30.1,15.5,23.4,62,18,39,1.82,29.21,0.0,899.3,6.53,0.126
2017-06-13,31.6,17.6,24.1,58,12,35,2.6,30.0,0.0,898.0,7.33,0.123
2017-06-14,26.3,15.7,20.5,76,20,49,2.61,22.46,3.9,897.3,5.18,0.129
2017-06-15,26.8,15.0,21.7,67,32,45,2.38,22.91,0.0,901.9,5.38,0.128
2017-06-16,29.2,15.4,22.5,58,22,38,2.35,26.3,0.0,902.3,6.3,0.125
2017-06-17,27.9,15.7,21.5,62,28,42,1.86,22.22,0.7,898.9,5.02,0.123
2017-06-18,29.5,14.5,22.2,88,29,53,2.52,25.14,0.0,896.0,5.92,0.126
2017-06-19,26.4,16.0,20.2,85,30,58,2.83,23.9,1.5,896.0,5.29,0.126
2017-06-20,21.6,13.3,17.9,75,37,53,2.61,17.54,0.0,899.2,4.03,0.126
2017-06-21,23.6,14.4,19.0,67,33,49,3.17,23.75,0.0,899.9,5.26,0.124
2017-06-22,26.6,13.8,20.8,61,23,41,2.78,23.14,0.0,902.6,5.59,0.119
2017-06-23,28.6,15.1,22.9,57,21,37,2.63,22.38,0.0,903.6,5.79,0.112
2017-06-24,31.6,14.8,24.6,61,16,34,2.3,30.57,0.0,902.7,7.31,0.111
2017-06-25,32.0,18.4,25.9,52,18,32,2.5,30.29,0.0,902.9,7.5,0.109
2017-06-26,33.7,18.0,26.8,47,16,30,1.73,29.41,0.0,900.7,6.91,0.105
2017-06-27,35.8,19.0,28.0,59,13,33,1.73,29.71,0.0,900.0,7.09,0.103
2017-06-28,35.0,21.1,28.3,44,20,32,2.66,27.5,0.0,900.1,7.45,0.101
2017-06-29,34.5,21.5,28.4,41,15,28,2.85,30.21,0.0,901.9,8.11,0.1
2017-06-30,36.1,21.0,29.4,42,11,25,4.24,30.44,0.0,903.3,9.36,0.097
2017-07-01,35.8,22.8,29.7,38,14,25,4.73,30.76,0.0,901.8,9.75,0.095
2017-07-02,37.7,20.4,29.5,40,10,25,2.18,31.05,0.0,898.9,7.92,0.096
2017-07-03,39.9,19.4,30.6,42,12,24,2.67,30.73,0.0,896.7,8.72,0.097
2017-07-04,37.4,20.1,29.3,40,12,24,2.98,31.01,0.0,896.8,8.72,0.095
2017-07-05,32.5,20.1,26.0,58,27,43,3.66,26.75,0.2,901.3,7.23,0.096
2017-07-06,30.8,21.0,25.8,56,25,37,3.31,29.07,0.0,901.0,7.36,0.099
2017-07-07,30.0,19.4,24.6,53,17,32,3.78,30.41,0.0,900.9,7.72,0.099
2017-07-08,28.4,17.9,23.6,47,22,30,3.41,30.68,0.0,900.6,7.54,0.097
2017-07-09,31.2,15.9,24.5,41,20,28,2.64,30.57,0.0,901.1,7.43,0.097
2017-07-10,32.5,18.2,26.1,34,19,25,2.75,30.5,0.0,902.5,7.83,0.097
2017-07-11,33.6,18.8,26.9,34,17,25,2.34,30.34,0.0,903.5,7.64,0.097
2017-07-12,35.2,18.8,27.9,37,15,23,2.24,30.33,0.0,900.6,7.69,0.096
2017-07-13,34.3,19.9,27.9,34,9,20,2.64,30.47,0.0,897.1,8.04,0.096
2017-07-14,34.4,19.1,27.6,32,10,20,2.2,30.25,0.0,896.8,7.68,0.096
2017-07-15,35.7,19.7,28.2,40,17,28,2.18,27.76,0.0,896.9,7.3,0.095
2017-07-16,36.1,19.9,28.0,59,16,36,2.31,28.0,0.0,897.8,7.34,0.096
2017-07-17,36.4,18.3,28.2,54,14,32,1.83,30.43,0.0,898.7,7.37,0.096
2017-07-18,35.6,17.3,27.0,66,16,37,2.32,30.34,0.0,899.5,7.59,0.097
2017-07-19,31.3,20.1,26.2,55,29,41,2.6,23.07,0.0,900.2,6.07,0.096
2017-07-20,32.1,21.1,26.6,60,26,40,3.22,24.87,0.0,898.6,6.88,0.095
2017-07-21,34.0,21.6,27.6,47,20,33,2.9,27.4,0.0,898.5,7.48,0.098
2017-07-22,34.8,20.9,28.4,46,17,29,2.82,28.29,0.0,900.5,7.78,0.099
2017-07-23,33.4,22.1,27.8,37,20,28,2.96,28.93,0.0,901.4,7.77,0.098
2017-07-24,32.1,20.1,26.8,39,22,29,2.71,29.02,0.0,899.1,7.44,0.099
2017-07-25,35.1,19.4,27.9,38,14,26,1.2,29.16,0.0,897.3,6.43,0.099
2017-07-26,37.5,19.6,29.3,56,14,31,3.12,28.56,0.0,897.5,8.33,0.098
2017-07-27,37.6,20.5,29.6,45,8,23,3.92,29.1,0.0,896.7,9.29,0.096
2017-07-28,33.2,17.5,25.9,54,16,31,2.78,29.06,0.0,897.6,7.53,0.095
2017-07-29,30.0,18.8,24.6,48,21,32,3.06,28.85,0.0,903.2,7.28,0.094
2017-07-30,31.2,19.8,25.5,41,21,30,3.56,29.05,0.0,903.0,7.72,0.094
2017-07-31,31.7,19.2,25.4,50,21,33,3.01,29.15,0.0,901.9,7.31,0.093
2017-08-01,33.5,20.5,26.7,55,26,39,2.55,28.38,0.0,902.2,7.01,0.094
2017-08-02,35.3,21.7,28.4,46,19,34,2.09,26.45,0.0,901.5,6.69,0.097
2017-08-03,32.6,19.8,26.0,79,27,45,2.68,22.7,3.8,899.4,5.91,0.108
2017-08-04,27.9,19.0,22.6,87,40,67,1.35,22.71,6.3,898.2,4.61,0.173
2017-08-05,29.7,17.5,23.4,86,30,57,1.47,22.87,0.0,898.5,4.94,0.193
2017-08-06,30.4,17.4,24.6,83,25,51,1.74,22.95,0.0,898.2,5.24,0.172
2017-08-07,33.2,17.9,26.2,78,21,45,1.39,26.18,0.0,898.9,5.86,0.157
2017-08-08,36.1,18.2,27.6,63,11,34,1.63,28.4,0.0,900.7,6.59,0.146
2017-08-09,37.4,21.5,29.6,48,16,27,2.75,27.78,0.0,901.3,7.74,0.133
2017-08-10,36.0,24.0,29.6,51,15,31,3.89,27.77,0.0,900.6,8.29,0.122
2017-08-11,35.3,23.8,29.3,52,14,29,3.16,27.13,0.0,899.2,7.67,0.112
2017-08-12,34.7,23.1,29.1,44,14,29,2.11,23.99,0.0,898.0,6.34,0.105
2017-08-13,37.1,20.4,29.6,51,16,31,2.02,26.54,0.0,896.6,6.93,0.1
2017-08-14,36.2,22.0,29.2,74,15,42,1.74,26.83,0.0,898.9,6.51,0.098
2017-08-15,32.8,23.3,27.8,51,26,37,3.15,23.99,0.0,900.1,6.75,0.097
2017-08-16,32.3,22.0,26.7,54,30,40,2.72,24.62,0.0,897.6,6.44,0.1
2017-08-17,34.3,21.3,27.6,49,16,35,1.79,26.2,0.0,897.1,6.27,0.102
2017-08-18,33.1,20.2,27.0,60,23,40,2.31,25.17,0.0,899.7,6.34,0.102
2017-08-19,32.6,22.5,27.7,49,28,37,2.6,22.72,0.0,901.2,6.18,0.102
2017-08-20,34.3,21.7,28.3,40,18,30,2.18,25.64,0.0,900.5,6.66,0.1
2017-08-21,31.3,21.3,26.1,70,28,45,2.68,22.58,0.0,898.4,5.91,0.098
2017-08-22,29.7,19.5,24.6,65,31,47,1.72,19.45,0.0,899.3,4.67,0.103
2017-08-23,29.0,18.5,23.7,60,31,43,2.46,25.77,0.0,901.4,5.95,0.107
2017-08-24,30.1,18.4,24.3,52,27,37,2.82,25.79,0.0,902.8,6.39,0.108
2017-08-25,28.9,19.0,23.7,58,23,37,3.7,25.98,0.0,904.5,6.65,0.107
2017-08-26,27.8,16.4,21.9,69,27,46,3.22,25.93,0.0,903.2,5.98,0.107
2017-08-27,28.5,15.8,22.1,65,24,43,2.45,26.08,0.0,899.9,5.83,0.107
2017-08-28,30.6,16.2,23.7,51,23,35,2.28,25.39,0.0,897.6,6.09,0.105
2017-08-29,31.1,17.8,24.8,43,22,31,2.08,24.38,0.0,897.8,5.98,0.108
2017-08-30,31.2,18.7,24.5,47,21,32,2.38,22.69,0.0,898.9,5.83,0.105
2017-08-31,28.3,16.6,22.1,68,31,49,2.26,21.94,0.1,901.5,5.01,0.106
2017-09-01,29.0,16.7,22.9,57,27,40,2.07,24.29,0.0,901.2,5.48,0.107
2017-09-02,31.2,15.3,23.8,45,14,28,1.63,25.08,0.0,901.1,5.69,0.108
2017-09-03,33.2,14.4,24.4,33,10,21,1.48,25.33,0.0,900.3,5.74,0.111
2017-09-04,35.4,15.1,25.8,46,10,23,1.45,24.84,0.0,900.6,5.7,0.113
2017-09-05,35.0,17.4,26.0,57,14,32,1.75,24.31,0.0,900.6,5.87,0.11
2017-09-06,27.1,17.5,21.8,57,26,41,3.19,20.7,0.0,898.5,5.52,0.106
2017-09-07,24.8,12.0,18.2,55,17,35,2.17,24.53,0.0,904.1,5.17,0.106
2017-09-08,31.3,9.9,21.0,35,11,23,1.4,24.47,0.0,903.0,5.29,0.107
2017-09-09,32.8,11.8,23.1,48,10,22,1.5,24.37,0.0,902.3,5.51,0.109
2017-09-10,33.7,13.6,24.2,37,9,20,1.7,23.71,0.0,902.9,5.66,0.114
2017-09-11,34.0,16.5,25.6,29,12,20,1.66,23.44,0.0,903.3,5.65,0.12
2017-09-12,35.8,16.4,26.0,57,13,28,1.96,23.21,0.0,902.8,5.98,0.118
2017-09-13,36.6,16.0,26.0,48,6,26,1.83,23.21,0.0,903.0,5.89,0.111
2017-09-14,35.0,16.4,25.3,42,8,23,1.7,23.17,0.0,901.0,5.57,0.107
2017-09-15,34.2,15.0,24.6,57,10,27,1.74,21.34,0.0,899.1,5.29,0.107
2017-09-16,34.9,17.4,26.1,31,12,20,1.62,22.34,0.0,901.2,5.43,0.105
2017-09-17,36.2,20.7,27.9,27,9,19,2.12,21.97,0.0,901.7,6.06,0.105
2017-09-18,36.7,21.3,28.9,23,7,15,1.84,21.39,0.0,900.9,5.7,0.104
2017-09-19,34.8,18.4,26.9,56,13,29,1.57,20.16,0.0,900.2,5.01,0.103
2017-09-20,34.1,17.2,25.9,88,11,38,2.23,20.7,0.0,901.3,5.31,0.101
2017-09-21,34.1,16.8,25.5,35,11,21,2.94,19.09,0.2,900.9,6.19,0.097
2017-09-22,27.8,14.5,21.4,50,24,33,2.37,20.07,0.0,899.7,5.01,0.1
2017-09-23,26.3,14.2,20.6,47,19,28,1.75,21.42,0.0,902.8,4.75,0.1
2017-09-24,26.9,12.0,19.4,41,20,32,2.27,21.07,0.0,904.2,4.89,0.101
2017-09-25,28.6,13.6,21.2,46,16,30,1.59,20.61,0.0,903.1,4.51,0.101
2017-09-26,29.4,16.7,22.4,53,20,35,2.6,19.34,0.4,901.2,5.15,0.099
2017-09-27,26.8,12.7,20.0,75,25,45,1.93,19.96,0.0,903.8,4.4,0.1
2017-09-28,26.5,14.3,20.3,47,28,38,2.38,16.65,0.0,904.0,4.3,0.1
2017-09-29,25.9,14.3,19.7,56,27,43,2.22,18.0,0.1,902.1,4.14,0.102
2017-09-30,25.0,14.5,19.4,56,27,42,2.08,16.73,0.0,900.3,3.99,0.103
2017-10-01,24.6,12.6,17.9,79,33,56,2.27,15.38,1.2,901.4,3.53,0.115
2017-10-02,21.2,11.7,15.9,85,36,62,2.36,14.28,0.0,904.3,3.02,0.136
2017-10-03,19.0,11.9,15.0,75,40,58,2.23,12.52,0.0,905.4,2.69,0.135
2017-10-04,20.0,6.9,12.8,80,19,47,2.22,19.94,0.0,905.9,3.77,0.14
2017-10-05,20.8,6.0,13.2,52,12,32,2.11,19.83,0.0,903.1,3.93,0.141
2017-10-06,25.7,4.0,14.2,44,10,28,1.79,19.56,0.0,899.3,4.01,0.14
2017-10-07,25.4,8.5,16.9,70,17,41,2.45,16.63,0.0,899.2,4.09,0.132
2017-10-08,24.6,12.7,18.5,71,24,47,3.59,14.38,0.0,897.4,4.18,0.123
2017-10-09,17.7,12.0,14.2,85,44,63,2.46,6.74,0.0,898.5,1.83,0.124
2017-10-10,19.7,10.7,14.7,55,28,41,1.75,16.37,0.0,902.6,3.34,0.121
2017-10-11,19.8,7.6,13.6,59,23,41,2.27,17.95,0.0,904.4,3.64,0.122
2017-10-12,20.3,7.5,13.6,58,20,39,2.43,17.88,0.0,905.1,3.76,0.118
2017-10-13,21.0,6.8,13.1,58,15,36,2.08,18.09,0.0,905.2,3.66,0.116
2017-10-14,21.0,4.4,13.0,46,17,32,1.99,17.73,0.0,902.9,3.69,0.116
2017-10-15,19.2,8.4,13.6,71,28,45,3.48,17.18,0.0,906.9,3.74,0.114
2017-10-16,19.7,7.9,14.2,61,34,46,2.98,11.73,0.0,908.1,3.03,0.112
2017-10-17,20.2,11.0,14.8,73,18,45,3.35,16.74,0.0,909.6,3.81,0.11
2017-10-18,21.8,6.4,13.5,57,22,40,2.29,17.04,0.0,907.6,3.63,0.11
2017-10-19,24.0,5.3,13.8,57,13,36,1.67,16.97,0.0,904.8,3.47,0.114
2017-10-20,24.2,6.0,14.4,47,15,31,1.5,16.61,0.0,904.0,3.42,0.123
2017-10-21,24.2,6.8,15.0,46,16,29,1.5,16.4,0.0,902.5,3.37,0.126
2017-10-22,25.3,6.5,15.1,52,15,32,1.45,16.17,0.0,899.7,3.32,0.126
2017-10-23,25.8,6.4,15.4,52,14,35,2.02,15.98,0.0,898.6,3.65,0.123
2017-10-24,23.2,10.0,16.1,81,26,52,3.8,13.45,0.0,897.6,3.72,0.115
2017-10-25,18.4,11.9,14.8,86,56,72,3.23,8.16,1.7,901.1,1.89,0.13
2017-10-26,19.9,8.5,13.5,90,35,63,1.97,13.81,0.0,905.0,2.71,0.138
2017-10-27,20.3,5.8,12.6,87,35,62,1.41,13.93,0.0,902.5,2.41,0.14
2017-10-28,21.2,7.6,13.8,81,25,55,2.41,13.07,0.0,895.7,2.91,0.141
2017-10-29,15.5,8.4,12.0,82,56,71,2.79,4.95,2.1,892.9,1.39,0.142
2017-10-30,19.3,7.8,12.7,76,28,54,2.79,14.17,0.0,894.6,2.97,0.152
2017-10-31,15.0,5.0,9.3,82,38,60,2.11,13.41,0.0,900.9,2.29,0.148
2017-11-01,11.7,1.5,6.2,60,28,42,2.36,14.79,0.0,903.9,2.44,0.143
2017-11-02,12.8,-0.0,5.8,58,22,41,1.47,14.83,0.0,903.1,2.22,0.145
2017-11-03,17.8,0.4,7.9,54,18,39,1.24,14.3,0.0,899.6,2.35,0.147
2017-11-04,16.7,3.7,9.5,86,35,65,1.49,9.98,0.5,899.1,1.79,0.148
2017-11-05,11.1,8.2,9.2,93,76,85,1.98,3.04,21.2,897.3,0.64,0.302
2017-11-06,15.0,6.7,10.0,84,46,73,1.43,7.74,0.2,901.4,1.42,0.309
2017-11-07,14.8,3.8,8.7,88,48,72,1.56,13.06,0.0,906.0,1.93,0.274
2017-11-08,13.6,2.6,7.3,93,44,73,1.57,13.29,0.0,906.7,1.85,0.257
2017-11-09,16.3,0.6,7.6,91,32,66,1.49,13.52,0.0,904.8,2.05,0.247
2017-11-10,16.5,2.1,8.4,87,34,64,1.33,12.73,0.0,901.8,2.01,0.239
2017-11-11,18.1,2.8,8.8,84,32,64,1.31,13.22,0.0,902.2,2.02,0.233
2017-11-12,19.1,1.1,8.9,96,28,66,1.58,12.92,0.0,903.6,2.11,0.226
2017-11-13,19.5,6.0,11.7,68,25,49,2.29,10.56,0.0,900.2,2.49,0.217
2017-11-14,19.7,8.0,13.0,80,32,54,2.51,9.75,0.0,900.1,2.35,0.208
2017-11-15,18.3,5.3,10.9,85,45,69,1.23,11.74,0.0,904.6,1.9,0.203
2017-11-16,17.5,4.8,10.0,89,46,72,1.17,11.76,0.0,904.5,1.79,0.203
2017-11-17,19.3,3.0,9.7,91,31,68,1.1,12.41,0.0,901.8,1.91,0.2
2017-11-18,18.3,2.9,9.6,82,32,59,1.39,9.54,0.0,899.8,1.75,0.199
2017-11-19,18.2,3.2,9.7,83,27,57,2.15,11.31,0.0,896.2,2.28,0.196
2017-11-20,15.6,7.4,11.0,79,40,61,3.56,9.26,0.0,894.7,2.22,0.185
2017-11-21,10.0,2.0,5.8,90,44,63,4.62,9.32,7.7,894.0,1.71,0.249
2017-11-22,5.3,-0.3,1.9,70,43,58,1.67,11.54,0.0,902.0,1.36,0.255
2017-11-23,9.6,-0.8,4.4,71,53,64,1.68,8.16,0.1,902.6,1.29,0.243
2017-11-24,11.4,1.2,5.5,81,43,66,1.27,10.22,0.0,904.0,1.44,0.237
2017-11-25,11.2,0.6,5.6,83,48,68,1.17,10.3,0.0,905.4,1.4,0.232
2017-11-26,14.6,2.3,7.9,89,48,70,1.36,9.81,0.0,904.5,1.53,0.229
2017-11-27,15.4,3.4,8.5,94,35,71,2.59,8.88,0.5,903.0,1.7,0.223
2017-11-28,12.7,7.4,10.0,84,50,71,3.9,6.76,3.9,898.5,1.55,0.25
2017-11-29,13.4,4.0,8.4,85,38,66,2.1,9.27,0.0,900.1,1.59,0.246
2017-11-30,15.0,-1.4,5.4,92,33,70,1.57,11.03,0.0,904.5,1.61,0.238
2017-12-01,15.3,1.2,6.8,96,38,73,1.68,10.41,0.0,906.3,1.54,0.229
2017-12-02,18.1,1.3,8.1,93,28,66,1.59,10.7,0.0,906.1,1.75,0.221
2017-12-03,18.9,1.1,8.5,89,31,63,1.48,10.61,0.0,906.8,1.71,0.218
2017-12-04,19.2,0.7,7.6,91,20,62,1.9,9.8,0.0,903.7,1.85,0.215
2017-12-05,11.7,2.8,5.9,91,57,79,2.2,7.62,3.9,897.8,1.14,0.233
2017-12-06,3.8,-0.5,1.6,76,52,63,4.92,6.46,0.1,901.1,1.28,0.269
2017-12-07,3.8,-3.1,-0.1,73,46,60,1.84,10.17,0.0,907.9,1.23,0.257
2017-12-08,7.8,-3.8,0.8,76,40,63,1.41,10.7,0.0,908.0,1.29,0.249
2017-12-09,12.1,-3.7,2.7,88,38,68,1.92,9.74,0.0,904.2,1.41,0.243
2017-12-10,13.5,-0.4,6.0,87,40,69,2.38,7.92,0.0,903.5,1.45,0.238
2017-12-11,16.6,4.1,9.3,91,40,67,1.58,10.03,0.0,907.6,1.61,0.231
2017-12-12,14.7,-1.3,5.3,99,39,78,1.26,9.7,0.0,905.5,1.36,0.224
2017-12-13,13.7,-0.1,5.7,92,43,74,1.45,10.25,0.0,902.2,1.42,0.22
2017-12-14,13.9,-1.0,5.2,90,42,72,1.37,9.23,0.0,899.3,1.29,0.22
2017-12-15,14.7,0.0,5.6,95,40,76,1.62,8.98,0.0,901.3,1.31,0.222
2017-12-16,15.5,3.2,8.5,91,42,71,2.32,7.74,0.1,903.2,1.47,0.218
2017-12-17,16.7,5.5,10.4,89,39,68,2.75,8.64,1.5,903.0,1.79,0.228
2017-12-18,15.8,10.1,12.4,78,44,64,3.95,6.29,0.0,901.6,1.92,0.227
2017-12-19,15.5,8.8,11.3,81,41,63,2.36,6.35,0.1,903.0,1.52,0.22
2017-12-20,11.2,5.7,8.4,85,67,78,1.38,6.21,0.9,904.4,0.95,0.228
2017-12-21,13.2,2.9,7.2,99,56,81,1.01,8.59,0.0,906.0,1.14,0.228
2017-12-22,15.6,5.7,10.1,93,45,69,1.79,8.59,0.3,901.3,1.63,0.228
2017-12-23,15.7,1.1,11.4,87,40,58,4.45,7.68,5.7,892.2,2.24,0.233
2017-12-24,1.7,-0.1,1.0,89,83,87,4.07,3.59,8.6,895.9,0.52,0.266
2017-12-25,5.0,-3.8,0.1,82,45,67,1.91,10.67,0.0,907.4,1.16,0.268
2017-12-26,7.6,-6.7,-1.2,82,40,67,1.08,10.79,0.0,906.8,1.16,0.267
2017-12-27,9.3,-5.3,0.7,81,39,63,1.06,8.65,0.0,901.5,1.06,0.268
2017-12-28,11.0,-3.7,2.9,89,43,68,2.03,8.76,0.0,898.6,1.35,0.266
2017-12-29,13.2,3.7,8.4,80,42,64,3.91,6.42,0.0,899.9,1.74,0.259
2017-12-30,11.3,4.4,7.6,85,46,70,3.23,7.29,0.0,897.3,1.41,0.255
2017-12-31,6.6,4.3,5.5,97,79,88,2.3,3.43,7.5,897.7,0.53,0.286
2018-01-01,9.5,1.5,5.3,91,45,73,1.93,6.73,0.4,899.3,1.03,0.312
2018-01-02,12.3,-2.0,3.9,85,42,69,1.86,10.47,0.0,897.1,1.44,0.288
2018-01-03,13.8,2.8,8.0,87,40,70,3.14,7.37,0.0,895.8,1.6,0.276
2018-01-04,10.8,3.7,6.7,91,51,77,2.74,7.8,0.0,890.3,1.22,0.27
2018-01-05,9.4,3.2,5.9,92,56,76,2.27,7.84,1.5,891.7,1.14,0.275
2018-01-06,10.1,4.1,6.8,82,52,68,1.53,8.18,0.0,903.6,1.22,0.272
2018-01-07,10.8,-1.9,3.1,90,51,77,0.92,11.11,0.0,909.9,1.28,0.265
2018-01-08,8.2,-2.8,2.2,91,53,75,1.05,11.16,0.0,912.6,1.27,0.261
2018-01-09,6.6,-1.2,2.3,90,63,79,0.8,9.94,0.0,911.8,1.08,0.259
2018-01-10,4.7,-0.5,2.1,94,63,82,0.92,7.84,0.0,908.9,0.88,0.257
2018-01-11,12.9,0.7,6.0,89,34,66,2.14,9.27,0.0,898.4,1.63,0.254
2018-01-12,13.7,4.0,7.9,89,43,68,2.66,8.57,0.1,900.0,1.59,0.248
2018-01-13,13.4,0.9,5.7,95,46,79,2.09,8.28,1.6,899.7,1.29,0.249
2018-01-14,8.8,2.0,5.1,92,58,78,2.08,8.63,1.1,896.7,1.19,0.27
2018-01-15,6.2,1.4,3.5,76,53,68,1.85,7.38,0.0,906.4,1.05,0.27
2018-01-16,10.1,-1.4,3.4,87,40,68,2.05,9.47,0.2,903.6,1.4,0.264
2018-01-17,11.8,0.7,5.1,90,43,72,2.34,10.6,0.7,894.9,1.58,0.265
2018-01-18,12.7,0.7,7.1,87,53,70,5.47,7.14,10.9,884.0,1.62,0.286
2018-01-19,4.4,-2.1,1.1,76,45,56,4.19,9.93,0.0,896.2,1.55,0.309
2018-01-20,12.8,-4.5,2.0,84,28,65,2.12,12.47,0.0,901.6,1.71,0.291
2018-01-21,12.1,-0.0,5.3,92,41,71,2.96,10.05,0.0,899.6,1.67,0.281
2018-01-22,10.6,5.4,7.5,88,56,70,5.17,8.13,3.5,888.8,1.66,0.279
2018-01-23,6.1,3.5,4.9,92,65,78,2.65,5.43,2.6,891.4,0.85,0.326
2018-01-24,3.4,-0.0,1.4,87,71,77,3.54,5.01,3.1,900.8,0.79,0.307
2018-01-25,-0.2,-2.8,-1.7,87,77,83,5.68,6.94,8.9,898.4,0.7,0.297
2018-01-26,-0.2,-2.8,-1.7,86,76,81,3.25,8.25,5.0,900.1,0.8,0.29
2018-01-27,0.9,-2.4,-0.7,87,72,80,2.02,9.75,0.0,907.8,0.91,0.285
2018-01-28,1.1,-8.2,-2.9,89,72,82,1.25,11.63,0.0,910.1,1.06,0.284
2018-01-29,1.0,-8.6,-4.4,89,69,80,1.74,13.2,0.0,908.2,1.18,0.286
2018-01-30,7.3,-9.4,-2.7,84,43,70,1.7,13.73,0.0,905.4,1.49,0.291
2018-01-31,10.9,-5.5,1.4,88,44,72,1.5,13.78,0.0,904.8,1.72,0.297
2018-02-01,13.8,-4.9,2.7,89,28,65,1.82,14.11,0.0,904.9,2.0,0.295
2018-02-02,14.0,0.1,5.8,92,37,70,2.24,12.36,0.0,906.9,1.9,0.286
2018-02-03,11.6,4.2,7.3,88,57,76,1.98,6.85,0.0,905.0,1.21,0.279
2018-02-04,16.9,4.5,9.4,90,29,66,2.41,7.6,0.6,902.1,1.81,0.277
2018-02-05,17.7,2.6,9.6,86,24,59,2.02,13.03,0.0,900.9,2.37,0.268
2018-02-06,16.7,0.5,8.1,85,28,59,1.28,14.2,0.0,901.4,2.12,0.26
2018-02-07,17.4,0.6,8.1,86,29,62,1.5,13.88,0.0,906.1,2.25,0.252
2018-02-08,19.4,6.3,11.3,88,37,65,2.8,13.26,0.9,902.1,2.59,0.256
2018-02-09,16.1,4.9,9.8,92,40,67,1.4,13.73,0.0,898.2,2.17,0.252
2018-02-10,17.1,5.6,10.2,87,42,69,1.46,8.32,0.0,895.4,1.61,0.246
2018-02-11,19.7,8.4,13.3,79,23,44,4.87,15.34,0.0,890.6,4.04,0.236
2018-02-12,14.9,4.5,8.9,77,30,59,1.71,12.68,0.8,893.3,2.19,0.23
2018-02-13,12.2,2.9,6.9,88,34,64,1.4,13.76,1.0,896.4,1.96,0.245
2018-02-14,12.9,-0.6,6.0,81,36,58,3.12,12.03,0.2,899.0,2.21,0.241
2018-02-15,14.1,5.2,8.9,84,39,63,3.21,11.92,0.2,901.7,2.26,0.237
2018-02-16,14.5,4.9,9.1,79,39,60,1.91,11.03,0.0,901.0,2.0,0.232
2018-02-17,14.4,4.9,9.4,82,35,58,3.97,14.18,0.0,899.0,2.84,0.225
2018-02-18,10.3,2.9,6.5,77,37,58,3.25,14.82,0.0,900.8,2.28,0.218
2018-02-19,14.3,-1.3,5.7,81,30,58,1.24,14.42,0.0,898.1,2.17,0.214
2018-02-20,13.7,3.2,7.7,87,38,71,1.87,12.18,2.9,896.9,1.94,0.218
2018-02-21,13.9,5.0,9.1,92,45,73,1.98,12.96,2.4,895.5,1.99,0.27
2018-02-22,14.5,3.3,7.9,92,42,72,1.92,15.03,0.0,895.4,2.27,0.268
2018-02-23,14.2,3.3,8.2,94,37,69,1.52,15.94,0.0,894.3,2.4,0.256
2018-02-24,15.7,2.8,8.5,92,33,65,2.04,16.35,0.1,892.7,2.65,0.245
2018-02-25,11.9,6.0,8.6,80,37,62,3.01,16.75,1.4,890.7,2.57,0.248
2018-02-26,10.7,4.0,7.1,79,52,69,3.09,9.83,0.8,890.6,1.69,0.243
2018-02-27,15.2,5.0,9.6,84,27,59,3.01,17.72,0.0,892.1,3.06,0.238
2018-02-28,14.5,4.2,9.2,78,32,57,4.47,12.15,0.0,896.4,2.8,0.227
2018-03-01,10.3,3.6,6.3,85,48,71,2.7,13.76,1.1,898.6,1.89,0.23
2018-03-02,16.3,0.5,7.8,91,29,60,1.59,14.45,0.0,899.4,2.45,0.227
2018-03-03,18.0,7.0,12.0,79,25,51,3.88,14.98,0.2,896.2,3.44,0.218
2018-03-04,19.1,6.4,12.2,83,31,55,3.66,17.68,0.0,893.7,3.54,0.208
2018-03-05,19.6,5.1,11.7,85,29,58,1.68,17.38,0.0,894.8,3.12,0.2
2018-03-06,20.0,8.3,13.7,86,30,60,2.93,17.1,3.0,894.9,3.36,0.229
2018-03-07,22.0,8.6,14.3,88,25,54,2.82,14.88,0.0,898.9,3.46,0.221
2018-03-08,21.3,8.2,13.5,84,24,54,3.71,18.3,1.4,892.7,3.98,0.213
2018-03-09,13.2,6.2,9.7,80,39,60,2.42,12.2,0.0,897.1,2.2,0.205
2018-03-10,15.9,2.9,9.2,85,28,57,1.16,18.7,0.0,900.2,2.9,0.199
2018-03-11,20.0,2.5,11.0,82,20,52,1.45,19.42,0.0,899.8,3.38,0.192
2018-03-12,21.1,3.5,12.0,93,21,57,1.45,20.28,0.0,899.9,3.46,0.181
2018-03-13,22.0,6.4,13.0,88,25,55,3.38,19.21,0.6,897.5,4.06,0.17
2018-03-14,17.9,8.1,12.5,77,23,51,2.92,17.11,0.4,896.4,3.5,0.165
2018-03-15,15.9,5.8,10.7,78,26,54,2.54,16.91,0.5,895.4,3.15,0.161
2018-03-16,14.7,3.4,9.4,87,30,57,1.8,19.62,0.6,898.6,3.05,0.169
2018-03-17,21.5,4.9,12.9,74,22,46,1.74,20.89,0.0,900.6,3.8,0.162
2018-03-18,23.9,6.7,14.8,84,20,50,3.21,18.21,0.0,897.5,4.32,0.152
2018-03-19,24.1,7.1,15.4,78,13,40,3.14,17.64,0.0,895.2,4.52,0.138
2018-03-20,20.3,7.7,14.0,65,18,36,4.37,18.75,0.0,895.4,4.75,0.128
2018-03-21,23.6,4.0,14.0,71,10,36,2.38,22.14,0.0,902.2,4.71,0.121
2018-03-22,24.7,5.0,14.5,75,5,36,3.09,21.29,0.0,900.0,5.21,0.108
2018-03-23,26.3,8.8,18.5,38,2,17,5.35,19.29,0.0,891.6,7.06,0.099
2018-03-24,18.1,8.3,14.6,59,22,31,5.57,19.51,0.0,889.1,4.95,0.097
2018-03-25,16.9,6.0,11.4,64,26,44,3.77,17.06,0.0,899.7,3.77,0.098
2018-03-26,22.5,4.1,13.4,75,13,39,2.58,22.41,0.0,903.8,4.69,0.098
2018-03-27,23.3,5.8,15.1,80,7,34,3.61,23.63,0.0,899.9,5.65,0.096
2018-03-28,23.8,6.0,14.6,82,9,33,3.66,19.99,2.8,894.9,5.22,0.102
2018-03-29,14.9,7.0,11.7,91,38,66,4.09,17.7,20.1,888.0,3.09,0.333
2018-03-30,12.2,5.9,8.6,71,46,61,2.52,11.68,0.0,901.1,2.18,0.304
2018-03-31,18.1,1.4,10.0,91,27,58,1.42,23.94,0.0,905.0,3.87,0.27
2018-04-01,24.5,7.5,15.9,77,16,41,2.34,23.91,0.0,900.6,4.95,0.242
2018-04-02,18.0,7.4,12.9,62,24,42,3.39,20.74,0.0,896.7,4.17,0.218
2018-04-03,15.2,4.1,9.7,71,20,43,2.84,25.0,0.0,904.3,4.2,0.203
2018-04-04,18.5,2.6,10.2,63,15,39,2.04,25.15,0.0,905.4,4.4,0.191
2018-04-05,22.0,3.2,12.4,64,14,38,1.74,25.07,0.0,901.5,4.63,0.179
2018-04-06,25.8,5.7,15.5,62,9,33,1.82,25.02,0.0,897.4,5.13,0.163
2018-04-07,25.0,5.6,16.2,77,11,33,3.24,24.62,0.2,897.9,5.77,0.144
2018-04-08,20.7,11.4,15.7,44,16,29,3.21,20.84,0.9,898.3,4.56,0.136
2018-04-09,16.5,8.2,12.3,80,40,51,1.61,19.48,2.9,899.0,3.31,0.148
2018-04-10,17.4,7.2,11.9,92,45,69,2.31,13.49,3.1,898.4,2.42,0.191
2018-04-11,22.3,6.6,14.8,88,31,58,1.96,22.33,0.0,898.1,4.23,0.189
2018-04-12,24.1,10.5,16.7,72,27,53,1.65,20.83,1.3,898.7,4.26,0.182
2018-04-13,24.5,9.5,17.4,87,28,55,1.94,22.03,0.0,900.6,4.46,0.179
2018-04-14,25.8,9.8,18.0,77,20,45,2.18,24.75,0.0,902.7,5.26,0.169
2018-04-15,21.9,11.6,16.6,60,18,37,3.4,26.06,0.0,904.8,5.6,0.155
2018-04-16,22.9,8.8,15.8,52,6,24,2.07,27.28,0.0,904.8,5.49,0.146
2018-04-17,27.7,6.7,17.9,37,10,20,0.91,26.38,0.0,903.6,4.94,0.144
2018-04-18,29.2,8.1,19.1,75,9,34,1.71,26.68,0.0,904.2,5.76,0.134
2018-04-19,26.8,9.5,18.8,65,18,35,1.98,24.8,0.0,901.3,5.45,0.118
2018-04-20,20.1,9.2,15.0,76,23,43,3.51,20.34,1.2,896.2,4.49,0.127
2018-04-21,12.5,7.8,10.0,78,38,56,6.05,18.48,4.6,898.1,3.48,0.183
2018-04-22,18.2,5.0,11.6,67,21,42,3.29,27.35,0.0,900.7,4.73,0.182
2018-04-23,24.1,3.9,14.7,68,15,38,1.64,27.15,0.0,901.5,5.24,0.166
2018-04-24,26.0,7.8,17.8,72,11,34,1.85,27.13,0.0,901.7,5.63,0.151
2018-04-25,26.8,10.5,19.0,49,13,28,2.03,26.82,0.0,901.4,5.89,0.14
2018-04-26,26.4,13.2,20.3,37,17,25,2.18,25.26,0.0,899.8,5.74,0.13
2018-04-27,26.8,13.4,20.0,57,18,33,2.35,24.07,0.0,898.5,5.63,0.122
2018-04-28,26.0,14.3,20.2,42,13,25,4.05,26.36,0.0,901.7,6.95,0.119
2018-04-29,26.5,11.9,19.3,43,10,26,2.7,27.87,0.0,902.9,6.37,0.119
2018-04-30,27.3,11.5,20.0,36,10,23,2.21,28.08,0.0,900.1,6.37,0.121
2018-05-01,28.5,9.8,19.7,63,13,31,2.0,26.62,0.7,899.6,6.04,0.118
2018-05-02,26.6,12.3,18.5,60,23,44,2.02,22.12,1.1,901.1,4.74,0.121
2018-05-03,27.1,11.5,19.3,77,24,49,1.47,24.14,0.1,900.4,5.01,0.13
2018-05-04,29.6,12.1,21.5,71,17,39,1.97,25.47,1.3,899.3,5.85,0.129
2018-05-05,25.5,16.2,20.2,56,29,42,2.02,23.31,0.9,897.6,5.02,0.135
2018-05-06,25.2,12.9,18.7,75,20,46,2.96,24.41,0.1,897.7,5.5,0.142
2018-05-07,24.4,8.4,16.4,85,20,47,1.46,25.47,0.8,894.0,4.96,0.141
2018-05-08,22.4,10.8,15.5,67,20,51,2.24,25.44,0.7,891.2,4.91,0.142
2018-05-09,21.4,12.3,16.6,75,36,57,2.21,20.33,0.6,893.7,4.09,0.144
2018-05-10,22.6,12.8,16.8,79,32,56,2.08,23.21,2.2,895.1,4.59,0.164
2018-05-11,19.6,10.6,15.5,88,43,64,1.63,19.17,1.9,894.7,3.56,0.186
2018-05-12,18.5,11.0,15.0,87,48,70,2.37,18.01,4.7,894.6,3.34,0.226
2018-05-13,20.8,10.9,15.8,87,35,60,1.35,21.82,0.0,896.6,3.94,0.273
2018-05-14,24.6,9.4,18.1,77,23,45,1.62,26.9,0.1,900.2,5.38,0.241
2018-05-15,26.4,10.4,19.1,83,19,44,1.93,26.13,0.2,904.0,5.54,0.21
2018-05-16,28.4,12.0,21.1,68,10,36,1.83,28.67,0.0,904.9,6.07,0.184
2018-05-17,29.1,14.5,22.2,63,19,39,1.83,27.19,0.0,905.3,6.12,0.163
2018-05-18,29.2,15.2,22.5,70,24,44,2.03,25.4,0.7,904.0,5.86,0.15
2018-05-19,29.5,16.7,22.9,65,25,46,1.55,22.73,1.1,903.0,5.13,0.157
2018-05-20,28.4,15.8,21.6,67,27,46,1.81,23.23,0.3,901.9,5.14,0.17
2018-05-21,28.6,14.9,21.6,79,24,50,1.8,26.12,0.0,902.9,5.65,0.158
2018-05-22,29.9,17.0,22.7,61,20,39,2.43,25.11,0.1,903.1,6.1,0.147
2018-05-23,28.8,15.3,22.4,63,20,41,2.25,25.66,0.0,903.7,5.88,0.139
2018-05-24,29.7,16.4,22.8,59,20,38,2.1,25.43,0.2,901.1,6.01,0.139
2018-05-25,28.0,14.3,21.6,75,18,41,2.49,29.0,0.0,895.8,6.56,0.136
2018-05-26,25.3,14.0,19.7,62,27,45,1.68,25.34,0.6,897.5,5.28,0.13
2018-05-27,29.1,13.7,21.0,77,15,47,2.03,28.02,0.0,899.8,6.14,0.131
2018-05-28,29.0,14.7,22.1,62,18,37,2.48,28.09,0.0,900.0,6.55,0.12
2018-05-29,25.2,15.1,19.4,72,33,54,1.64,22.64,1.2,898.8,4.64,0.13
2018-05-30,25.1,15.4,18.8,83,32,66,1.69,22.14,6.1,898.2,4.37,0.178
2018-05-31,23.3,14.6,18.0,89,40,71,1.49,20.94,7.9,897.7,3.98,0.251
2018-06-01,21.9,14.0,17.8,89,50,70,2.17,19.44,3.9,898.3,3.7,0.296
2018-06-02,24.8,15.3,19.8,83,31,52,3.58,22.64,0.0,899.9,5.29,0.262
2018-06-03,26.8,13.1,20.5,68,25,44,1.88,27.21,0.1,899.3,5.8,0.224
2018-06-04,27.8,13.5,21.4,71,19,40,1.89,27.75,0.3,897.0,6.06,0.194
2018-06-05,29.4,13.3,21.6,79,17,45,2.41,28.32,0.1,897.7,6.51,0.171
2018-06-06,29.3,15.1,22.4,78,25,47,1.92,27.8,0.5,903.1,6.19,0.159
2018-06-07,31.3,16.4,23.8,66,15,40,1.89,28.79,0.0,906.3,6.65,0.15
2018-06-08,31.4,16.9,24.4,57,21,37,2.5,28.01,0.2,904.7,6.91,0.14
2018-06-09,32.8,17.9,25.8,55,16,33,2.14,30.13,0.1,901.9,7.24,0.132
2018-06-10,34.7,17.8,26.6,61,13,33,2.31,28.48,0.0,895.6,7.37,0.125
2018-06-11,32.2,17.4,24.5,73,21,46,1.66,26.34,1.2,893.5,6.06,0.124
2018-06-12,29.2,19.2,23.7,60,12,35,4.12,30.61,0.0,894.7,7.77,0.144
2018-06-13,31.0,16.0,23.8,46,12,27,2.4,30.79,0.0,894.0,7.32,0.136
2018-06-14,32.4,15.8,24.4,66,14,35,2.5,27.97,0.1,894.7,7.02,0.129
2018-06-15,30.7,16.0,23.0,77,15,44,2.64,25.72,1.3,897.9,6.41,0.126
2018-06-16,27.4,15.2,21.6,68,23,43,3.1,19.59,0.0,898.6,5.38,0.128
2018-06-17,27.7,13.3,21.2,82,26,50,2.37,25.64,0.0,897.0,5.89,0.125
2018-06-18,26.0,16.2,20.9,76,36,56,1.66,21.83,2.1,897.0,4.65,0.131
2018-06-19,27.2,14.7,20.2,85,35,63,1.47,22.65,4.8,898.4,4.61,0.16
2018-06-20,27.8,14.8,21.5,85,27,53,1.35,25.67,0.1,901.5,5.39,0.185
2018-06-21,28.2,17.1,22.2,71,31,52,1.85,25.47,2.2,902.4,5.57,0.172
2018-06-22,29.3,15.3,22.5,80,26,50,1.71,26.67,0.0,900.6,5.89,0.162
2018-06-23,29.4,17.0,23.6,71,25,46,1.88,23.46,0.0,899.9,5.53,0.145
2018-06-24,29.6,18.1,23.7,72,31,49,2.15,25.44,0.0,900.7,5.79,0.138
2018-06-25,30.5,19.2,24.1,65,28,50,1.91,24.86,1.1,899.7,5.61,0.137
2018-06-26,33.2,18.0,25.2,77,19,47,2.22,29.18,0.0,899.4,6.99,0.139
2018-06-27,34.1,16.2,25.7,87,16,44,2.45,28.63,0.0,898.8,7.22,0.13
2018-06-28,33.7,20.1,26.9,41,12,26,3.29,31.2,0.0,896.1,8.46,0.12
2018-06-29,31.5,15.7,24.0,72,17,40,2.27,30.67,0.0,895.1,7.14,0.113
2018-06-30,31.7,17.5,24.7,67,20,41,2.49,30.48,0.0,895.1,7.31,0.11
2018-07-01,32.0,17.7,25.6,71,18,39,2.42,30.16,0.0,900.0,7.21,0.108
2018-07-02,33.5,21.1,27.6,49,20,31,3.61,29.02,0.0,902.5,8.06,0.106
2018-07-03,33.2,22.8,27.7,55,20,33,3.84,28.68,0.0,902.5,8.13,0.104
2018-07-04,32.4,21.9,27.0,44,16,29,3.69,30.42,0.0,901.1,8.27,0.105
2018-07-05,31.6,19.9,25.8,39,14,27,3.84,30.76,0.0,899.3,8.29,0.105
2018-07-06,31.7,20.3,26.0,34,20,26,3.52,30.58,0.0,898.7,8.06,0.103
2018-07-07,32.2,19.5,26.5,39,18,28,2.05,30.51,0.0,897.9,7.22,0.104
2018-07-08,35.6,19.8,28.0,35,16,25,2.28,28.49,0.0,897.3,7.46,0.106
2018-07-09,35.6,18.7,27.7,47,11,28,2.41,31.0,0.0,898.4,7.93,0.107
2018-07-10,35.1,18.2,27.3,46,13,29,1.51,30.6,0.0,898.8,7.01,0.106
2018-07-11,36.2,20.9,28.9,62,16,35,2.07,29.98,0.0,898.1,7.33,0.107
2018-07-12,34.6,24.0,28.9,49,21,35,3.6,26.56,0.0,898.4,7.69,0.108
2018-07-13,33.6,23.4,28.5,48,19,32,4.05,29.93,0.0,898.5,8.56,0.107
2018-07-14,31.6,22.5,27.1,52,25,36,4.05,25.71,0.0,896.8,7.54,0.109
2018-07-15,30.3,21.1,25.8,53,22,37,3.67,26.09,0.0,897.7,7.14,0.107
2018-07-16,30.9,19.5,25.4,46,18,30,2.83,27.65,0.0,898.1,7.33,0.108
2018-07-17,31.9,18.5,25.7,50,16,29,2.11,29.95,0.0,899.3,7.13,0.11
2018-07-18,34.8,18.4,26.9,38,14,26,2.73,29.05,0.0,895.5,7.81,0.111
2018-07-19,32.1,19.6,25.6,51,21,38,2.16,26.08,0.0,895.3,6.49,0.115
2018-07-20,31.2,19.7,25.9,50,24,36,2.51,23.7,0.0,897.4,6.31,0.12
2018-07-21,31.3,22.9,27.0,49,25,34,2.63,23.54,0.0,899.4,6.41,0.118
2018-07-22,32.1,21.9,27.4,47,20,32,3.2,25.62,0.0,899.5,7.24,0.112
2018-07-23,33.8,20.1,27.5,46,16,29,2.28,29.45,0.0,897.7,7.3,0.11
2018-07-24,33.9,19.7,27.3,49,16,31,3.32,26.67,0.0,894.5,7.57,0.115
2018-07-25,32.2,18.8,26.0,61,24,39,2.6,25.42,0.0,894.6,6.57,0.11
2018-07-26,33.0,20.6,26.1,62,23,42,1.62,26.04,0.0,898.0,6.03,0.11
2018-07-27,33.0,18.8,25.9,69,22,44,1.82,26.4,0.0,899.3,6.24,0.109
2018-07-28,32.0,19.7,26.3,60,24,41,2.33,26.42,0.0,898.0,6.53,0.107
2018-07-29,33.1,21.5,27.7,46,21,34,1.86,25.31,0.0,897.1,6.27,0.105
2018-07-30,34.8,22.6,28.8,42,22,32,2.58,26.16,0.0,897.2,7.22,0.105
2018-07-31,35.3,22.1,28.0,63,20,41,2.68,24.16,0.0,897.6,6.63,0.107
2018-08-01,33.1,20.9,27.0,70,27,47,2.64,25.38,0.0,899.9,6.52,0.109
2018-08-02,32.6,23.2,28.0,52,29,39,3.01,23.93,0.0,900.1,6.63,0.109
2018-08-03,32.0,23.2,27.5,54,24,38,3.13,24.75,0.0,899.0,6.84,0.109
2018-08-04,31.5,21.9,26.6,49,29,37,2.77,23.41,0.0,899.2,6.36,0.11
2018-08-05,32.5,20.6,26.8,44,21,32,2.62,25.14,0.0,900.4,6.82,0.113
2018-08-06,33.3,21.1,27.1,38,19,28,3.06,27.22,0.0,901.1,7.51,0.112
2018-08-07,32.2,21.1,26.5,50,25,35,2.8,24.34,0.0,901.0,6.55,0.115
2018-08-08,30.9,20.5,25.8,57,21,36,3.34,25.26,0.0,901.4,6.84,0.112
2018-08-09,29.5,19.8,24.8,57,26,39,3.68,23.71,0.0,903.1,6.37,0.108
2018-08-10,29.5,19.6,24.5,51,24,36,3.51,27.01,0.0,903.6,6.9,0.108
2018-08-11,27.8,17.8,22.7,50,22,35,3.26,27.95,0.0,902.2,6.66,0.108
2018-08-12,29.6,16.4,23.4,40,20,30,2.91,28.17,0.0,901.5,6.91,0.108
2018-08-13,29.6,17.2,23.4,40,11,25,3.44,28.6,0.0,900.5,7.37,0.106
2018-08-14,30.0,15.7,22.9,48,12,29,3.08,28.39,0.0,900.1,7.04,0.107
2018-08-15,32.2,15.5,24.2,34,9,22,2.22,28.12,0.0,898.9,6.81,0.108
2018-08-16,34.3,16.3,26.3,26,11,18,1.83,27.73,0.0,899.0,6.7,0.108
2018-08-17,35.8,18.0,27.5,46,10,23,1.47,27.35,0.0,898.3,6.32,0.107
2018-08-18,34.6,20.1,27.6,59,13,34,2.71,25.52,0.0,897.3,6.97,0.106
2018-08-19,30.3,21.6,25.9,56,23,34,3.88,24.27,0.0,899.4,6.93,0.106
2018-08-20,30.4,19.0,24.8,39,20,29,2.55,26.57,0.0,899.6,6.64,0.106
2018-08-21,32.6,17.6,25.9,38,16,26,2.08,25.31,0.0,900.4,6.39,0.105
2018-08-22,32.6,19.1,26.3,45,19,30,2.61,23.68,0.0,901.5,6.52,0.104
2018-08-23,32.1,19.2,25.9,43,12,26,2.59,26.32,0.0,901.1,6.8,0.104
2018-08-24,34.0,17.9,26.7,29,14,20,2.01,26.21,0.0,900.2,6.58,0.106
2018-08-25,36.0,17.3,27.5,56,12,29,1.43,26.37,0.0,898.3,6.09,0.105
2018-08-26,35.4,18.9,27.5,81,13,40,1.49,25.61,0.0,896.5,5.85,0.104
2018-08-27,35.5,19.8,28.0,70,14,40,1.82,24.23,0.0,895.6,5.94,0.103
2018-08-28,35.3,20.4,27.8,70,15,40,1.45,24.52,0.0,897.1,5.65,0.103
2018-08-29,34.5,20.1,27.1,62,14,38,1.8,24.9,0.0,898.1,5.94,0.101
2018-08-30,32.6,20.2,26.2,61,23,42,2.2,24.29,0.0,900.5,5.98,0.102
2018-08-31,32.8,21.0,26.9,49,22,36,2.94,23.53,0.0,902.7,6.45,0.102
2018-09-01,33.3,20.7,27.0,41,16,28,2.35,24.88,0.0,903.6,6.46,0.102
2018-09-02,33.2,19.2,26.6,39,18,27,2.43,24.77,0.0,902.8,6.52,0.102
2018-09-03,32.2,19.3,25.8,40,20,28,2.63,24.58,0.0,900.8,6.53,0.103
2018-09-04,33.3,18.2,26.0,40,16,27,1.73,24.33,0.0,899.1,5.91,0.103
2018-09-05,35.7,18.8,27.2,52,15,30,2.06,23.91,0.0,897.3,6.34,0.104
2018-09-06,30.6,18.0,24.1,73,18,42,2.18,21.83,0.0,895.6,5.47,0.103
2018-09-07,27.1,18.8,22.8,51,27,39,2.11,19.56,0.0,899.1,4.8,0.106
2018-09-08,28.0,16.6,22.4,46,21,33,1.98,19.39,0.0,901.3,4.91,0.11
2018-09-09,22.6,17.6,19.4,59,27,41,2.52,10.76,1.2,901.7,3.21,0.111
2018-09-10,26.1,12.6,20.0,71,26,43,2.12,21.72,0.1,901.9,4.84,0.116
2018-09-11,26.0,13.0,20.2,52,29,39,1.77,19.91,0.0,904.2,4.45,0.115
2018-09-12,28.1,16.4,22.2,42,24,33,2.43,21.76,0.0,904.0,5.34,0.113
2018-09-13,30.8,16.5,23.2,50,17,34,2.9,22.22,0.0,900.2,5.96,0.104
2018-09-14,28.2,14.6,21.0,74,18,43,2.33,20.04,0.0,900.7,4.97,0.099
2018-09-15,25.6,15.9,20.5,64,30,46,1.93,16.32,0.0,903.7,3.92,0.103
2018-09-16,25.9,14.3,20.3,62,27,43,2.6,18.3,0.0,905.1,4.56,0.105
2018-09-17,26.5,16.3,21.1,55,28,39,3.69,21.84,0.0,905.1,5.68,0.105
2018-09-18,26.2,15.2,20.8,63,32,46,3.39,21.56,0.0,904.5,5.2,0.105
2018-09-19,27.3,14.5,20.5,62,29,44,2.52,21.54,0.0,904.5,4.94,0.105
2018-09-20,28.4,13.6,20.9,48,21,32,2.18,21.2,0.0,903.2,5.08,0.107
2018-09-21,28.7,13.4,21.4,36,18,28,1.88,20.63,0.0,902.8,4.89,0.106
2018-09-22,29.9,13.6,22.1,42,14,27,1.31,21.35,0.0,903.7,4.65,0.108
2018-09-23,30.2,14.3,22.2,36,11,22,1.73,21.39,0.0,905.6,5.01,0.106
2018-09-24,32.1,12.1,22.0,33,7,19,1.46,21.5,0.0,904.5,4.81,0.106
2018-09-25,31.1,12.9,22.3,52,13,30,2.4,20.82,0.0,901.8,5.46,0.107
2018-09-26,19.5,13.5,16.3,62,46,54,4.57,10.49,0.0,904.5,3.31,0.109
2018-09-27,22.0,11.9,16.0,62,36,51,2.79,18.72,0.0,906.5,3.88,0.11
2018-09-28,26.5,10.6,18.3,65,27,44,1.53,19.91,0.0,905.2,4.02,0.109
2018-09-29,29.9,12.6,20.6,67,21,46,2.51,17.68,0.2,904.0,4.55,0.117
2018-09-30,26.4,14.5,20.7,79,36,54,2.64,14.52,0.4,903.4,3.78,0.121
2018-10-01,27.6,16.4,21.3,72,24,49,2.95,17.21,0.0,902.3,4.53,0.115
2018-10-02,27.5,11.9,19.5,84,20,47,1.44,18.35,0.0,904.3,3.83,0.113
2018-10-03,28.0,11.4,19.6,68,18,40,1.34,18.93,0.0,905.0,3.94,0.114
2018-10-04,26.4,12.5,19.9,68,30,41,2.58,18.39,0.0,906.4,4.62,0.11
2018-10-05,23.5,14.0,18.0,70,33,50,3.29,15.27,0.0,909.7,3.87,0.107
2018-10-06,21.9,9.4,15.0,63,25,44,2.56,19.19,0.0,907.8,3.94,0.107
2018-10-07,24.3,8.0,15.7,55,22,39,1.62,18.95,0.0,902.6,3.78,0.108
2018-10-08,26.0,8.8,17.2,52,24,37,1.36,17.09,0.0,901.3,3.59,0.114
2018-10-09,25.5,11.8,18.0,69,25,46,1.56,16.76,0.4,901.4,3.57,0.122
2018-10-10,23.0,10.1,16.7,83,35,57,2.06,16.75,0.0,902.5,3.44,0.128
2018-10-11,23.1,11.7,17.0,75,33,55,1.81,15.54,0.0,903.5,3.18,0.125
2018-10-12,22.0,11.8,16.0,84,44,64,1.96,15.44,1.4,903.8,3.03,0.128
2018-10-13,20.0,12.2,14.8,97,51,80,1.09,10.17,5.0,904.5,1.79,0.188
2018-10-14,22.2,9.5,15.1,91,43,69,1.65,16.58,0.0,904.6,2.98,0.209
2018-10-15,23.3,10.0,16.1,81,37,61,1.48,15.64,0.0,904.0,3.01,0.201
2018-10-16,24.5,11.0,16.8,72,36,58,1.76,15.81,1.1,904.0,3.21,0.191
2018-10-17,23.7,11.9,17.1,79,38,61,1.62,15.97,0.2,903.2,3.14,0.184
2018-10-18,24.3,11.6,17.5,85,38,62,1.19,14.82,0.0,902.7,2.82,0.185
2018-10-19,24.6,12.4,17.5,81,35,63,1.52,14.32,0.3,903.1,2.94,0.179
2018-10-20,24.1,11.3,16.9,88,33,64,1.75,14.93,0.0,902.0,3.09,0.171
2018-10-21,17.2,10.8,13.6,91,66,78,1.85,12.23,2.5,899.8,2.0,0.175
2018-10-22,20.5,9.8,14.4,96,49,75,1.16,10.04,0.0,902.8,1.83,0.194
2018-10-23,23.9,8.9,15.7,86,31,61,1.36,14.38,0.0,901.7,2.8,0.191
2018-10-24,24.2,10.3,16.1,80,27,59,3.21,13.5,0.0,895.1,3.46,0.184
2018-10-25,14.9,3.8,10.1,89,53,74,4.29,6.95,11.2,888.8,1.47,0.217
2018-10-26,11.3,3.3,6.8,75,36,53,3.6,15.2,0.3,901.4,2.49,0.278
2018-10-27,16.0,0.7,7.3,76,29,57,1.2,15.72,0.0,908.1,2.34,0.253
2018-10-28,20.1,2.4,10.1,81,24,55,0.99,15.61,0.0,909.8,2.53,0.241
2018-10-29,21.2,3.0,10.9,73,26,53,1.13,15.44,0.0,908.8,2.58,0.23
2018-10-30,21.9,2.9,11.5,83,24,55,1.13,15.22,0.0,908.6,2.57,0.22
2018-10-31,21.2,4.1,11.8,79,20,53,1.39,14.98,0.0,909.9,2.66,0.212
2018-11-01,21.2,4.1,12.1,75,20,50,1.71,14.75,0.0,910.8,2.76,0.204
2018-11-02,21.5,5.3,12.8,68,19,44,1.96,14.44,0.0,908.8,2.9,0.191
2018-11-03,19.5,5.1,11.5,61,19,42,2.18,14.5,0.0,905.9,2.96,0.176
2018-11-04,19.0,6.3,12.0,63,32,49,2.46,13.56,0.0,905.1,2.82,0.165
2018-11-05,18.0,8.9,12.4,62,28,46,3.34,13.49,0.0,902.5,3.05,0.153
2018-11-06,17.1,4.1,9.8,55,26,41,2.45,13.91,0.0,902.1,2.79,0.141
2018-11-07,17.0,3.7,9.8,67,37,54,1.5,13.74,0.0,903.8,2.29,0.137
2018-11-08,18.5,2.9,9.9,83,28,57,1.21,13.5,0.0,902.9,2.25,0.136
2018-11-09,17.8,6.1,11.2,67,29,49,1.49,11.94,0.0,902.1,2.25,0.134
2018-11-10,16.4,4.7,10.0,71,29,50,1.36,13.13,0.0,901.8,2.18,0.131
2018-11-11,15.6,3.6,9.0,70,37,54,1.5,11.4,0.0,903.6,1.97,0.132
2018-11-12,17.5,5.5,10.1,68,29,53,2.25,12.47,0.0,906.2,2.41,0.131
2018-11-13,14.0,4.2,8.8,75,39,58,2.39,11.47,0.0,905.5,2.04,0.127
2018-11-14,11.0,2.3,6.5,76,39,58,2.74,9.19,0.0,902.3,1.77,0.126
2018-11-15,9.7,-1.0,4.3,75,33,52,1.68,12.59,1.5,899.5,1.8,0.121
2018-11-16,6.1,-1.4,2.4,89,62,80,1.93,11.64,6.8,902.4,1.24,0.146
2018-11-17,6.6,-3.3,1.2,86,49,70,1.3,7.97,0.0,907.6,1.03,0.156
2018-11-18,15.3,3.5,8.1,79,47,64,1.29,9.78,0.1,905.2,1.56,0.162
2018-11-19,20.0,5.0,11.0,92,21,60,1.92,11.98,0.0,902.1,2.31,0.158
2018-11-20,18.6,3.1,10.5,90,30,59,1.25,10.75,0.0,905.1,1.81,0.155
2018-11-21,16.3,7.5,11.3,75,40,59,1.91,5.19,0.5,901.4,1.43,0.157
2018-11-22,17.2,5.3,11.1,89,37,66,1.53,10.81,0.2,897.4,1.86,0.154
2018-11-23,12.0,6.9,9.0,90,71,81,3.18,6.64,2.1,899.6,1.11,0.168
2018-11-24,8.6,4.7,7.2,83,63,73,2.22,5.76,0.0,905.0,1.05,0.178
2018-11-25,12.7,2.7,6.3,85,50,73,0.98,11.2,0.0,902.8,1.48,0.176
2018-11-26,16.7,-0.5,7.2,96,33,69,1.84,10.3,1.0,899.6,1.73,0.175
2018-11-27,17.5,7.7,12.2,89,47,73,2.6,6.71,0.2,901.5,1.5,0.185
2018-11-28,18.1,12.0,14.1,82,38,65,4.97,6.66,0.0,899.5,2.31,0.181
2018-11-29,13.8,9.7,11.5,88,61,78,1.85,4.32,0.9,899.2,0.96,0.181
2018-11-30,12.1,6.4,9.0,95,59,82,2.07,6.75,10.8,895.5,1.05,0.276
2018-12-01,9.9,5.5,7.1,90,69,82,1.34,2.66,0.0,901.2,0.54,0.279
2018-12-02,12.0,3.0,7.4,98,59,80,0.9,9.14,0.0,903.4,1.23,0.258
2018-12-03,12.5,5.3,8.0,93,61,80,1.19,7.88,0.0,900.3,1.16,0.244
2018-12-04,9.5,4.8,7.4,90,75,84,1.31,5.16,4.0,895.3,0.77,0.252
2018-12-05,12.4,6.8,9.4,90,60,78,1.74,7.35,0.4,894.6,1.17,0.264
2018-12-06,10.2,3.9,7.9,92,74,87,2.64,3.06,15.1,891.3,0.63,0.306
2018-12-07,5.0,2.6,3.9,88,69,79,4.1,2.98,6.8,897.6,0.71,0.349
2018-12-08,7.4,2.4,3.9,83,60,71,1.12,8.53,0.0,900.4,1.04,0.308
2018-12-09,13.7,-2.2,4.8,91,32,68,2.14,10.32,0.0,898.5,1.64,0.289
2018-12-10,14.8,6.9,10.2,85,38,65,4.53,8.2,1.1,894.8,2.13,0.284
2018-12-11,12.7,6.2,9.6,84,34,58,3.84,9.46,5.8,893.6,2.1,0.31
2018-12-12,6.2,0.2,3.3,95,72,86,1.39,7.62,5.8,895.7,0.85,0.344
2018-12-13,5.0,-4.5,0.3,88,52,74,1.58,9.69,0.0,904.2,1.06,0.324
2018-12-14,11.7,-1.1,5.0,90,59,71,2.18,8.85,0.0,904.8,1.28,0.306
2018-12-15,13.4,4.3,7.9,96,56,80,1.88,7.65,0.0,906.8,1.23,0.293
2018-12-16,11.8,5.0,7.8,92,57,77,1.93,6.38,0.0,901.8,1.07,0.285
2018-12-17,11.4,4.9,8.1,87,60,75,2.26,6.29,0.0,898.4,1.09,0.279
2018-12-18,13.6,5.6,9.2,93,52,79,2.77,5.78,3.6,899.9,1.21,0.28
2018-12-19,8.9,5.5,7.3,90,75,84,2.25,4.44,4.7,897.0,0.75,0.337
2018-12-20,6.7,3.3,4.8,90,77,82,2.46,3.19,3.9,903.9,0.57,0.344
2018-12-21,8.3,3.6,5.4,88,64,79,1.11,7.26,0.0,908.6,0.9,0.325
2018-12-22,9.4,0.2,3.7,91,56,80,1.27,10.28,0.0,905.5,1.23,0.31
2018-12-23,12.2,-2.0,4.4,93,43,73,1.9,9.8,0.0,902.5,1.41,0.301
2018-12-24,10.5,-0.8,4.4,93,35,69,1.83,9.58,0.0,903.5,1.36,0.294
2018-12-25,12.3,1.4,6.9,83,46,67,4.15,6.06,1.3,897.1,1.59,0.29
2018-12-26,9.6,-1.3,0.9,92,78,87,3.73,4.36,15.5,897.8,0.53,0.336
2018-12-27,-0.7,-7.5,-3.0,86,69,77,3.48,6.22,1.8,898.9,0.66,0.322
2018-12-28,1.8,-6.9,-2.8,78,60,69,1.91,9.86,0.0,903.0,1.0,0.31
2018-12-29,3.8,-8.6,-3.4,92,48,75,1.23,9.78,0.0,900.8,0.95,0.304
2018-12-30,0.8,-1.8,-0.8,89,74,84,1.28,7.34,2.3,902.7,0.68,0.3
2018-12-31,1.0,-3.8,-1.8,92,72,84,1.61,9.57,0.0,904.0,0.82,0.291
2019-01-01,0.4,-3.0,-1.5,88,72,82,0.99,4.68,1.9,902.7,0.49,0.29
2019-01-02,5.5,-1.5,2.5,91,80,87,2.92,4.56,3.1,894.1,0.6,0.308
2019-01-03,9.7,0.4,4.9,95,52,76,3.54,7.6,1.3,894.6,1.37,0.323
2019-01-04,10.5,3.8,8.2,78,41,61,5.34,9.45,6.0,897.7,2.11,0.359
2019-01-05,10.4,2.6,6.1,85,49,71,2.94,8.55,0.0,895.7,1.37,0.33
2019-01-06,6.0,-0.7,3.0,87,46,71,3.25,7.05,3.2,887.7,1.13,0.327
2019-01-07,3.8,-4.9,-0.5,82,49,67,1.44,10.31,0.0,894.6,1.07,0.32
2019-01-08,0.6,-4.7,-2.2,91,75,84,2.64,6.22,9.4,892.5,0.53,0.313
2019-01-09,-4.4,-16.2,-9.1,85,69,78,2.06,12.09,0.3,897.6,0.78,0.31
2019-01-10,3.6,-17.1,-6.1,83,67,76,2.59,10.07,0.0,901.4,0.93,0.305
2019-01-11,9.6,2.6,5.5,82,51,71,2.78,5.83,0.0,903.8,1.14,0.309
2019-01-12,10.3,0.5,5.1,90,46,71,2.26,8.94,0.0,896.8,1.35,0.309
2019-01-13,8.8,2.3,5.0,90,49,72,1.08,8.63,0.5,890.6,1.13,0.305
2019-01-14,8.9,1.4,4.9,87,54,73,2.79,7.73,1.1,889.2,1.22,0.299
2019-01-15,7.6,3.7,5.6,89,66,80,4.12,3.91,15.8,885.7,0.85,0.353
2019-01-16,6.4,-7.4,-0.5,86,64,79,4.1,5.49,13.0,889.6,0.68,0.363
2019-01-17,-0.7,-11.8,-6.8,82,67,72,2.24,12.41,0.0,900.0,1.04,0.344
2019-01-18,0.8,-14.2,-7.8,90,62,79,1.53,12.37,0.0,902.7,0.94,0.334
2019-01-19,4.2,-11.9,-3.9,87,60,78,1.29,10.72,0.0,903.3,1.01,0.334
2019-01-20,7.8,-2.6,2.1,90,58,79,1.46,10.72,0.0,904.3,1.22,0.329
2019-01-21,8.7,1.0,4.3,90,46,71,1.75,8.03,0.0,901.2,1.2,0.325
2019-01-22,10.1,1.0,5.0,91,54,76,1.33,8.55,0.0,900.1,1.19,0.32
2019-01-23,11.7,2.6,6.4,87,50,73,2.67,10.43,0.0,899.0,1.6,0.312
2019-01-24,11.8,4.2,6.7,79,43,67,4.83,9.63,1.0,892.3,1.89,0.306
2019-01-25,10.9,3.6,7.1,85,56,71,2.98,8.41,0.0,895.9,1.47,0.304
2019-01-26,10.3,4.8,7.7,78,65,72,4.37,6.34,5.1,892.6,1.4,0.312
2019-01-27,8.9,2.4,5.6,92,60,76,2.14,5.54,3.0,891.9,0.96,0.348
2019-01-28,10.2,1.3,4.6,97,46,78,1.44,10.07,0.3,895.2,1.38,0.34
2019-01-29,13.0,-2.3,4.6,93,42,72,1.88,11.65,0.0,898.5,1.73,0.323
2019-01-30,11.5,3.4,7.2,86,46,73,3.56,7.24,2.3,896.1,1.49,0.317
2019-01-31,10.3,2.8,6.2,89,53,75,3.8,6.69,0.9,896.8,1.36,0.323
2019-02-01,10.9,1.1,6.3,79,28,58,3.17,13.66,0.1,900.0,2.23,0.321
2019-02-02,10.9,-1.9,3.8,80,32,60,1.5,13.76,0.0,904.1,1.89,0.307
2019-02-03,14.6,-0.6,6.2,79,31,58,1.09,14.15,0.0,905.3,2.0,0.298
2019-02-04,15.8,1.2,7.8,83,28,57,0.96,13.29,0.0,905.3,1.99,0.29
2019-02-05,17.1,0.4,8.0,85,22,53,2.04,14.63,0.0,904.4,2.58,0.281
2019-02-06,13.6,7.1,9.5,81,45,65,3.45,9.63,3.5,900.5,1.89,0.304
2019-02-07,11.2,4.0,7.6,96,61,83,1.92,11.09,10.7,896.1,1.46,0.343
2019-02-08,9.2,4.7,6.7,92,66,81,1.44,8.28,6.8,897.2,1.08,0.375
2019-02-09,8.7,3.8,5.6,95,68,84,1.25,8.09,5.6,898.7,1.11,0.376
2019-02-10,7.3,3.8,5.0,92,66,82,1.87,8.59,1.5,901.9,1.11,0.374
2019-02-11,12.9,1.4,5.8,92,35,70,1.84,14.37,0.0,902.5,2.04,0.353
2019-02-12,14.3,-0.8,6.1,92,36,68,2.67,12.66,0.0,900.8,2.11,0.339
2019-02-13,12.4,5.1,7.9,83,48,67,3.04,9.28,0.0,900.7,1.74,0.328
2019-02-14,10.8,3.5,6.9,80,52,67,2.08,12.01,7.6,896.1,1.75,0.34
2019-02-15,6.7,2.9,4.8,93,65,80,3.71,6.58,4.8,896.4,1.07,0.38
2019-02-16,7.4,2.4,5.0,77,46,61,3.03,10.57,0.0,902.6,1.67,0.356
2019-02-17,9.8,-0.6,4.0,82,35,62,2.09,14.79,0.0,904.4,2.07,0.34
2019-02-18,11.9,-2.1,4.4,83,35,61,2.08,16.55,0.0,903.3,2.26,0.328
2019-02-19,13.4,-1.6,5.7,82,32,59,1.65,16.08,0.0,903.5,2.4,0.319
2019-02-20,15.2,-1.0,7.1,86,21,55,1.29,16.7,0.0,902.2,2.52,0.31
2019-02-21,12.9,0.6,6.7,92,30,62,1.46,15.38,0.1,902.5,2.22,0.305
2019-02-22,13.8,0.1,6.4,78,27,57,2.0,16.64,0.0,900.2,2.62,0.299
2019-02-23,11.9,1.4,6.4,88,40,70,2.43,14.1,0.6,901.0,2.1,0.291
2019-02-24,11.7,1.2,6.3,92,47,72,1.45,14.15,0.7,904.0,1.99,0.288
2019-02-25,11.4,1.9,6.6,94,49,74,1.74,12.37,0.5,904.6,1.83,0.286
2019-02-26,8.6,3.6,6.1,91,68,81,2.31,11.88,6.2,895.5,1.46,0.328
2019-02-27,6.2,0.9,3.5,89,56,74,2.94,10.76,2.4,890.6,1.36,0.333
2019-02-28,3.5,-2.2,0.7,77,42,58,4.99,14.12,0.1,893.5,1.79,0.318
2019-03-01,13.7,-3.7,4.1,72,26,52,1.8,18.79,0.0,895.4,2.64,0.303
2019-03-02,14.4,-1.2,6.3,86,36,64,2.5,17.58,0.4,893.3,2.79,0.292
2019-03-03,11.4,3.1,6.8,91,48,70,1.69,12.37,0.0,896.1,1.85,0.288
2019-03-04,10.8,2.5,6.4,89,58,76,1.18,16.08,6.7,897.0,2.16,0.302
2019-03-05,14.7,1.6,7.2,98,29,69,2.0,14.95,0.3,900.0,2.34,0.335
2019-03-06,15.6,1.4,7.4,92,30,63,2.45,18.07,0.0,903.7,2.91,0.307
2019-03-07,12.4,2.8,7.2,84,20,53,2.77,19.77,0.0,906.3,3.01,0.291
2019-03-08,14.2,-1.3,6.2,74,22,47,1.32,20.4,0.0,908.5,3.01,0.28
2019-03-09,19.1,-0.9,8.7,77,21,50,1.47,20.21,0.0,907.2,3.3,0.268
2019-03-10,18.5,3.0,10.4,91,20,56,2.13,19.28,0.0,903.3,3.44,0.259
2019-03-11,21.0,2.7,11.5,83,23,53,2.84,20.53,0.0,901.1,3.98,0.243
2019-03-12,17.7,7.4,11.8,75,28,53,3.07,10.63,0.0,899.4,2.76,0.227
2019-03-13,15.5,8.6,10.9,82,32,63,2.22,12.89,4.9,893.6,2.44,0.237
2019-03-14,15.2,3.8,9.7,85,43,66,1.73,14.97,0.2,893.1,2.33,0.29
2019-03-15,13.7,7.1,10.2,72,35,58,3.68,14.3,0.7,891.5,2.77,0.274
2019-03-16,9.3,4.9,6.6,84,51,68,2.62,14.62,1.9,894.0,2.04,0.278
2019-03-17,13.0,1.0,7.5,80,45,61,2.68,14.52,0.0,901.1,2.36,0.275
2019-03-18,18.5,2.0,10.1,94,32,63,1.25,21.52,0.0,903.3,3.42,0.264
2019-03-19,19.5,3.2,11.2,98,29,64,1.21,19.55,0.0,902.1,3.22,0.245
2019-03-20,19.9,4.1,12.0,94,24,57,1.69,20.77,0.0,901.9,3.67,0.232
2019-03-21,18.0,7.4,12.1,68,18,43,3.32,21.68,0.0,903.6,4.23,0.217
2019-03-22,15.7,5.2,10.0,62,25,43,3.0,22.62,0.0,905.2,3.93,0.199
2019-03-23,16.2,2.6,9.7,68,24,43,2.24,22.78,0.0,900.5,3.91,0.181
2019-03-24,8.8,1.4,5.5,52,22,36,6.22,22.71,0.0,897.8,3.8,0.167
2019-03-25,11.0,0.4,5.2,57,21,39,4.56,22.44,0.0,895.7,3.48,0.161
2019-03-26,16.5,-1.2,7.8,64,17,40,1.33,23.88,0.0,894.5,3.74,0.153
2019-03-27,17.3,5.1,10.5,84,25,56,2.11,18.4,0.7,898.7,3.33,0.152
2019-03-28,14.8,5.1,9.9,82,35,58,1.63,20.26,0.4,902.6,3.16,0.154
2019-03-29,9.7,2.5,4.6,97,52,86,3.23,5.65,9.6,898.5,0.74,0.22
2019-03-30,5.5,0.8,2.6,88,64,76,4.29,8.48,6.0,894.8,1.24,0.277
2019-03-31,5.7,0.4,3.3,82,64,70,2.57,10.91,2.2,892.5,1.47,0.286
2019-04-01,12.6,-0.3,6.4,88,46,67,1.57,20.11,0.0,892.7,2.84,0.278
2019-04-02,14.2,4.2,9.4,83,40,60,1.95,17.81,0.0,896.1,2.88,0.263
2019-04-03,15.1,5.5,10.0,73,33,55,1.62,18.63,0.0,897.7,3.05,0.252
2019-04-04,17.2,1.8,10.1,85,25,52,1.15,21.85,0.0,897.5,3.56,0.238
2019-04-05,18.1,4.6,11.1,90,30,60,1.49,22.72,0.0,898.7,3.83,0.224
2019-04-06,17.0,4.9,10.9,89,36,64,2.17,14.62,0.5,898.1,2.79,0.214
2019-04-07,18.0,6.8,12.3,95,47,71,1.35,19.1,0.8,897.2,3.16,0.222
2019-04-08,21.5,6.6,13.7,95,32,65,2.37,22.02,0.0,894.7,4.15,0.221
2019-04-09,16.0,7.7,11.6,85,38,61,4.38,18.93,3.4,891.8,3.32,0.225
2019-04-10,17.1,4.3,10.7,79,29,52,3.75,22.17,0.2,894.3,4.06,0.231
2019-04-11,18.7,7.0,12.5,78,31,56,3.22,22.69,0.0,898.6,4.18,0.216
2019-04-12,20.6,5.7,13.0,89,29,59,1.77,24.4,0.0,902.1,4.3,0.202
2019-04-13,22.2,6.2,14.5,93,27,56,1.74,19.85,0.0,900.2,3.94,0.189
2019-04-14,20.6,9.7,15.1,65,22,44,2.35,21.34,1.3,894.3,4.42,0.183
2019-04-15,16.4,7.0,11.6,83,33,60,2.17,15.38,0.9,896.1,2.84,0.18
2019-04-16,15.5,6.3,9.7,87,35,70,1.71,17.94,2.9,895.4,2.9,0.195
2019-04-17,11.1,5.2,8.1,86,60,75,2.93,14.19,3.8,897.1,2.06,0.258
2019-04-18,13.4,6.4,9.0,89,49,73,2.03,21.7,5.8,899.5,3.09,0.28
2019-04-19,11.8,6.3,8.8,83,39,61,3.42,22.53,2.1,899.4,3.34,0.294
2019-04-20,8.3,2.7,5.4,67,40,54,3.72,20.97,0.7,900.2,2.95,0.273
2019-04-21,9.8,1.9,5.9,68,49,56,5.41,24.24,1.4,900.6,3.14,0.262
2019-04-22,12.1,3.8,7.6,59,32,45,3.75,21.68,0.0,902.7,3.49,0.255
2019-04-23,16.6,1.4,9.3,74,25,47,1.71,27.42,0.0,907.7,4.37,0.241
2019-04-24,21.1,5.6,13.3,64,33,47,1.73,22.21,0.0,910.6,4.14,0.225
2019-04-25,23.2,8.8,16.0,80,27,53,1.8,23.22,0.0,908.7,4.52,0.213
2019-04-26,21.4,11.1,15.7,82,38,63,1.71,20.15,4.0,904.3,3.93,0.208
2019-04-27,20.1,12.4,15.5,85,47,68,1.16,17.06,4.8,902.3,3.09,0.3
2019-04-28,23.5,8.6,15.6,90,32,64,1.77,23.0,0.4,901.0,4.36,0.272
2019-04-29,25.4,9.5,17.1,88,23,56,1.4,26.35,0.0,902.1,5.11,0.249
2019-04-30,25.1,9.1,17.6,86,23,48,3.5,26.23,0.0,901.4,5.88,0.227
2019-05-01,23.6,7.8,16.5,82,24,49,3.29,25.57,0.0,899.4,5.51,0.204
2019-05-02,21.5,11.3,15.3,75,39,56,3.09,20.91,2.4,896.8,4.23,0.201
2019-05-03,18.0,8.0,13.2,91,35,61,2.09,24.67,0.6,897.8,4.25,0.205
2019-05-04,22.1,6.2,14.8,84,26,52,1.43,28.27,0.0,899.9,5.11,0.195
2019-05-05,25.4,12.2,17.9,80,24,53,2.69,24.65,0.9,901.0,5.3,0.184
2019-05-06,27.4,12.2,20.0,83,19,47,2.89,27.98,0.1,897.4,6.28,0.179
2019-05-07,23.9,10.7,17.1,76,18,43,4.29,28.29,0.0,895.4,6.3,0.161
2019-05-08,16.8,8.8,12.6,75,33,49,2.08,26.25,1.0,897.7,4.52,0.153
2019-05-09,19.1,6.7,13.1,72,36,52,1.84,24.91,0.4,898.2,4.43,0.15
2019-05-10,21.0,8.4,15.0,83,30,52,3.15,20.39,0.0,897.8,4.49,0.145
2019-05-11,21.1,10.0,15.0,81,36,59,2.22,22.08,4.2,899.9,4.2,0.155
2019-05-12,21.7,10.1,15.5,85,25,57,1.64,25.8,0.0,904.0,4.74,0.194
2019-05-13,25.8,9.0,18.1,65,17,36,1.38,29.54,0.0,903.7,5.76,0.18
2019-05-14,30.0,11.2,21.1,53,9,30,1.76,29.55,0.0,903.2,6.38,0.166
2019-05-15,31.8,13.1,22.8,49,12,30,2.74,28.77,0.0,900.9,7.11,0.151
2019-05-16,30.9,14.3,22.7,56,11,31,2.25,25.3,0.0,898.4,6.34,0.139
2019-05-17,31.2,14.1,22.8,57,12,30,2.82,26.55,0.0,896.1,6.99,0.129
2019-05-18,24.1,13.3,19.3,64,20,35,3.54,27.86,0.2,895.1,6.43,0.119
2019-05-19,26.9,12.9,19.8,62,22,41,2.18,24.31,0.0,900.5,5.55,0.116
2019-05-20,30.4,13.5,22.2,60,18,36,2.66,25.92,0.2,903.0,6.55,0.119
2019-05-21,28.7,14.7,22.1,66,17,40,3.15,22.28,0.3,904.8,5.98,0.117
2019-05-22,28.7,18.3,23.2,56,24,41,2.97,25.07,0.0,905.5,6.22,0.12
2019-05-23,31.1,14.4,23.3,70,14,36,3.0,22.12,0.0,901.8,6.22,0.126
2019-05-24,30.6,16.4,23.7,48,22,32,4.05,25.09,1.4,897.3,7.15,0.13
2019-05-25,27.4,13.1,20.3,57,22,37,2.52,29.61,0.0,899.5,6.6,0.128
2019-05-26,27.5,12.7,20.2,62,21,40,1.75,29.21,0.0,903.4,5.97,0.125
2019-05-27,29.3,13.7,22.0,50,14,30,1.8,30.38,0.0,904.4,6.66,0.123
2019-05-28,32.5,14.5,24.5,47,11,27,1.65,29.98,0.0,904.6,6.71,0.123
2019-05-29,34.2,16.8,25.9,53,11,28,2.93,27.57,0.0,904.4,7.65,0.121
2019-05-30,33.3,17.3,26.2,53,16,31,2.24,26.04,0.2,903.9,6.69,0.12
2019-05-31,31.5,19.7,25.0,49,24,36,2.26,25.17,0.0,902.1,6.29,0.119
2019-06-01,32.0,17.5,25.1,57,23,39,2.0,25.97,0.0,900.8,6.27,0.122
2019-06-02,32.2,17.8,25.2,67,23,42,2.65,28.01,0.3,902.5,7.03,0.124
2019-06-03,29.7,17.2,24.0,65,23,42,2.24,23.23,0.0,904.4,5.85,0.122
2019-06-04,30.2,14.3,23.0,74,17,38,3.32,29.94,0.0,902.1,7.51,0.119
2019-06-05,31.0,12.3,22.3,57,13,28,2.81,31.44,0.0,901.3,7.71,0.111
2019-06-06,31.5,11.4,22.4,50,10,25,2.13,31.71,0.0,901.8,7.37,0.104
2019-06-07,31.4,14.3,23.6,49,13,32,1.7,30.58,0.0,902.3,6.82,0.102
2019-06-08,31.6,18.7,25.6,51,21,33,3.12,28.9,0.1,903.1,7.58,0.099
2019-06-09,27.8,19.5,23.3,52,32,43,2.56,23.1,2.5,901.1,5.73,0.107
2019-06-10,29.2,17.0,22.0,77,37,56,2.02,23.3,2.3,898.4,5.25,0.127
2019-06-11,27.4,15.9,20.7,81,35,58,1.79,24.17,3.6,898.5,5.04,0.161
2019-06-12,26.8,14.9,20.4,79,34,60,1.51,22.63,2.5,899.1,4.72,0.179
2019-06-13,24.4,17.1,20.2,81,45,67,1.79,16.47,2.1,900.2,3.5,0.186
2019-06-14,26.7,16.8,21.5,83,37,58,2.81,24.07,1.5,900.3,5.27,0.213
2019-06-15,27.2,15.7,20.5,84,41,64,2.1,22.17,4.1,898.3,4.59,0.214
2019-06-16,27.3,14.4,20.2,88,40,68,1.27,24.3,4.2,897.9,4.79,0.251
2019-06-17,27.5,15.5,21.5,87,38,62,1.65,24.34,0.0,898.2,5.07,0.252
2019-06-18,26.6,17.5,21.2,80,43,64,1.63,21.08,1.2,899.0,4.39,0.227
2019-06-19,27.2,15.7,20.5,94,41,72,1.4,23.31,5.2,898.8,4.6,0.223
2019-06-20,24.6,16.6,20.3,92,51,74,1.73,19.23,2.4,897.9,3.84,0.263
2019-06-21,27.8,16.9,22.2,84,41,62,1.84,23.73,0.0,899.8,5.03,0.253
2019-06-22,26.7,18.1,22.4,82,44,64,2.04,25.06,0.3,900.5,5.2,0.222
2019-06-23,29.6,17.1,23.8,86,31,54,2.53,25.39,0.0,902.3,5.89,0.196
2019-06-24,31.0,15.8,24.6,70,20,41,2.08,30.69,0.0,902.9,6.94,0.175
2019-06-25,33.8,18.1,26.4,63,20,38,1.84,30.42,0.0,902.6,7.08,0.155
2019-06-26,34.8,20.9,27.9,54,23,37,2.67,29.82,0.0,903.0,7.68,0.142
2019-06-27,32.6,22.0,27.1,56,27,41,3.0,28.02,0.0,901.7,7.2,0.133
2019-06-28,32.4,20.4,26.3,56,27,42,2.42,27.28,0.1,897.1,6.8,0.128
2019-06-29,29.8,20.7,25.1,59,26,38,3.89,28.81,0.0,898.2,7.49,0.124
2019-06-30,26.0,17.6,22.1,51,21,34,4.48,30.22,0.0,902.2,7.56,0.117
2019-07-01,26.1,16.2,21.2,50,21,33,4.52,31.22,0.0,903.6,7.55,0.112
2019-07-02,29.0,15.5,22.0,51,19,35,2.59,30.91,0.0,900.9,6.88,0.115
2019-07-03,33.0,15.4,24.6,51,13,28,2.54,30.97,0.0,899.8,7.59,0.115
2019-07-04,32.8,18.9,25.5,45,14,27,3.28,30.85,0.0,901.8,8.02,0.117
2019-07-05,31.4,19.8,25.6,45,20,32,3.4,28.45,0.0,900.6,7.56,0.116
2019-07-06,30.5,19.9,25.6,47,24,35,2.89,27.08,0.0,898.5,6.99,0.112
2019-07-07,29.7,20.0,25.2,50,25,37,2.89,26.14,0.0,898.3,6.66,0.112
2019-07-08,34.2,17.9,26.7,42,19,30,1.93,30.02,0.0,898.6,7.26,0.113
2019-07-09,33.1,21.3,27.5,37,21,28,2.24,30.13,0.0,901.2,7.37,0.109
2019-07-10,33.6,20.6,27.7,46,22,31,2.06,29.12,0.0,897.9,7.24,0.111
2019-07-11,32.8,21.7,26.4,48,20,37,3.32,26.47,0.3,896.0,7.27,0.116
2019-07-12,28.1,19.0,23.0,70,34,50,2.51,21.3,0.1,897.0,5.21,0.121
2019-07-13,27.5,16.6,22.3,49,29,38,2.34,27.81,0.0,898.4,6.35,0.118
2019-07-14,30.0,16.2,23.6,50,27,37,2.63,24.61,0.0,895.6,6.26,0.119
2019-07-15,29.2,18.6,23.2,63,23,43,2.16,27.72,0.0,895.9,6.34,0.115
2019-07-16,29.4,15.8,23.2,55,29,42,1.87,23.37,0.0,897.2,5.58,0.116
2019-07-17,30.0,18.9,23.3,74,30,55,2.12,25.14,1.3,893.5,5.67,0.125
2019-07-18,25.8,17.8,21.3,78,44,63,2.75,19.7,0.5,896.7,4.41,0.145
2019-07-19,28.3,16.4,22.5,75,29,52,2.31,22.53,0.0,902.3,5.21,0.143
2019-07-20,29.5,16.8,23.2,67,27,46,2.81,29.32,0.0,903.3,6.73,0.135
2019-07-21,29.4,18.4,23.8,64,25,40,3.43,29.58,0.0,903.1,7.24,0.125
2019-07-22,28.5,18.5,23.6,64,32,43,4.52,20.75,0.0,902.2,6.11,0.121
2019-07-23,28.9,17.9,23.3,59,30,45,3.65,29.31,0.0,899.9,6.97,0.123
2019-07-24,29.9,16.1,23.9,54,21,34,2.25,29.75,0.0,898.1,6.9,0.125
2019-07-25,30.5,17.3,24.5,48,26,36,2.39,27.84,0.0,900.9,6.66,0.124
2019-07-26,30.8,18.9,24.9,51,24,38,2.48,29.01,0.0,901.0,6.88,0.124
2019-07-27,31.3,16.9,24.7,53,18,32,2.72,29.89,0.0,897.0,7.27,0.123
2019-07-28,32.3,17.1,25.4,45,19,28,2.45,29.73,0.0,896.1,7.28,0.126
2019-07-29,36.2,17.3,27.3,48,18,31,2.27,29.3,0.0,896.5,7.53,0.127
2019-07-30,36.3,18.9,27.9,67,18,37,2.89,29.16,0.0,896.3,7.89,0.114
2019-07-31,34.7,18.7,27.0,63,23,40,2.14,28.86,0.0,897.3,6.99,0.107
2019-08-01,35.7,22.0,29.3,43,19,30,2.01,27.7,0.0,897.3,7.08,0.107
2019-08-02,33.1,23.4,28.3,42,23,34,2.64,23.12,0.0,898.5,6.47,0.109
2019-08-03,34.7,21.0,27.9,49,20,35,2.12,27.64,0.0,897.5,6.98,0.107
2019-08-04,34.9,19.5,27.6,61,18,36,2.4,27.76,0.0,896.5,7.18,0.11
2019-08-05,29.7,20.9,25.2,53,34,43,3.31,26.2,0.0,898.6,6.68,0.111
2019-08-06,29.2,20.1,24.4,51,24,35,3.79,24.96,0.0,900.5,6.79,0.11
2019-08-07,28.8,16.9,22.8,46,16,29,3.48,29.31,0.0,902.7,7.29,0.112
2019-08-08,30.3,15.5,23.0,44,9,26,3.03,29.4,0.0,901.9,7.25,0.114
2019-08-09,32.2,14.6,24.0,28,8,20,2.49,29.15,0.0,899.1,7.11,0.115
2019-08-10,31.0,17.0,24.7,39,19,27,3.57,28.47,0.0,899.8,7.58,0.116
2019-08-11,30.5,18.9,24.8,45,23,33,3.84,28.34,0.0,902.1,7.47,0.115
2019-08-12,30.5,18.6,24.1,56,22,37,3.02,28.04,0.0,901.1,6.8,0.117
2019-08-13,34.4,17.7,25.8,46,21,34,2.17,27.65,0.0,899.4,6.69,0.118
2019-08-14,37.7,20.7,29.1,48,19,34,1.69,25.36,0.0,897.6,6.35,0.122
2019-08-15,33.4,23.1,27.9,73,29,50,2.47,22.6,0.0,896.9,5.91,0.117
2019-08-16,31.6,22.1,26.3,66,37,51,2.34,20.28,1.1,898.8,5.19,0.116
2019-08-17,31.5,19.4,25.4,66,32,47,2.04,24.45,0.0,898.6,5.82,0.126
2019-08-18,26.0,18.4,21.8,71,35,53,3.63,17.84,0.2,899.2,4.76,0.126
2019-08-19,26.0,17.9,21.7,60,41,51,3.26,16.06,0.7,901.5,4.41,0.123
2019-08-20,25.5,17.5,20.9,79,44,63,2.64,17.86,0.4,902.7,3.87,0.138
2019-08-21,26.9,17.3,21.9,72,38,55,1.95,18.88,0.1,902.8,4.25,0.139
2019-08-22,27.1,18.1,22.6,73,41,56,2.43,17.25,0.0,902.9,4.17,0.136
2019-08-23,30.3,18.7,24.4,66,30,47,3.24,25.11,0.0,903.2,6.22,0.131
2019-08-24,29.5,20.0,25.1,65,34,47,3.68,19.07,0.0,903.7,5.62,0.123
2019-08-25,31.6,20.7,25.8,60,28,44,3.16,24.53,0.3,902.8,6.33,0.119
2019-08-26,31.0,21.3,25.4,61,31,46,3.04,24.27,0.2,902.6,6.12,0.121
2019-08-27,30.7,20.1,25.2,62,20,39,2.71,25.66,0.0,903.6,6.31,0.121
2019-08-28,29.7,18.6,23.9,53,27,37,2.82,25.54,0.0,903.1,6.26,0.118
2019-08-29,30.8,18.9,24.7,59,29,42,2.26,24.06,0.0,902.4,5.78,0.117
2019-08-30,30.5,19.0,25.1,47,25,35,2.62,22.24,0.0,901.7,5.88,0.112
2019-08-31,30.5,18.4,24.2,50,27,38,2.15,24.92,0.0,900.5,5.86,0.109
2019-09-01,30.8,17.4,24.6,48,21,33,1.77,24.9,0.0,899.1,5.79,0.107
2019-09-02,32.2,17.9,25.5,39,19,26,1.56,24.62,0.0,900.2,5.69,0.104
2019-09-03,33.5,18.9,26.5,38,16,25,1.58,23.63,0.0,899.2,5.66,0.103
2019-09-04,32.8,17.5,25.4,73,18,38,2.63,22.85,0.0,897.9,6.26,0.104
2019-09-05,31.1,20.6,25.3,42,24,33,2.42,21.33,0.0,898.9,5.64,0.104
2019-09-06,31.6,17.9,25.0,49,20,32,1.5,21.27,0.0,900.0,5.11,0.105
2019-09-07,29.5,18.4,23.8,56,28,40,2.43,22.78,0.0,901.0,5.54,0.104
2019-09-08,29.0,16.4,23.0,40,23,31,2.36,23.57,0.0,901.1,5.77,0.105
2019-09-09,29.1,15.3,22.6,47,20,31,1.75,23.1,0.0,900.6,5.4,0.105
2019-09-10,29.2,16.2,22.9,42,22,30,1.76,23.41,0.0,900.8,5.37,0.107
2019-09-11,29.4,16.0,22.9,42,22,32,2.17,22.46,0.0,903.3,5.44,0.108
2019-09-12,28.9,15.5,22.6,46,22,32,2.44,23.1,0.0,904.4,5.65,0.107
2019-09-13,26.8,15.5,21.1,50,27,37,2.6,22.8,0.0,902.2,5.32,0.106
2019-09-14,24.2,17.8,20.3,80,32,50,3.99,19.91,1.8,901.6,4.86,0.109
2019-09-15,23.3,16.9,19.7,80,40,52,5.55,18.06,0.0,902.6,5.06,0.123
2019-09-16,21.0,14.6,17.7,64,41,48,2.87,14.84,0.0,902.9,3.66,0.122
2019-09-17,26.4,12.2,18.9,73,30,51,1.45,21.87,0.0,903.4,4.4,0.124
2019-09-18,30.9,12.8,21.8,66,15,38,1.41,22.59,0.0,904.4,4.74,0.126
2019-09-19,32.2,13.6,22.5,66,17,38,1.31,22.07,0.0,902.9,4.65,0.124
2019-09-20,31.1,12.5,21.9,75,13,37,2.44,22.35,0.0,900.2,5.64,0.111
2019-09-21,20.8,13.8,17.5,69,38,52,3.24,13.74,0.0,904.5,3.46,0.104
2019-09-22,20.9,10.2,14.9,57,21,37,2.73,21.85,0.0,905.5,4.48,0.104
2019-09-23,24.9,6.3,15.6,47,13,30,1.56,21.99,0.0,903.2,4.36,0.105
2019-09-24,30.9,10.2,20.3,45,15,26,2.05,21.03,0.0,901.0,5.13,0.104
2019-09-25,26.2,15.0,20.3,69,31,50,2.81,15.57,0.6,899.0,4.13,0.104
2019-09-26,29.8,13.8,21.6,84,26,53,1.53,19.22,0.0,901.2,4.18,0.103
2019-09-27,31.1,14.5,22.3,81,23,51,1.98,19.73,0.0,901.5,4.77,0.1
2019-09-28,25.2,16.3,20.4,58,30,44,2.45,19.42,0.0,905.1,4.51,0.099
2019-09-29,26.8,11.5,18.9,57,21,39,1.85,20.33,0.0,902.9,4.41,0.103
2019-09-30,29.8,11.3,20.5,53,15,32,1.33,20.22,0.0,901.1,4.23,0.105
2019-10-01,29.5,12.3,20.7,69,17,37,1.95,19.86,0.0,900.2,4.66,0.106
2019-10-02,30.8,13.6,21.3,48,11,29,1.84,19.85,0.0,900.4,4.73,0.106
2019-10-03,29.0,11.8,20.2,82,17,46,1.61,19.06,0.0,900.8,4.07,0.104
2019-10-04,29.8,12.4,20.4,86,12,46,1.31,18.94,0.0,901.9,3.8,0.101
2019-10-05,27.3,12.0,19.7,73,22,42,3.61,16.36,0.1,898.8,4.82,0.102
2019-10-06,25.4,13.8,19.1,62,24,44,2.92,17.15,0.0,896.9,4.37,0.103
2019-10-07,25.1,10.0,17.2,67,28,48,2.07,16.07,0.0,898.8,3.64,0.103
2019-10-08,27.2,12.9,19.3,76,22,50,2.73,16.1,0.0,903.1,4.15,0.104
2019-10-09,25.5,11.9,18.3,81,33,55,1.67,17.83,0.0,907.3,3.55,0.104
2019-10-10,28.5,11.3,19.6,70,24,45,1.2,17.81,0.0,905.4,3.71,0.104
2019-10-11,25.3,12.8,19.2,49,26,36,1.71,12.87,0.0,906.6,3.28,0.107
2019-10-12,25.7,14.8,19.5,63,28,43,2.86,17.61,0.0,908.4,4.39,0.107
2019-10-13,24.9,11.2,17.6,69,19,43,2.16,17.97,0.0,908.8,3.97,0.108
2019-10-14,28.7,9.7,18.7,54,19,35,1.16,17.11,0.0,908.2,3.46,0.11
2019-10-15,29.3,12.5,19.9,63,22,42,1.78,14.12,0.0,906.2,3.53,0.111
2019-10-16,24.3,14.7,18.8,79,36,57,1.51,14.15,0.4,905.2,2.95,0.118
2019-10-17,25.3,13.1,18.1,76,35,58,1.65,14.53,0.1,904.8,3.09,0.127
2019-10-18,25.1,11.4,17.9,91,32,61,1.24,15.33,0.0,904.8,3.01,0.135
2019-10-19,23.9,11.7,17.7,66,33,50,1.41,14.91,0.0,905.0,3.04,0.135
2019-10-20,23.1,10.6,16.6,69,24,45,1.78,15.19,0.0,905.4,3.33,0.131
2019-10-21,21.8,10.1,15.6,62,40,50,2.58,13.28,0.1,904.7,3.05,0.128
2019-10-22,18.3,13.4,15.4,76,52,66,3.27,8.1,0.5,903.9,2.14,0.132
2019-10-23,20.6,12.9,16.1,77,43,61,3.2,11.19,0.0,903.5,2.68,0.135
2019-10-24,23.3,11.3,16.6,78,29,54,2.81,15.34,0.0,902.4,3.44,0.135
2019-10-25,24.0,9.8,16.4,69,26,48,2.05,15.4,0.0,902.2,3.23,0.127
2019-10-26,21.9,8.3,14.9,58,30,44,2.26,15.5,0.0,903.0,3.34,0.121
2019-10-27,18.3,9.0,13.6,68,42,56,1.82,13.97,0.0,902.0,2.55,0.117
2019-10-28,17.7,8.2,12.7,88,50,68,1.31,11.7,1.0,899.3,1.94,0.123
2019-10-29,21.1,7.0,13.4,86,32,60,1.66,13.13,0.0,900.1,2.51,0.133
2019-10-30,22.7,5.6,13.8,76,25,48,1.31,14.95,0.0,902.9,2.76,0.136
2019-10-31,22.9,5.6,13.7,83,26,52,1.36,14.31,0.0,902.0,2.68,0.133
2019-11-01,19.2,9.2,12.4,86,38,73,2.13,10.16,1.7,899.4,1.94,0.135
2019-11-02,13.5,6.3,9.9,81,44,63,2.22,12.99,0.0,903.9,2.1,0.152
2019-11-03,18.0,2.9,9.3,77,32,56,1.02,14.4,0.0,904.7,2.28,0.159
2019-11-04,21.8,2.7,11.4,92,27,59,1.75,13.71,0.0,905.1,2.56,0.159
2019-11-05,23.4,6.2,13.6,85,24,56,1.9,13.1,0.0,904.2,2.72,0.151
2019-11-06,23.3,6.1,13.7,81,23,52,1.23,13.76,0.0,903.2,2.46,0.145
2019-11-07,23.9,4.7,13.6,76,22,46,1.26,13.84,0.0,902.4,2.54,0.145
2019-11-08,23.8,5.0,13.7,75,18,45,1.38,13.61,0.0,903.1,2.56,0.14
2019-11-09,22.5,5.7,13.3,69,22,44,1.4,13.38,0.0,904.9,2.58,0.136
2019-11-10,23.9,5.8,13.7,58,17,38,1.3,13.42,0.0,904.2,2.58,0.134
2019-11-11,23.7,4.8,13.5,61,22,40,1.3,12.87,0.0,905.0,2.5,0.132
2019-11-12,22.7,5.5,13.6,65,20,41,1.23,12.99,0.0,904.9,2.45,0.128
2019-11-13,21.2,5.6,13.0,56,22,37,1.41,12.5,0.0,902.5,2.47,0.124
2019-11-14,21.4,8.5,15.0,61,25,36,2.95,10.88,0.0,900.4,3.17,0.122
2019-11-15,13.2,10.3,12.3,92,57,76,2.19,6.72,9.7,902.7,1.29,0.16
2019-11-16,15.9,9.1,12.0,95,61,81,1.46,9.08,0.0,906.4,1.42,0.23
2019-11-17,17.0,4.5,10.0,97,50,77,1.15,12.09,0.0,906.3,1.77,0.217
2019-11-18,16.6,1.8,8.0,95,43,74,1.06,12.42,0.0,906.2,1.82,0.21
2019-11-19,12.8,-0.1,5.8,92,49,74,1.05,11.95,0.0,907.9,1.56,0.206
2019-11-20,12.7,-0.4,4.6,87,45,70,1.01,12.03,0.0,906.2,1.56,0.203
2019-11-21,12.7,-2.2,4.0,82,33,62,0.95,12.2,0.0,902.9,1.62,0.2
2019-11-22,12.8,-0.3,4.8,72,29,53,0.92,9.33,0.0,900.7,1.35,0.195
2019-11-23,16.5,-0.5,7.0,82,38,63,1.5,10.64,0.0,901.8,1.71,0.187
2019-11-24,17.3,6.9,10.8,85,31,65,1.45,8.95,2.9,903.5,1.6,0.217
2019-11-25,15.9,4.0,9.5,83,20,52,2.23,7.46,0.0,900.0,2.0,0.211
2019-11-26,17.7,8.5,12.2,74,34,45,3.82,8.23,0.0,895.4,2.66,0.2
2019-11-27,14.9,7.6,10.7,93,52,75,1.22,7.98,0.2,895.9,1.29,0.197
2019-11-28,16.7,4.0,9.4,88,37,69,2.0,9.27,0.0,900.5,1.69,0.192
2019-11-29,17.2,4.3,10.4,91,43,68,3.06,7.54,0.0,901.2,1.86,0.186
2019-11-30,19.3,8.3,13.2,89,41,69,2.39,7.89,0.0,900.7,1.8,0.18
2019-12-01,14.1,6.3,9.0,89,55,76,2.29,5.52,8.4,899.8,1.02,0.221
2019-12-02,8.6,2.0,5.8,77,48,66,2.3,6.27,0.0,905.7,1.14,0.268
2019-12-03,12.3,-0.7,4.2,84,35,62,1.07,10.69,0.0,902.5,1.46,0.248
2019-12-04,13.1,-1.9,4.8,82,33,63,1.57,10.16,0.1,899.9,1.54,0.235
2019-12-05,5.5,2.6,3.9,93,62,76,3.68,3.87,4.4,906.3,0.87,0.257
2019-12-06,4.3,-0.7,1.9,79,58,68,1.75,8.74,0.0,908.1,1.03,0.245
2019-12-07,6.1,-1.5,1.4,80,58,73,0.83,10.49,0.0,904.2,1.11,0.234
2019-12-08,7.2,-1.1,2.9,86,50,69,0.98,10.5,0.0,899.8,1.23,0.227
2019-12-09,7.2,0.7,4.1,85,53,69,1.42,9.39,0.0,900.0,1.2,0.221
2019-12-10,9.7,-0.2,4.5,82,48,67,1.11,9.35,0.0,898.9,1.27,0.213
2019-12-11,11.5,3.4,7.0,87,61,78,2.1,6.03,1.7,898.7,1.02,0.209
2019-12-12,8.2,4.0,6.8,91,84,87,2.41,2.97,7.6,893.5,0.54,0.27
2019-12-13,13.1,2.6,7.3,93,47,76,2.52,7.05,0.0,892.6,1.33,0.283
2019-12-14,12.4,6.8,9.2,85,58,74,3.27,5.55,0.0,894.2,1.25,0.263
2019-12-15,13.5,4.2,7.9,93,48,75,1.42,9.26,0.0,901.0,1.27,0.249
2019-12-16,12.5,2.6,6.9,88,51,73,1.62,7.13,0.0,908.4,1.13,0.238
2019-12-17,10.4,-0.9,4.0,91,49,76,1.06,9.74,0.0,910.4,1.2,0.232
2019-12-18,11.8,-1.3,4.0,85,39,68,0.99,10.33,0.0,912.1,1.29,0.231
2019-12-19,11.1,-2.6,3.2,82,48,69,0.91,10.38,0.0,911.9,1.26,0.231
2019-12-20,11.0,-3.1,2.7,87,45,72,0.91,9.88,0.0,907.4,1.2,0.229
2019-12-21,15.0,-3.6,4.1,94,31,68,1.59,10.44,0.0,902.7,1.54,0.227
2019-12-22,15.3,-0.3,6.5,89,33,64,2.23,7.34,0.0,900.1,1.5,0.219
2019-12-23,14.2,7.8,10.0,80,37,67,6.32,6.49,12.0,893.1,2.06,0.237
2019-12-24,10.4,5.7,8.6,88,69,77,3.92,4.92,7.0,885.4,1.12,0.344
2019-12-25,8.4,3.3,5.7,93,66,84,1.13,5.57,1.1,888.5,0.75,0.312
2019-12-26,5.0,2.1,3.8,95,85,90,2.37,3.22,8.4,889.4,0.44,0.328
2019-12-27,6.6,2.5,4.3,90,55,72,2.93,5.13,5.6,896.3,0.87,0.338
2019-12-28,6.6,0.0,2.9,93,64,78,1.01,6.88,0.1,896.4,0.84,0.313
2019-12-29,5.6,1.8,3.5,99,75,89,1.26,5.14,1.9,897.9,0.62,0.303
2019-12-30,4.1,1.4,2.6,98,87,94,1.59,3.74,11.7,896.1,0.41,0.339
2019-12-31,8.4,1.3,3.7,96,50,81,1.03,8.01,0.6,901.2,0.95,0.346
2020-01-01,6.4,1.2,3.8,87,62,74,1.46,5.87,0.3,901.0,0.88,0.334
2020-01-02,5.5,1.8,3.6,87,60,74,2.85,5.19,0.8,902.0,0.88,0.321
2020-01-03,4.6,1.6,2.8,95,73,83,2.59,3.44,5.6,901.3,0.56,0.315
2020-01-04,5.6,-1.6,2.5,94,55,78,1.05,6.7,0.5,898.3,0.78,0.317
2020-01-05,6.1,-4.4,0.3,88,46,71,1.67,8.94,0.0,895.9,1.09,0.31
2020-01-06,5.2,1.1,3.7,92,77,87,3.72,2.84,32.7,892.9,0.52,0.357
2020-01-07,7.4,3.5,5.0,92,69,84,2.99,5.43,15.3,893.1,0.81,0.413
2020-01-08,4.7,3.1,3.7,94,77,86,3.02,3.1,4.6,897.0,0.56,0.395
2020-01-09,4.2,1.4,2.7,82,63,74,4.36,4.18,3.5,901.7,0.93,0.375
2020-01-10,3.5,-1.1,1.5,73,50,63,2.07,7.05,0.0,905.8,0.98,0.362
2020-01-11,6.0,-6.2,-0.9,87,43,70,1.16,11.4,0.0,906.7,1.21,0.351
2020-01-12,8.4,-3.1,1.8,85,48,69,1.27,8.3,0.0,904.6,1.09,0.343
2020-01-13,8.2,-1.1,3.0,81,45,67,1.16,10.55,0.0,907.6,1.3,0.335
2020-01-14,8.7,-3.3,1.6,90,54,76,1.62,10.07,0.0,906.2,1.19,0.331
2020-01-15,8.1,-1.6,2.5,100,63,86,1.5,7.68,0.0,907.9,0.94,0.329
2020-01-16,6.4,-1.3,2.1,94,63,81,2.04,10.71,0.0,905.1,1.17,0.324
2020-01-17,2.5,0.3,1.4,87,75,82,1.46,5.39,2.0,902.9,0.62,0.32
2020-01-18,3.3,-1.2,1.4,87,57,73,2.17,5.44,0.0,903.1,0.75,0.318
2020-01-19,4.1,-0.6,1.1,77,35,58,1.54,10.61,0.0,901.1,1.25,0.314
2020-01-20,2.3,-4.7,-0.5,78,48,60,2.41,8.89,1.4,907.3,1.1,0.31
2020-01-21,3.0,-1.4,1.1,77,51,64,5.54,6.96,1.8,910.9,1.29,0.307
2020-01-22,4.2,-3.0,-0.1,76,40,60,2.28,9.88,0.0,909.4,1.24,0.303
2020-01-23,9.1,-5.2,0.7,81,28,59,2.5,12.46,0.0,902.5,1.79,0.299
2020-01-24,2.5,-3.0,-0.8,67,36,53,5.08,11.51,0.0,909.0,1.62,0.293
2020-01-25,7.3,-5.7,-0.6,65,29,52,1.53,13.01,0.0,910.4,1.59,0.289
2020-01-26,12.0,-4.9,2.1,80,33,60,1.06,12.45,0.0,907.1,1.62,0.285
2020-01-27,11.9,-2.4,3.9,83,35,62,1.64,9.74,0.0,904.7,1.59,0.28
2020-01-28,10.1,2.8,5.6,91,65,81,2.27,6.08,3.3,899.4,0.95,0.288
2020-01-29,12.6,1.5,5.8,96,42,75,2.09,11.79,0.0,900.3,1.74,0.307
2020-01-30,11.0,3.7,7.2,84,58,73,3.56,6.47,2.2,896.3,1.33,0.297
2020-01-31,4.6,-0.9,2.1,90,35,56,4.45,11.29,2.3,899.5,1.68,0.319
2020-02-01,8.8,-3.0,2.5,76,43,59,2.17,9.81,0.0,901.1,1.49,0.303
2020-02-02,12.9,-0.8,4.9,85,39,66,1.61,13.74,0.0,904.4,1.92,0.29
2020-02-03,14.1,1.0,6.6,92,40,72,2.66,10.34,0.0,903.3,1.79,0.28
2020-02-04,14.6,5.8,9.6,84,44,67,2.52,9.3,0.0,898.5,1.83,0.273
2020-02-05,14.4,8.8,11.3,74,45,60,6.14,9.13,0.1,892.3,2.64,0.264
2020-02-06,11.8,4.8,9.4,72,47,65,6.19,9.46,7.8,890.7,2.25,0.313
2020-02-07,7.4,0.1,3.4,97,56,77,2.65,8.99,5.5,891.6,1.2,0.319
2020-02-08,-0.1,-8.7,-2.8,74,54,65,4.94,12.96,1.6,899.9,1.17,0.314
2020-02-09,-0.7,-11.1,-5.5,75,39,58,2.7,14.17,0.0,908.8,1.29,0.299
2020-02-10,0.7,-7.3,-3.9,67,39,56,2.11,15.26,0.0,907.6,1.46,0.29
2020-02-11,5.7,-5.7,-0.6,85,44,65,2.38,8.64,0.0,900.4,1.19,0.286
2020-02-12,11.6,0.0,5.2,89,56,76,2.8,9.55,0.0,900.2,1.46,0.281
2020-02-13,6.6,2.9,4.2,95,82,90,1.56,4.42,5.0,904.9,0.6,0.301
2020-02-14,8.6,-2.4,3.0,100,46,76,1.42,10.61,0.0,907.9,1.43,0.311
2020-02-15,11.2,2.7,6.6,73,36,56,1.55,9.93,0.0,901.7,1.71,0.297
2020-02-16,9.4,5.0,6.5,79,44,61,3.32,11.62,0.0,904.9,1.98,0.288
2020-02-17,9.0,1.1,4.4,76,34,57,3.04,16.37,0.0,906.4,2.26,0.277
2020-02-18,11.0,-2.5,3.6,83,41,64,1.33,16.38,0.0,903.5,2.14,0.268
2020-02-19,11.9,-1.6,5.0,86,41,65,1.56,15.63,0.0,900.4,2.14,0.261
2020-02-20,15.7,-1.7,6.4,87,30,62,2.1,16.42,0.0,896.8,2.62,0.255
2020-02-21,8.1,4.7,7.0,90,62,77,2.95,6.75,6.8,893.8,1.14,0.273
2020-02-22,7.3,3.8,5.3,90,61,77,2.28,7.52,1.6,898.8,1.19,0.326
2020-02-23,8.6,3.0,5.4,93,67,84,1.83,10.2,3.9,902.7,1.32,0.335
2020-02-24,13.6,2.1,7.2,97,44,75,1.6,16.3,0.0,900.5,2.24,0.321
2020-02-25,10.9,5.0,7.5,77,21,50,2.75,17.44,0.0,901.2,2.61,0.303
2020-02-26,19.8,-2.4,7.4,78,15,47,2.07,18.56,0.0,900.5,3.2,0.29
2020-02-27,14.9,3.6,9.1,82,34,57,3.64,11.01,0.0,900.3,2.57,0.276
2020-02-28,16.9,8.9,12.0,66,27,49,4.28,14.44,0.0,897.7,3.35,0.263
2020-02-29,11.8,4.4,8.2,93,40,68,3.43,11.25,8.2,891.0,1.92,0.273
2020-03-01,10.0,4.2,6.5,80,46,65,2.88,12.98,1.9,900.9,2.05,0.332
2020-03-02,17.5,-0.8,7.5,85,25,60,1.43,18.96,0.0,902.2,2.9,0.304
2020-03-03,20.6,0.3,10.1,91,17,55,1.6,19.08,0.0,904.1,3.27,0.284
2020-03-04,19.8,3.2,11.2,84,18,48,2.82,16.35,0.0,901.0,3.52,0.266
2020-03-05,18.6,6.3,11.3,70,25,46,4.07,16.48,0.8,895.7,3.71,0.251
2020-03-06,16.2,4.0,9.9,86,29,59,2.22,18.19,0.0,895.6,3.08,0.246
2020-03-07,20.5,1.9,11.2,84,16,52,1.61,19.74,0.0,901.1,3.36,0.238
2020-03-08,23.6,3.0,12.9,83,18,52,1.91,19.6,0.0,904.9,3.78,0.227
2020-03-09,21.7,6.5,13.9,85,20,48,3.82,17.75,0.0,899.4,4.48,0.214
2020-03-10,16.8,6.5,12.8,62,25,40,4.7,18.57,0.2,897.3,4.29,0.206
2020-03-11,16.8,1.5,9.3,87,28,56,1.38,18.75,0.0,900.7,3.04,0.189
2020-03-12,17.3,6.9,11.8,67,22,48,2.06,11.45,0.0,899.8,2.53,0.182
2020-03-13,14.8,10.4,12.3,79,45,66,1.71,4.78,6.1,893.8,1.21,0.201
2020-03-14,20.4,11.0,14.5,90,38,67,1.65,14.03,0.6,897.4,2.62,0.251
2020-03-15,20.9,6.7,13.2,90,33,62,3.21,17.36,0.0,898.5,3.58,0.242
2020-03-16,9.6,1.9,6.1,93,70,80,3.52,7.45,3.7,900.7,1.13,0.239
2020-03-17,2.0,-1.7,0.2,85,62,71,6.32,12.79,3.4,902.5,1.4,0.25
2020-03-18,3.5,-4.9,-0.5,70,45,61,3.87,18.2,0.0,900.2,1.89,0.246
2020-03-19,4.1,-1.1,1.1,85,64,78,3.81,15.93,5.9,897.5,1.55,0.249
2020-03-20,5.0,0.4,2.8,84,57,76,4.3,10.39,4.7,898.4,1.32,0.264
2020-03-21,11.1,2.5,5.9,84,35,62,2.83,16.91,0.0,901.2,2.49,0.275
2020-03-22,15.7,-3.4,6.8,89,24,55,1.27,22.82,0.0,899.9,3.4,0.262
2020-03-23,18.5,3.7,11.0,82,27,52,1.78,20.51,0.0,897.4,3.51,0.245
2020-03-24,18.1,5.0,10.6,87,25,63,1.35,19.33,0.8,895.0,3.23,0.234
2020-03-25,17.1,4.7,10.8,93,44,70,2.16,20.12,0.0,899.0,3.3,0.23
2020-03-26,18.3,6.4,12.7,84,33,58,1.68,20.55,0.4,898.4,3.52,0.219
2020-03-27,15.1,9.6,11.8,83,52,67,1.35,10.03,2.6,895.0,1.82,0.215
2020-03-28,16.0,6.6,10.7,93,40,70,2.27,16.78,2.7,893.6,2.77,0.239
2020-03-29,13.9,4.8,8.5,92,32,67,2.6,18.82,0.4,892.7,2.97,0.25
2020-03-30,13.5,2.6,8.3,86,42,63,1.97,14.89,0.0,895.6,2.51,0.243
2020-03-31,16.5,6.1,10.3,89,46,70,1.46,20.26,10.3,895.6,3.1,0.265
2020-04-01,15.3,7.9,11.0,89,48,70,1.91,14.63,4.4,895.1,2.4,0.33
2020-04-02,18.6,5.5,11.4,90,32,62,2.71,20.42,0.2,895.3,3.72,0.298
2020-04-03,13.6,6.7,10.0,70,35,54,2.92,20.51,1.6,897.1,3.29,0.282
2020-04-04,17.2,4.0,11.0,66,36,49,1.9,17.94,0.0,902.9,3.32,0.271
2020-04-05,22.7,11.7,16.2,56,24,41,3.95,19.87,0.0,897.7,4.92,0.253
2020-04-06,20.1,8.1,14.2,81,28,54,1.9,20.04,0.1,899.5,3.8,0.236
2020-04-07,15.4,6.1,10.7,79,48,62,3.26,19.86,0.7,901.4,3.29,0.226
2020-04-08,13.3,6.6,10.0,71,52,62,2.82,16.15,3.2,900.1,2.7,0.238
2020-04-09,13.7,8.5,10.5,83,52,70,1.92,17.97,5.2,897.0,2.8,0.266
2020-04-10,15.1,6.8,10.5,85,29,56,3.16,17.93,0.4,896.6,3.11,0.296
2020-04-11,16.7,2.9,10.2,68,21,43,2.96,26.24,0.0,900.9,4.42,0.266
2020-04-12,17.8,3.8,11.0,68,18,42,2.35,25.81,0.0,903.9,4.52,0.241
2020-04-13,19.0,3.0,11.8,69,17,41,1.58,25.77,0.0,903.9,4.56,0.219
2020-04-14,23.4,4.4,14.3,68,17,41,1.78,24.74,0.0,902.1,4.83,0.197
2020-04-15,20.1,7.5,13.4,89,24,54,2.93,14.7,0.0,901.0,3.42,0.186
2020-04-16,16.1,6.9,11.7,80,45,60,3.59,19.38,0.7,899.4,3.45,0.183
2020-04-17,21.2,5.7,13.6,78,29,51,1.67,26.27,0.0,902.1,4.56,0.186
2020-04-18,24.9,7.0,16.7,83,18,45,2.12,22.77,0.0,900.8,4.93,0.17
2020-04-19,24.8,7.7,17.1,76,11,42,1.48,25.71,0.0,900.8,5.0,0.151
2020-04-20,26.6,9.6,18.6,81,19,45,2.4,25.17,0.0,898.9,5.61,0.139
2020-04-21,23.2,13.8,17.6,64,29,48,1.49,16.95,0.0,898.5,3.62,0.127
2020-04-22,20.7,11.7,14.5,78,34,63,2.79,19.07,0.8,896.3,3.77,0.124
2020-04-23,13.4,8.5,10.7,79,43,61,3.21,12.93,0.3,898.6,2.54,0.131
2020-04-24,11.4,4.4,7.9,82,36,55,1.81,12.84,1.1,895.8,2.28,0.139
2020-04-25,18.8,5.3,12.0,85,12,47,2.1,27.07,0.0,892.4,4.64,0.148
2020-04-26,22.7,4.3,14.0,58,15,35,2.18,28.08,0.0,895.4,5.58,0.139
2020-04-27,24.0,6.0,15.6,78,13,40,2.29,26.55,0.0,897.3,5.49,0.131
2020-04-28,22.5,7.5,15.6,82,19,45,2.25,25.23,0.0,899.0,4.97,0.126
2020-04-29,23.7,9.4,17.0,68,19,42,2.13,24.16,0.0,899.8,5.18,0.121
2020-04-30,23.5,10.5,16.3,75,18,48,3.06,21.9,0.0,897.9,4.99,0.118
2020-05-01,17.6,10.6,14.3,81,46,63,1.49,19.34,3.2,896.9,3.41,0.122
2020-05-02,20.4,9.1,14.3,86,35,62,1.85,19.08,2.1,896.4,3.56,0.14
2020-05-03,20.6,9.9,14.7,80,31,55,3.46,20.8,1.4,893.7,4.38,0.154
2020-05-04,21.6,10.6,15.3,78,24,48,3.2,23.07,0.6,894.5,4.91,0.154
2020-05-05,19.1,8.9,13.8,74,35,57,2.22,23.19,3.4,896.3,4.24,0.153
2020-05-06,22.3,9.8,16.0,79,17,49,2.18,26.33,0.0,898.6,4.92,0.157
2020-05-07,23.7,9.2,16.7,73,28,47,3.55,22.81,2.2,897.5,5.11,0.15
2020-05-08,15.2,9.5,12.3,80,52,65,2.7,10.47,0.0,900.7,2.3,0.15
2020-05-09,20.4,9.0,14.6,69,20,43,2.85,28.82,0.0,901.0,5.36,0.14
2020-05-10,24.1,7.0,16.2,67,13,38,1.75,28.99,0.0,902.5,5.64,0.132
2020-05-11,28.2,10.9,20.0,55,14,35,2.04,28.45,0.0,905.2,6.25,0.124
2020-05-12,33.2,11.4,22.9,83,10,39,2.9,28.92,0.0,904.4,7.31,0.113
2020-05-13,31.1,13.8,23.1,78,3,35,1.96,29.45,0.0,904.8,6.62,0.103
2020-05-14,30.6,14.6,23.2,45,9,27,2.11,29.4,0.0,905.7,6.84,0.102
2020-05-15,33.0,15.7,25.0,52,6,27,2.28,29.02,0.0,907.0,7.13,0.101
2020-05-16,35.7,16.6,26.7,47,7,24,2.63,28.41,0.0,907.6,7.79,0.101
2020-05-17,33.3,19.2,26.5,39,7,22,3.04,29.44,0.0,910.4,7.95,0.1
2020-05-18,34.8,17.3,26.8,31,9,20,2.2,27.56,0.0,908.4,7.24,0.098
2020-05-19,34.9,18.2,26.9,37,7,23,2.38,28.22,0.0,907.1,7.41,0.097
2020-05-20,34.1,17.9,26.8,35,9,22,2.22,27.31,0.0,903.6,7.25,0.097
2020-05-21,33.8,17.3,26.2,46,8,23,4.17,26.87,0.2,899.6,8.53,0.094
2020-05-22,28.1,10.6,21.4,71,12,32,4.96,27.93,1.2,897.0,7.44,0.095
2020-05-23,18.1,7.2,12.4,67,23,38,4.43,30.07,0.0,902.7,5.91,0.104
2020-05-24,18.5,8.5,13.4,55,22,37,7.27,27.57,0.0,903.2,6.0,0.106
2020-05-25,22.4,7.6,15.5,51,13,30,2.58,30.43,0.0,903.9,5.88,0.104
2020-05-26,28.3,10.2,19.9,37,15,21,3.3,29.97,0.0,902.7,7.25,0.102
2020-05-27,28.4,12.2,20.4,56,12,31,3.71,30.45,0.0,900.4,7.39,0.099
2020-05-28,26.4,9.9,18.3,64,12,34,3.06,30.98,0.0,898.7,6.93,0.096
2020-05-29,21.1,9.5,15.6,65,20,41,2.72,27.25,0.0,899.8,5.25,0.097
2020-05-30,23.4,8.8,16.7,54,22,37,2.64,27.42,0.0,902.2,5.81,0.099
2020-05-31,26.7,9.0,18.5,69,19,40,2.64,29.04,0.0,901.8,6.46,0.1
2020-06-01,26.2,10.3,18.1,71,17,41,3.33,26.82,0.1,898.4,6.08,0.1
2020-06-02,21.9,11.8,16.9,65,32,48,1.72,24.25,1.2,894.5,4.73,0.104
2020-06-03,24.5,10.9,18.0,73,27,47,2.32,27.24,0.0,896.6,5.75,0.115
2020-06-04,26.2,10.0,18.5,77,15,43,1.93,27.43,0.0,900.1,5.83,0.112
2020-06-05,29.1,10.8,20.9,63,12,35,1.48,30.53,0.0,904.4,6.32,0.106
2020-06-06,33.2,14.0,24.2,61,4,29,1.95,30.86,0.0,903.4,7.14,0.101
2020-06-07,34.4,14.4,25.4,46,10,23,3.13,28.84,0.0,900.1,8.11,0.096
2020-06-08,33.3,14.8,24.8,43,13,25,2.64,29.61,0.0,898.1,7.66,0.093
2020-06-09,33.5,15.0,25.2,46,9,27,1.82,30.97,0.0,899.2,7.24,0.092
2020-06-10,31.8,15.9,24.9,58,16,33,2.81,28.18,0.0,898.8,7.35,0.091
2020-06-11,30.0,15.2,22.8,59,22,38,2.88,27.99,0.3,897.2,6.86,0.091
2020-06-12,27.8,14.6,21.0,71,24,45,2.75,27.04,0.0,896.4,6.24,0.094
2020-06-13,24.4,13.1,18.5,75,32,51,2.1,25.19,1.2,895.3,5.18,0.108
2020-06-14,24.9,14.3,19.9,65,31,47,1.44,21.72,0.0,897.1,4.63,0.115
2020-06-15,29.6,13.3,22.2,78,25,47,2.22,24.91,0.0,899.4,5.91,0.116
2020-06-16,30.7,15.9,24.1,76,21,43,2.45,29.38,0.0,900.0,7.03,0.115
2020-06-17,31.5,17.1,24.9,69,22,39,3.18,26.98,0.1,899.4,7.15,0.113
2020-06-18,28.0,16.1,21.5,72,29,46,2.33,27.13,5.4,896.4,5.93,0.117
2020-06-19,23.2,17.3,20.4,70,44,54,2.54,19.0,0.2,897.5,4.33,0.136
2020-06-20,25.5,15.4,21.1,74,36,51,2.68,21.54,0.3,899.2,4.93,0.142
2020-06-21,30.0,16.0,23.4,65,23,42,2.38,26.69,1.3,897.3,6.3,0.139
2020-06-22,32.0,14.6,23.8,74,20,42,1.6,30.23,0.0,896.9,6.65,0.135
2020-06-23,30.9,15.8,23.4,81,18,46,3.23,30.51,0.0,899.5,7.4,0.125
2020-06-24,29.7,15.2,23.0,72,24,43,2.0,27.37,0.0,903.2,6.14,0.12
2020-06-25,30.0,17.1,24.2,51,28,36,2.61,30.46,0.0,904.1,7.2,0.117
2020-06-26,29.7,19.3,24.6,55,26,39,3.1,26.29,0.0,902.2,6.6,0.116
2020-06-27,29.6,18.7,24.5,56,23,38,3.25,30.66,0.0,902.0,7.4,0.116
2020-06-28,30.9,18.1,25.0,51,23,37,3.16,30.67,0.0,900.6,7.53,0.114
2020-06-29,31.8,18.3,25.7,47,19,31,2.36,30.78,0.0,898.1,7.35,0.116
2020-06-30,31.8,19.3,26.2,40,17,28,2.88,28.76,0.0,897.0,7.51,0.115
2020-07-01,30.6,18.2,24.8,39,21,29,3.86,30.83,0.0,900.5,8.1,0.116
2020-07-02,31.5,19.2,25.6,45,19,31,3.08,30.78,0.0,899.7,7.71,0.115
2020-07-03,34.0,18.5,27.2,39,19,27,1.98,29.27,0.0,898.7,7.14,0.114
2020-07-04,35.6,19.5,28.7,44,13,26,2.3,30.68,0.0,899.7,7.84,0.116
2020-07-05,35.7,20.1,28.8,37,15,23,2.68,30.62,0.0,897.6,8.21,0.117
2020-07-06,34.8,21.4,28.7,41,12,24,2.77,30.41,0.0,895.0,8.15,0.118
2020-07-07,37.1,20.2,28.9,47,12,28,2.04,30.48,0.0,894.0,7.67,0.114
2020-07-08,35.2,18.2,27.1,67,12,36,2.44,30.77,0.0,897.4,7.82,0.109
2020-07-09,31.3,22.0,26.6,57,26,38,4.56,29.22,0.0,901.3,8.11,0.109
2020-07-10,29.7,19.0,24.5,61,33,44,3.51,29.89,0.0,901.8,7.09,0.112
2020-07-11,31.9,19.5,25.4,59,27,43,2.81,30.01,0.0,901.4,7.14,0.12
2020-07-12,33.2,18.4,26.8,53,21,34,2.4,30.15,0.0,898.0,7.42,0.118
2020-07-13,31.9,21.9,26.8,50,24,35,3.07,28.28,0.0,897.1,7.34,0.115
2020-07-14,32.7,19.9,26.5,47,26,36,1.93,27.69,0.0,898.9,6.62,0.116
2020-07-15,35.8,20.4,28.2,59,18,35,2.48,29.08,0.0,900.1,7.77,0.117
2020-07-16,35.8,19.1,27.5,50,14,32,2.4,30.37,0.0,897.7,7.89,0.113
2020-07-17,33.0,19.3,26.2,57,25,40,2.43,29.41,0.0,896.6,7.15,0.111
2020-07-18,34.8,21.5,28.4,50,20,35,2.73,28.53,0.0,897.8,7.6,0.108
2020-07-19,38.0,21.5,30.6,46,16,28,1.78,29.05,0.0,898.9,7.29,0.102
2020-07-20,37.1,22.2,30.2,74,20,43,1.93,29.41,0.0,899.7,7.45,0.1
2020-07-21,32.6,23.4,27.9,46,22,34,4.18,29.4,0.0,902.0,8.4,0.1
2020-07-22,30.5,21.7,26.0,49,23,33,4.57,30.01,0.0,900.5,8.35,0.101
2020-07-23,30.5,19.3,24.9,55,24,37,3.7,29.98,0.0,898.8,7.53,0.101
2020-07-24,31.7,19.3,25.6,55,20,35,2.74,29.73,0.0,898.1,7.24,0.102
2020-07-25,33.2,18.7,26.4,40,15,26,2.39,29.79,0.0,897.8,7.33,0.101
2020-07-26,35.6,18.8,28.4,32,13,23,1.16,28.67,0.0,899.0,6.47,0.1
2020-07-27,36.0,21.1,29.1,65,18,35,1.52,29.27,0.0,899.8,6.71,0.103
2020-07-28,34.3,21.6,28.2,60,25,38,2.55,28.52,0.0,899.2,7.27,0.103
2020-07-29,34.0,22.6,28.4,43,23,31,2.81,28.93,0.0,902.7,7.67,0.103
2020-07-30,34.8,20.9,28.4,40,18,26,2.44,29.28,0.0,903.1,7.61,0.102
2020-07-31,34.2,20.0,27.8,36,21,29,2.55,29.04,0.0,900.9,7.53,0.102
2020-08-01,34.6,20.9,28.3,45,17,30,2.12,28.47,0.0,897.2,7.18,0.104
2020-08-02,33.3,21.6,27.6,45,21,32,2.46,24.93,0.0,897.3,6.69,0.104
2020-08-03,31.4,20.4,25.9,59,17,36,2.78,26.2,0.0,900.1,6.69,0.106
2020-08-04,31.5,18.1,25.3,35,17,25,2.85,29.27,0.0,898.7,7.39,0.106
2020-08-05,33.2,17.8,25.9,34,13,24,2.6,28.95,0.0,897.5,7.32,0.108
2020-08-06,34.0,18.1,26.5,32,12,22,2.54,29.14,0.0,900.0,7.41,0.111
2020-08-07,36.2,17.1,27.9,31,12,19,1.69,28.62,0.0,900.2,6.9,0.115
2020-08-08,36.8,21.7,29.9,35,9,18,1.5,27.72,0.0,896.0,6.62,0.113
2020-08-09,35.4,20.2,28.1,59,17,31,2.17,25.49,0.0,894.1,6.7,0.104
2020-08-10,31.4,21.8,26.5,42,24,32,3.37,24.49,0.0,896.8,6.89,0.105
2020-08-11,31.8,21.1,26.4,46,24,34,3.23,25.68,0.0,900.5,6.97,0.106
2020-08-12,32.0,19.4,25.8,45,19,32,2.65,27.59,0.0,900.6,6.95,0.109
2020-08-13,31.9,18.9,25.6,40,21,30,2.79,26.59,0.0,900.5,6.96,0.114
2020-08-14,29.4,19.7,24.5,39,19,30,3.53,27.42,0.0,900.4,7.14,0.114
2020-08-15,28.8,18.2,23.0,38,13,26,3.66,28.07,0.0,899.7,7.29,0.108
2020-08-16,28.9,14.5,22.5,32,17,25,2.62,27.79,0.0,898.4,6.64,0.108
2020-08-17,29.0,15.8,23.0,40,23,31,2.68,27.3,0.0,899.1,6.57,0.108
2020-08-18,30.6,14.9,23.4,49,16,31,2.13,27.29,0.0,898.1,6.35,0.111
2020-08-19,33.6,16.0,25.6,29,12,20,1.49,27.17,0.0,896.4,6.19,0.112
2020-08-20,35.2,18.3,26.9,60,16,34,2.71,26.59,0.0,895.4,7.21,0.11
2020-08-21,29.5,19.3,24.5,43,23,33,3.4,26.22,0.0,899.0,6.9,0.107
2020-08-22,28.4,19.3,23.6,50,26,39,4.51,23.5,0.0,901.2,6.5,0.106
2020-08-23,28.8,17.5,23.5,47,23,33,3.01,26.43,0.0,899.8,6.59,0.11
2020-08-24,30.2,16.6,23.7,40,14,27,2.4,26.52,0.0,899.4,6.45,0.105
2020-08-25,32.6,14.1,24.1,32,10,21,1.64,26.73,0.0,899.4,6.13,0.106
2020-08-26,33.6,16.5,25.6,41,11,24,1.84,24.08,0.0,899.3,6.05,0.108
2020-08-27,33.1,18.9,26.1,46,18,31,2.46,25.1,0.0,899.5,6.42,0.105
2020-08-28,33.0,18.5,26.0,37,16,25,2.13,25.68,0.0,900.1,6.4,0.105
2020-08-29,34.4,18.0,26.2,36,12,23,2.34,25.75,0.0,901.9,6.73,0.104
2020-08-30,35.8,18.4,26.9,23,12,17,2.24,25.64,0.0,902.1,6.76,0.107
2020-08-31,35.5,17.1,26.6,30,10,18,1.9,25.58,0.0,899.8,6.38,0.11
2020-09-01,36.4,17.9,27.2,36,10,21,2.04,24.61,0.0,897.4,6.52,0.113
2020-09-02,36.3,18.0,27.3,48,15,29,2.05,24.8,0.0,901.2,6.41,0.107
2020-09-03,38.7,19.0,28.8,54,10,29,2.01,24.37,0.0,905.3,6.59,0.105
2020-09-04,39.5,18.5,28.9,42,11,24,3.11,24.49,0.0,902.9,7.69,0.106
2020-09-05,29.3,19.6,24.5,70,28,47,2.76,20.8,0.0,901.1,5.42,0.106
2020-09-06,29.6,17.2,23.5,57,29,42,2.24,23.54,0.0,901.0,5.47,0.107
2020-09-07,31.8,17.0,24.8,50,23,34,1.73,23.86,0.0,903.1,5.62,0.105
2020-09-08,32.8,16.7,25.4,45,17,28,1.92,23.86,0.0,904.7,5.93,0.103
2020-09-09,29.2,19.9,24.4,52,26,35,3.85,23.25,0.0,905.5,6.5,0.103
2020-09-10,29.1,18.0,23.1,59,30,45,2.58,22.8,0.0,902.1,5.36,0.103
2020-09-11,33.5,17.2,25.2,55,17,35,1.63,22.15,0.0,899.5,5.11,0.105
2020-09-12,30.6,17.5,24.0,49,25,36,2.04,17.6,0.3,901.7,4.47,0.108
2020-09-13,31.3,16.6,24.1,68,23,42,1.23,21.98,0.0,904.0,4.78,0.112
2020-09-14,31.2,18.6,24.8,57,28,40,2.53,21.34,0.0,905.3,5.48,0.109
2020-09-15,30.9,19.8,24.6,65,29,45,2.59,21.87,0.0,905.6,5.41,0.106
2020-09-16,31.3,18.4,24.1,48,22,36,2.46,21.98,0.0,903.8,5.58,0.106
2020-09-17,32.9,16.5,24.9,42,17,28,1.24,21.85,0.0,903.1,4.79,0.106
2020-09-18,33.5,16.3,25.1,67,19,38,1.94,20.41,0.0,903.0,5.25,0.102
2020-09-19,30.3,18.8,24.3,53,30,41,2.65,20.21,0.4,901.8,5.21,0.101
2020-09-20,29.5,17.8,23.3,53,26,38,1.97,20.82,0.0,900.1,4.95,0.102
2020-09-21,26.7,17.5,22.0,54,35,43,2.69,20.07,0.0,901.9,4.85,0.103
2020-09-22,28.3,15.2,21.4,59,29,45,1.89,20.61,0.0,904.3,4.6,0.104
2020-09-23,29.9,14.4,22.2,58,22,39,1.52,20.78,0.0,903.2,4.65,0.104
2020-09-24,30.9,15.6,23.2,50,23,35,1.63,19.37,0.0,901.8,4.66,0.103
2020-09-25,27.0,17.9,21.7,65,34,48,1.64,16.51,0.1,900.0,3.67,0.105
2020-09-26,31.0,14.0,22.6,78,22,48,1.86,20.17,0.0,899.5,4.7,0.105
2020-09-27,33.2,16.4,24.6,77,16,43,3.4,20.15,0.0,903.6,5.99,0.101
2020-09-28,33.0,14.2,23.4,70,19,42,1.75,19.91,0.0,907.4,4.77,0.103
2020-09-29,33.1,17.7,24.2,53,20,37,2.38,18.31,0.0,905.5,5.04,0.103
2020-09-30,26.2,15.4,20.8,61,33,46,2.42,18.27,0.0,896.9,4.24,0.103
2020-10-01,28.0,12.8,20.2,58,26,40,1.88,18.47,0.0,896.5,4.32,0.103
2020-10-02,26.7,11.8,18.9,82,20,48,1.29,19.0,0.0,901.8,3.8,0.105
2020-10-03,26.8,10.8,18.4,50,16,34,1.96,19.17,0.0,904.6,4.37,0.104
2020-10-04,26.3,10.7,18.6,44,16,29,1.85,19.39,0.0,905.9,4.32,0.103
2020-10-05,28.6,10.4,19.4,38,14,25,1.96,19.18,0.0,907.1,4.52,0.102
2020-10-06,30.8,11.9,20.9,37,16,25,1.88,18.59,0.0,905.9,4.63,0.101
2020-10-07,31.6,13.1,22.5,41,15,26,1.53,17.7,0.1,904.4,4.24,0.102
2020-10-08,31.7,14.5,23.1,51,17,30,2.41,15.93,0.0,904.3,4.79,0.108
2020-10-09,30.5,16.6,23.6,43,14,26,4.24,17.99,0.0,903.5,6.4,0.105
2020-10-10,29.3,14.4,21.0,60,20,36,2.37,17.28,0.0,902.9,4.51,0.102
2020-10-11,27.5,11.4,19.1,84,29,53,1.66,17.61,0.0,903.0,3.74,0.098
2020-10-12,28.2,10.2,19.0,87,22,54,2.16,17.69,0.0,902.7,4.07,0.098
2020-10-13,28.4,12.0,19.6,80,20,47,2.24,17.15,0.0,902.1,4.07,0.096
2020-10-14,30.0,11.9,20.1,79,15,46,2.53,17.26,0.0,904.0,4.47,0.099
2020-10-15,25.7,11.4,18.7,78,25,48,1.49,17.16,0.0,905.6,3.48,0.099
2020-10-16,27.1,10.7,18.4,56,17,36,1.26,17.13,0.0,903.9,3.56,0.097
2020-10-17,27.4,9.4,18.1,59,14,31,1.44,17.07,0.0,903.6,3.69,0.097
2020-10-18,27.8,11.3,18.7,50,18,33,1.96,13.41,0.0,903.1,3.64,0.096
2020-10-19,22.2,10.8,16.7,79,42,53,1.36,13.07,0.2,905.3,2.63,0.094
2020-10-20,24.0,12.2,17.2,88,33,63,1.75,14.13,0.0,905.1,2.95,0.095
2020-10-21,21.7,10.8,15.8,90,42,71,1.46,12.6,0.5,906.2,2.27,0.099
2020-10-22,23.9,11.0,16.6,83,31,58,1.4,14.24,0.0,907.4,2.82,0.118
2020-10-23,25.1,10.4,17.5,61,26,44,1.93,15.34,0.0,906.3,3.47,0.125
2020-10-24,26.8,9.4,17.6,68,12,40,1.21,15.24,0.0,904.3,3.11,0.126
2020-10-25,27.0,9.9,17.7,48,11,30,1.43,15.58,0.0,902.9,3.36,0.127
2020-10-26,27.5,9.0,17.8,52,17,32,2.2,14.2,0.0,902.4,3.77,0.122
2020-10-27,27.7,10.4,18.7,55,16,32,2.33,13.35,0.0,902.2,3.88,0.12
2020-10-28,25.2,11.1,17.6,57,20,40,2.71,13.54,0.0,902.3,3.65,0.114
2020-10-29,23.4,8.7,15.4,85,27,55,2.67,10.89,0.0,903.0,2.9,0.108
2020-10-30,23.1,8.8,15.5,85,27,57,2.23,12.86,0.0,902.4,2.96,0.105
2020-10-31,17.4,9.1,13.0,84,58,69,2.13,9.71,0.0,901.8,1.81,0.103
2020-11-01,18.2,6.9,12.4,85,40,59,1.66,11.44,0.0,902.2,2.34,0.101
2020-11-02,16.4,6.1,10.6,74,30,49,1.92,11.89,0.0,904.9,2.3,0.101
2020-11-03,18.7,4.4,11.3,60,31,45,1.44,12.32,0.0,903.0,2.32,0.101
2020-11-04,12.7,6.8,8.5,89,55,80,3.56,4.5,6.9,899.0,0.92,0.153
2020-11-05,13.5,7.9,10.5,84,66,77,5.35,1.72,2.9,899.5,1.14,0.203
2020-11-06,14.0,9.8,12.5,76,58,67,4.1,4.77,0.2,903.8,1.69,0.207
2020-11-07,13.8,7.3,10.1,75,44,61,3.21,13.27,0.0,907.6,2.34,0.199
2020-11-08,14.1,4.4,8.7,76,43,62,2.26,13.46,0.0,907.8,2.09,0.189
2020-11-09,17.1,2.9,9.1,84,36,63,1.4,12.87,0.0,905.6,2.07,0.181
2020-11-10,17.4,3.5,9.7,83,35,61,1.84,12.85,0.0,905.0,2.21,0.174
2020-11-11,14.9,4.2,8.8,81,45,66,2.38,12.18,0.0,906.5,2.0,0.166
2020-11-12,14.6,2.2,8.0,84,38,63,1.58,13.05,0.0,907.9,1.97,0.161
2020-11-13,15.9,0.5,7.7,85,33,59,1.02,12.95,0.0,907.5,1.93,0.162
2020-11-14,16.4,3.3,9.4,80,42,63,0.93,11.18,0.8,903.5,1.74,0.164
2020-11-15,13.6,6.5,9.1,83,40,61,2.37,9.86,1.7,903.3,1.82,0.183
2020-11-16,14.0,2.3,7.9,85,39,63,1.55,12.29,0.0,904.3,1.86,0.182
2020-11-17,16.0,1.5,7.8,83,35,60,1.32,12.25,0.0,906.4,1.91,0.177
2020-11-18,14.4,1.8,7.3,83,40,64,1.53,12.11,0.0,906.1,1.85,0.174
2020-11-19,9.7,2.1,6.1,85,52,71,2.16,7.07,1.2,902.1,1.17,0.17
2020-11-20,9.3,4.5,6.6,89,67,80,1.64,7.04,2.5,896.9,1.05,0.187
2020-11-21,11.0,6.2,8.1,82,55,68,2.01,5.43,0.0,903.4,1.11,0.2
2020-11-22,11.5,3.3,6.9,84,50,68,1.4,11.11,0.0,908.9,1.52,0.193
2020-11-23,10.6,-1.1,4.4,86,35,62,1.27,11.88,0.0,909.2,1.55,0.188
2020-11-24,12.3,-1.7,3.7,77,26,55,1.25,11.49,0.0,903.0,1.69,0.183
2020-11-25,9.2,-0.7,4.3,76,45,59,3.12,10.92,0.0,901.2,1.74,0.174
2020-11-26,7.9,2.1,4.7,76,42,60,3.31,7.85,0.0,903.5,1.46,0.164
2020-11-27,8.8,-2.1,2.9,79,38,62,1.62,11.07,0.0,905.7,1.42,0.157
2020-11-28,11.5,-2.3,3.5,80,30,58,1.06,11.27,0.0,904.9,1.5,0.154
2020-11-29,12.3,-2.1,4.0,74,29,55,1.08,11.28,0.0,904.1,1.54,0.15
2020-11-30,10.8,0.2,5.1,80,44,63,0.98,8.12,2.0,900.8,1.15,0.153
2020-12-01,11.6,5.5,7.9,88,52,73,1.0,5.79,0.0,899.8,0.97,0.172
2020-12-02,14.1,4.3,9.0,89,43,67,1.28,9.45,0.0,902.7,1.54,0.168
2020-12-03,14.7,3.3,8.6,89,39,64,1.53,9.63,0.0,904.0,1.66,0.161
2020-12-04,15.0,3.5,9.0,83,37,60,1.95,9.82,0.0,902.6,1.78,0.153
2020-12-05,14.4,2.7,7.8,79,32,55,1.27,10.5,0.0,901.6,1.7,0.149
2020-12-06,13.2,-1.4,4.8,80,31,58,1.57,10.79,0.0,901.0,1.63,0.147
2020-12-07,16.8,-1.5,6.3,84,28,60,1.84,9.35,0.3,899.6,1.69,0.143
2020-12-08,13.5,4.2,8.6,87,64,77,1.96,6.24,1.2,899.3,1.1,0.145
2020-12-09,11.3,1.6,5.2,97,63,85,1.42,7.5,0.0,904.4,0.98,0.155
2020-12-10,14.9,-0.4,6.5,93,42,74,2.09,9.76,0.0,903.1,1.54,0.152
2020-12-11,12.8,7.3,8.9,87,52,77,2.85,6.08,2.3,899.1,1.15,0.164
2020-12-12,13.1,7.3,9.6,87,59,76,3.44,6.4,0.0,897.3,1.35,0.171
2020-12-13,12.7,8.1,9.9,81,58,74,3.72,4.49,2.5,896.9,1.25,0.191
2020-12-14,10.0,6.9,8.5,85,76,81,2.54,4.28,3.4,892.3,0.82,0.215
2020-12-15,11.6,5.0,7.9,90,64,81,1.82,6.99,0.0,895.0,1.04,0.223
2020-12-16,11.9,7.0,9.1,86,58,76,3.27,5.62,0.5,902.3,1.16,0.225
2020-12-17,10.0,6.8,8.0,88,61,76,2.0,5.73,0.0,907.4,0.94,0.22
2020-12-18,10.1,5.3,7.1,82,49,67,1.13,9.06,0.0,907.8,1.23,0.211
2020-12-19,9.5,2.2,5.1,86,47,69,1.14,9.62,0.0,908.9,1.23,0.203
2020-12-20,10.0,-1.6,3.1,89,39,67,0.88,10.36,0.0,907.4,1.26,0.197
2020-12-21,7.8,-1.9,2.6,93,59,77,0.91,7.65,0.2,906.0,0.94,0.196
2020-12-22,7.1,0.3,3.5,90,60,75,1.39,8.78,0.0,904.8,1.09,0.198
2020-12-23,5.8,-0.5,3.8,73,47,59,1.42,8.84,0.0,904.8,1.15,0.191
2020-12-24,7.8,-2.6,1.4,80,42,67,1.13,10.21,0.0,905.0,1.2,0.186
2020-12-25,14.5,-1.5,4.6,84,34,64,1.86,10.21,0.0,904.1,1.57,0.181
2020-12-26,14.0,2.1,6.4,91,40,70,1.81,9.33,0.0,905.7,1.41,0.176
2020-12-27,12.8,0.2,5.5,94,39,68,1.65,8.59,0.0,905.3,1.38,0.171
2020-12-28,13.0,2.0,6.5,81,28,55,2.34,7.31,0.0,902.7,1.65,0.167
2020-12-29,14.4,1.4,7.1,85,39,58,1.23,7.58,0.0,904.5,1.25,0.162
2020-12-30,14.2,-0.2,6.3,90,37,66,1.28,10.42,0.0,904.3,1.53,0.159
2020-12-31,14.7,-1.1,5.7,88,32,65,1.38,10.47,0.0,901.7,1.53,0.155
2021-01-01,13.8,-1.0,6.1,85,30,62,1.37,9.45,0.0,902.6,1.4,0.151
2021-01-02,12.8,1.1,6.3,85,37,64,1.35,9.51,0.0,906.0,1.42,0.147
2021-01-03,10.9,-0.4,5.0,85,48,68,1.04,8.75,0.0,906.0,1.18,0.146
2021-01-04,12.8,-0.5,5.1,88,45,71,1.41,8.5,0.0,903.7,1.26,0.144
2021-01-05,14.4,3.9,8.3,83,44,66,2.59,8.4,0.2,902.2,1.65,0.142
2021-01-06,13.8,1.5,7.3,90,48,71,1.11,8.72,0.0,905.9,1.27,0.142
2021-01-07,16.1,-0.2,7.4,92,36,66,1.48,10.93,0.0,904.7,1.6,0.14
2021-01-08,16.8,2.2,8.2,89,35,68,2.04,10.25,0.0,903.7,1.79,0.136
2021-01-09,17.0,1.3,8.6,89,34,65,2.06,10.36,0.3,903.1,1.86,0.132
2021-01-10,18.8,4.3,10.9,85,39,64,2.26,10.56,0.2,905.1,2.0,0.131
2021-01-11,16.3,6.0,10.3,85,52,73,2.32,4.54,0.0,906.1,1.17,0.129
2021-01-12,20.5,7.1,13.0,86,30,60,3.71,9.87,0.0,903.3,2.81,0.125
2021-01-13,13.9,4.6,10.6,87,43,66,5.39,3.97,10.1,891.6,1.97,0.175
2021-01-14,6.9,2.7,4.2,94,69,85,1.36,7.91,2.7,889.7,0.89,0.272
2021-01-15,10.7,-2.1,3.5,90,45,73,3.19,10.16,0.9,892.8,1.48,0.262
2021-01-16,8.9,0.4,4.0,91,62,81,2.28,6.68,0.3,892.4,0.96,0.254
2021-01-17,7.3,-1.1,5.2,78,36,60,3.03,9.85,0.1,887.6,1.61,0.25
2021-01-18,1.3,-4.6,-2.3,84,58,74,2.28,6.88,1.1,897.1,0.78,0.238
2021-01-19,-1.2,-5.5,-3.7,75,49,61,2.35,11.86,0.1,900.5,1.13,0.231
2021-01-20,-0.7,-6.6,-3.9,71,38,52,3.0,11.32,0.0,905.7,1.18,0.226
2021-01-21,6.0,-7.0,-1.4,66,27,49,1.73,12.33,0.0,911.1,1.49,0.224
2021-01-22,8.9,-4.7,1.4,87,34,60,1.15,12.48,0.0,909.5,1.55,0.218
2021-01-23,10.8,-3.7,2.8,88,30,61,1.27,12.6,0.0,905.1,1.66,0.212
2021-01-24,11.7,-0.3,4.3,85,35,64,2.38,11.03,0.0,902.2,1.73,0.208
2021-01-25,9.2,0.1,4.7,82,48,68,3.44,5.28,0.0,900.9,1.29,0.202
2021-01-26,11.1,5.8,8.2,79,54,69,5.2,6.43,0.0,901.8,1.7,0.199
2021-01-27,13.3,5.7,8.3,76,30,60,6.5,9.06,5.5,892.0,2.51,0.205
2021-01-28,7.4,2.4,4.5,61,31,49,3.77,11.56,0.0,892.3,2.05,0.247
2021-01-29,4.7,-1.9,1.3,85,35,59,1.84,12.26,0.5,895.7,1.45,0.236
2021-01-30,7.3,-3.9,1.5,88,40,68,3.26,6.76,6.4,893.0,1.12,0.242
2021-01-31,12.3,1.6,6.1,91,45,73,2.18,11.16,1.4,896.0,1.67,0.294
2021-02-01,14.9,5.1,8.6,84,39,69,3.14,12.01,0.0,903.0,2.11,0.266
2021-02-02,15.7,3.4,8.8,85,38,65,2.21,11.44,0.0,903.4,2.05,0.248
2021-02-03,14.4,4.7,8.6,87,49,72,1.21,9.09,0.4,901.6,1.48,0.239
2021-02-04,15.3,1.2,7.9,95,42,75,1.31,12.91,0.0,900.7,1.87,0.237
2021-02-05,15.0,2.5,8.4,88,34,63,1.66,13.94,0.0,903.3,2.14,0.225
2021-02-06,18.9,0.4,8.6,89,18,57,1.63,14.55,0.0,903.0,2.45,0.214
2021-02-07,21.4,1.0,9.9,88,11,54,2.21,14.86,0.0,902.4,2.94,0.201
2021-02-08,16.1,6.8,10.9,73,28,53,2.64,5.74,0.0,903.1,1.99,0.187
2021-02-09,19.7,4.6,11.3,80,13,49,2.92,14.92,0.0,903.0,3.22,0.177
2021-02-10,16.1,2.5,8.6,78,30,55,2.7,14.05,0.0,901.4,2.61,0.167
2021-02-11,20.8,1.0,9.7,85,16,55,2.58,15.53,0.0,901.0,3.09,0.158
2021-02-12,15.8,6.2,10.1,76,27,55,3.37,13.99,0.0,899.1,2.81,0.147
2021-02-13,12.6,2.4,6.4,70,21,51,1.83,13.69,0.0,902.9,2.25,0.14
2021-02-14,17.0,0.4,8.1,69,21,45,2.06,15.32,0.0,899.3,2.77,0.129
2021-02-15,13.2,-1.3,7.0,84,40,65,3.85,9.36,3.7,894.9,1.94,0.119
2021-02-16,-1.2,-4.6,-2.9,89,73,81,4.27,8.91,6.9,893.0,0.81,0.13
2021-02-17,-3.1,-9.4,-5.1,88,69,79,5.6,12.98,5.6,894.2,0.93,0.13
2021-02-18,-1.7,-17.6,-8.9,79,53,65,1.86,17.86,0.0,899.5,1.44,0.131
2021-02-19,1.4,-5.8,-2.9,75,57,65,1.86,13.87,0.0,905.6,1.31,0.131
2021-02-20,2.9,-7.7,-2.5,72,39,58,1.53,17.99,0.0,908.1,1.81,0.131
2021-02-21,5.2,-5.6,-0.9,68,22,49,1.47,17.64,0.0,910.0,1.95,0.136
2021-02-22,7.4,-4.2,0.8,69,19,47,1.55,17.85,0.0,911.2,2.2,0.142
2021-02-23,11.3,-3.4,3.4,69,17,45,2.15,17.68,0.0,911.1,2.61,0.143
2021-02-24,15.0,-1.0,6.9,77,22,46,2.3,17.76,0.0,908.6,2.96,0.137
2021-02-25,9.8,2.1,5.6,72,41,55,3.48,14.35,0.0,909.3,2.28,0.133
2021-02-26,12.1,-0.6,5.4,82,23,54,2.31,18.19,0.0,908.8,2.67,0.132
2021-02-27,14.9,-1.7,6.0,78,14,48,1.46,18.66,0.0,902.8,2.81,0.129
2021-02-28,14.6,-1.0,6.8,77,26,49,2.66,17.71,0.0,901.2,3.12,0.125
2021-03-01,8.3,0.1,3.8,60,30,46,3.12,17.34,0.0,905.2,2.56,0.12
2021-03-02,6.6,-1.3,2.4,84,33,56,2.32,12.38,1.5,904.6,1.82,0.12
2021-03-03,7.2,1.2,3.2,87,51,68,2.58,10.79,3.1,903.5,1.44,0.136
2021-03-04,10.3,-1.1,4.4,71,26,48,2.71,19.79,0.0,904.3,2.77,0.156
2021-03-05,18.1,-4.0,6.3,78,3,40,1.66,20.33,0.0,903.4,3.23,0.157
2021-03-06,17.3,1.6,8.6,74,15,47,2.39,13.67,0.0,904.1,2.92,0.143
2021-03-07,13.8,1.0,6.7,86,34,67,1.93,17.37,0.3,901.8,2.66,0.139
2021-03-08,13.4,2.4,7.2,83,22,54,1.28,18.0,0.0,899.4,2.66,0.141
2021-03-09,13.7,1.8,7.6,75,22,47,1.51,15.03,0.7,899.4,2.52,0.139
2021-03-10,18.5,4.1,10.6,81,24,54,1.76,16.62,0.0,897.1,3.04,0.137
2021-03-11,17.1,2.7,9.2,88,32,62,3.37,15.74,6.6,890.3,2.9,0.148
2021-03-12,7.5,0.2,3.3,77,34,51,4.39,20.42,0.6,900.7,2.76,0.23
2021-03-13,18.3,-0.2,7.8,62,18,42,0.97,21.27,0.0,901.2,3.11,0.215
2021-03-14,16.8,2.9,9.3,92,31,66,1.64,13.9,0.5,898.3,2.41,0.2
2021-03-15,14.3,8.6,11.0,85,51,69,2.65,8.62,2.4,894.2,1.87,0.219
2021-03-16,12.1,7.1,9.7,73,29,51,5.72,19.02,1.5,890.6,3.57,0.227
2021-03-17,9.6,4.1,6.5,84,53,70,3.54,11.03,11.3,890.1,1.75,0.281
2021-03-18,11.1,0.6,5.6,89,29,62,2.69,18.45,0.3,894.7,2.72,0.282
2021-03-19,15.4,-0.3,7.3,90,24,56,2.87,21.89,0.0,899.0,3.54,0.25
2021-03-20,15.9,4.2,9.0,80,34,59,2.14,14.84,0.0,899.9,2.66,0.229
2021-03-21,21.8,3.8,11.5,92,17,56,2.48,21.16,0.0,896.6,4.15,0.211
2021-03-22,22.9,7.1,14.3,76,21,50,3.8,21.7,0.1,891.5,4.71,0.195
2021-03-23,16.6,9.5,12.6,74,42,60,4.43,14.73,4.7,886.3,2.92,0.214
2021-03-24,8.5,0.3,2.9,94,53,76,3.27,12.8,10.5,885.8,1.68,0.259
2021-03-25,5.0,-2.1,1.1,84,37,65,2.88,16.95,2.2,894.4,2.14,0.259
2021-03-26,4.4,-1.3,0.7,89,40,66,3.86,19.42,3.7,901.2,2.0,0.252
2021-03-27,6.5,-3.1,1.9,75,42,58,2.52,15.87,0.0,908.3,2.11,0.239
2021-03-28,10.4,-2.0,4.2,84,32,58,2.2,21.54,0.0,910.6,2.95,0.225
2021-03-29,14.5,-0.8,7.0,81,22,51,1.64,23.21,0.0,908.1,3.51,0.211
2021-03-30,9.6,2.4,5.9,90,44,62,2.43,14.45,0.0,903.3,2.19,0.202
2021-03-31,12.7,3.9,7.3,87,51,71,2.02,16.24,3.3,898.4,2.33,0.221
2021-04-01,13.2,4.6,7.6,94,36,72,1.15,20.8,2.4,896.5,2.98,0.271
2021-04-02,12.1,3.4,7.3,92,49,75,1.5,18.64,1.6,898.3,2.62,0.271
2021-04-03,18.1,2.9,10.3,86,22,54,1.95,24.04,0.0,901.0,4.05,0.255
2021-04-04,18.5,5.4,11.7,78,32,55,3.28,22.57,0.2,903.1,4.1,0.234
2021-04-05,20.1,10.3,14.6,71,21,42,4.79,22.9,0.0,901.9,5.07,0.213
2021-04-06,24.6,7.8,15.6,67,11,35,3.78,21.85,0.0,899.7,5.5,0.189
2021-04-07,25.3,11.9,18.2,40,4,20,4.34,25.61,0.0,897.5,6.85,0.165
2021-04-08,23.2,5.8,14.1,74,7,36,2.84,24.22,0.0,896.9,5.25,0.144
2021-04-09,9.6,2.1,5.1,92,55,72,3.84,7.26,2.9,898.2,1.25,0.145
2021-04-10,2.3,-0.8,0.9,91,76,82,7.21,9.9,11.2,898.0,1.03,0.163
2021-04-11,6.1,-0.2,2.8,81,52,69,3.93,15.78,0.5,901.5,1.89,0.174
2021-04-12,8.3,2.6,5.2,81,40,61,2.06,15.49,0.2,904.0,2.23,0.194
2021-04-13,15.4,3.0,8.5,66,27,48,1.49,19.72,0.0,903.9,3.22,0.195
2021-04-14,20.2,5.3,12.9,70,27,46,2.75,23.14,0.5,902.8,4.58,0.182
2021-04-15,22.3,8.9,15.0,74,16,44,2.67,22.28,0.0,902.4,4.83,0.168
2021-04-16,24.5,7.8,16.1,72,15,39,2.82,24.91,0.0,901.6,5.49,0.152
2021-04-17,26.5,10.1,18.1,63,17,36,2.95,19.05,0.0,903.9,5.1,0.139
2021-04-18,28.3,15.3,21.5,51,17,31,2.74,21.64,0.0,905.2,5.81,0.133
2021-04-19,28.8,12.2,20.1,81,9,41,2.49,21.79,0.0,901.9,5.48,0.126
2021-04-20,26.3,16.3,21.0,34,8,20,4.16,24.12,0.0,896.6,6.99,0.116
2021-04-21,22.6,7.5,15.3,52,17,33,1.87,26.63,0.0,900.9,5.15,0.115
2021-04-22,22.2,8.3,15.2,63,15,34,2.31,27.03,0.0,904.7,5.35,0.114
2021-04-23,25.7,7.4,17.0,49,10,29,1.27,26.71,0.0,905.7,5.13,0.111
2021-04-24,25.4,10.4,18.0,55,17,35,2.26,26.39,0.0,902.8,5.67,0.108
2021-04-25,24.4,13.1,17.9,54,27,41,2.2,19.26,0.1,897.2,4.45,0.111
2021-04-26,19.1,12.2,15.2,70,45,58,3.47,19.2,0.1,896.1,3.88,0.123
2021-04-27,24.0,10.0,16.5,66,18,45,1.76,25.07,0.0,901.2,4.79,0.128
2021-04-28,29.8,11.8,21.9,56,12,30,3.21,25.61,0.0,903.5,6.88,0.121
2021-04-29,29.4,19.1,23.5,43,15,30,3.9,19.54,0.0,905.6,6.39,0.115
2021-04-30,28.2,16.7,22.8,62,14,33,3.3,25.24,0.3,905.0,6.58,0.114
2021-05-01,28.2,12.5,21.5,54,12,30,2.49,26.6,0.0,905.5,6.35,0.11
2021-05-02,31.4,14.4,23.5,50,13,29,2.62,25.3,0.0,904.2,6.72,0.114
2021-05-03,33.3,15.9,25.1,65,9,30,2.97,26.94,0.0,902.3,7.32,0.115
2021-05-04,29.8,17.4,22.5,51,17,36,2.88,20.62,0.0,900.4,5.69,0.113
2021-05-05,27.4,13.8,20.4,73,22,46,1.69,26.65,0.4,899.2,5.41,0.115
2021-05-06,25.9,14.4,19.9,71,27,47,2.83,21.1,0.3,899.5,5.06,0.121
2021-05-07,26.5,12.0,19.4,73,16,43,1.62,28.51,0.0,903.7,5.55,0.124
2021-05-08,32.0,15.2,22.8,50,13,31,2.84,22.49,1.4,902.0,6.26,0.131
2021-05-09,21.7,13.5,18.0,60,23,41,4.26,24.87,0.0,902.2,5.61,0.135
2021-05-10,19.6,8.2,14.0,52,15,31,3.34,29.82,0.0,903.8,5.77,0.13
2021-05-11,24.6,6.3,15.9,41,10,25,2.18,29.81,0.0,899.9,6.05,0.125
2021-05-12,29.8,10.1,20.6,33,12,21,2.11,29.46,0.0,897.4,6.71,0.122
2021-05-13,30.7,11.1,21.5,65,12,32,2.78,29.44,0.0,898.5,7.17,0.115
2021-05-14,31.9,11.1,22.0,59,7,28,3.02,29.7,0.0,900.8,7.57,0.103
2021-05-15,31.9,11.9,22.0,56,10,29,2.22,29.14,0.0,899.7,6.96,0.098
2021-05-16,27.3,12.9,20.5,54,14,31,3.46,27.31,0.1,895.3,6.88,0.097
2021-05-17,26.0,12.7,19.4,55,23,38,2.04,26.07,0.0,897.3,5.66,0.098
2021-05-18,30.6,12.4,22.1,66,19,37,3.19,29.2,0.0,899.4,7.24,0.096
2021-05-19,29.4,12.4,21.4,80,16,42,1.76,29.2,0.0,902.2,5.87,0.095
2021-05-20,33.9,13.3,24.3,64,7,26,3.48,30.32,0.0,899.1,8.37,0.092
2021-05-21,29.6,12.8,21.7,38,13,23,4.54,30.0,0.0,896.5,8.19,0.091
2021-05-22,19.3,12.5,15.6,59,35,46,4.3,22.04,0.2,899.9,4.91,0.092
2021-05-23,23.6,10.0,16.9,63,25,42,3.91,26.18,0.0,902.7,5.68,0.095
2021-05-24,24.8,12.9,19.4,64,31,43,4.38,26.16,0.0,905.5,5.96,0.095
2021-05-25,28.9,14.5,22.2,56,14,34,3.02,30.13,0.0,905.2,7.02,0.095
2021-05-26,32.3,13.9,24.1,40,10,24,1.95,30.0,0.0,901.3,7.06,0.094
2021-05-27,30.6,17.0,23.6,38,18,27,2.22,24.19,0.0,899.0,6.15,0.094
2021-05-28,31.9,16.3,23.6,54,12,32,2.08,28.37,0.0,897.2,6.8,0.096
2021-05-29,27.0,15.4,20.9,60,21,40,2.48,26.65,0.0,898.3,6.1,0.097
2021-05-30,29.3,12.5,21.2,65,22,40,1.99,29.08,0.4,901.8,6.35,0.096
2021-05-31,28.1,16.6,22.0,65,23,42,2.55,25.2,0.3,898.4,6.04,0.098
2021-06-01,25.3,14.6,19.1,62,29,46,3.3,24.85,2.2,896.5,5.44,0.111
2021-06-02,23.2,11.6,17.6,78,24,46,2.7,28.11,0.0,900.4,5.81,0.126
2021-06-03,24.5,10.2,17.5,68,23,41,2.56,26.66,0.0,903.8,5.82,0.124
2021-06-04,24.0,11.3,17.7,58,24,39,2.84,27.64,0.0,905.3,6.05,0.119
2021-06-05,21.8,12.8,17.3,50,28,38,2.96,20.97,0.0,903.8,4.88,0.114
2021-06-06,25.5,11.6,18.8,52,16,32,2.28,30.95,0.0,903.0,6.47,0.111
2021-06-07,29.6,12.3,21.9,41,14,25,1.36,30.24,0.0,903.1,6.36,0.108
2021-06-08,28.8,15.2,22.3,57,21,34,2.53,26.13,0.6,901.3,6.28,0.11
2021-06-09,28.2,15.9,21.9,69,24,46,2.09,25.47,1.2,899.1,5.86,0.122
2021-06-10,26.7,14.7,19.5,69,30,55,1.96,22.46,2.2,897.5,4.69,0.134
2021-06-11,27.1,13.4,19.4,78,31,56,1.68,24.25,3.2,899.0,5.01,0.156
2021-06-12,26.6,13.5,19.2,78,33,58,1.27,23.64,2.0,900.6,4.63,0.18
2021-06-13,27.7,13.0,20.7,81,30,52,1.4,26.49,0.0,900.2,5.45,0.18
2021-06-14,26.9,15.1,20.7,73,25,46,2.42,26.76,1.2,896.9,5.99,0.169
2021-06-15,26.3,13.8,19.9,69,28,45,2.45,26.62,0.0,897.7,5.84,0.168
2021-06-16,22.1,12.8,17.9,73,35,51,2.88,23.81,0.6,897.5,4.92,0.162
2021-06-17,27.2,12.2,19.3,70,24,46,2.28,29.66,0.0,903.2,6.2,0.16
2021-06-18,28.0,14.3,21.7,72,23,45,1.69,22.36,0.0,903.2,5.02,0.146
2021-06-19,30.5,15.6,23.8,58,24,37,2.04,28.68,0.0,899.9,6.6,0.135
2021-06-20,33.1,17.0,25.1,63,16,38,2.5,28.26,0.0,898.6,7.16,0.128
2021-06-21,29.0,16.6,22.6,75,25,49,1.88,24.54,0.7,899.0,5.54,0.124
2021-06-22,27.4,16.7,21.7,65,30,51,1.51,24.35,2.0,900.9,5.12,0.129
2021-06-23,28.3,15.5,21.9,89,30,58,2.07,21.54,0.1,902.8,4.85,0.151
2021-06-24,27.2,17.2,22.3,67,37,54,2.93,19.9,1.1,902.1,4.85,0.151
2021-06-25,29.0,18.3,23.8,74,32,50,2.96,25.08,0.0,901.8,6.07,0.144
2021-06-26,28.5,17.4,23.8,70,37,49,2.85,19.55,0.0,900.6,5.21,0.134
2021-06-27,30.0,19.0,25.1,68,31,46,2.92,25.05,0.0,901.1,6.29,0.124
2021-06-28,30.8,19.8,25.7,57,27,42,3.27,24.98,0.0,902.4,6.67,0.115
2021-06-29,31.4,20.5,25.9,59,20,37,3.67,30.45,0.0,902.9,7.88,0.11
2021-06-30,32.5,19.1,26.0,45,15,29,3.08,30.95,0.0,902.7,7.95,0.106
2021-07-01,34.4,18.5,27.4,41,16,27,2.28,30.58,0.0,902.0,7.57,0.106
2021-07-02,37.4,19.6,29.2,38,11,23,2.89,29.59,0.0,899.1,8.48,0.107
2021-07-03,33.9,20.1,26.5,52,18,33,2.97,29.84,0.0,894.8,7.74,0.105
2021-07-04,28.6,18.2,23.2,66,24,43,2.77,28.16,0.0,897.4,6.59,0.107
2021-07-05,29.7,16.7,23.5,54,22,37,2.31,25.85,0.0,898.2,6.44,0.11
2021-07-06,29.0,19.5,24.7,40,29,34,2.8,26.2,0.0,897.5,6.7,0.114
2021-07-07,29.9,17.7,24.1,68,30,47,2.41,21.56,0.0,900.5,5.55,0.119
2021-07-08,30.9,19.7,25.6,66,34,49,2.53,22.99,0.0,902.1,5.87,0.121
2021-07-09,31.2,20.6,25.8,65,28,45,3.62,25.64,0.0,901.3,6.87,0.123
2021-07-10,29.1,20.4,24.8,53,28,40,3.45,23.96,0.0,898.8,6.43,0.12
2021-07-11,31.3,19.3,25.5,49,23,36,2.68,29.11,0.0,898.4,7.21,0.118
2021-07-12,33.8,18.8,27.2,42,18,28,1.78,28.26,0.0,899.7,6.87,0.116
2021-07-13,34.8,20.6,28.2,39,20,29,2.33,27.04,0.0,899.9,7.19,0.115
2021-07-14,33.0,22.1,27.4,45,22,33,3.37,29.43,0.0,899.7,7.97,0.115
2021-07-15,31.4,21.2,26.1,43,20,32,4.0,29.9,0.0,899.4,8.1,0.115
2021-07-16,32.5,20.1,26.4,45,26,33,2.93,30.0,0.0,898.9,7.54,0.112
2021-07-17,37.1,19.6,29.0,50,13,30,1.51,29.75,0.0,897.0,7.03,0.111
2021-07-18,38.6,21.2,30.4,57,11,31,2.08,29.53,0.0,896.5,7.71,0.109
2021-07-19,38.0,19.7,29.5,63,10,30,1.86,30.67,0.0,898.5,7.5,0.104
2021-07-20,37.4,19.8,29.0,57,10,30,1.42,30.49,0.0,898.5,7.03,0.102
2021-07-21,35.2,22.4,29.2,51,21,34,2.65,26.91,0.0,898.7,7.44,0.102
2021-07-22,32.0,23.6,27.9,50,24,36,4.01,23.49,0.0,898.9,7.38,0.103
2021-07-23,29.6,19.0,24.4,55,28,39,3.82,28.16,0.0,898.4,7.3,0.105
2021-07-24,29.4,19.1,24.2,52,25,36,3.3,28.09,0.0,898.2,7.03,0.106
2021-07-25,29.0,18.0,23.4,60,28,39,2.97,26.0,0.0,899.6,6.35,0.111
2021-07-26,31.2,19.9,25.6,49,23,34,3.13,25.74,0.0,902.4,6.96,0.112
2021-07-27,30.5,20.5,25.4,54,28,39,4.26,26.85,0.0,904.4,7.39,0.11
2021-07-28,30.3,20.6,25.6,46,20,31,4.79,29.38,0.0,903.4,8.35,0.108
2021-07-29,28.9,17.9,23.7,42,24,32,4.34,29.45,0.0,901.3,7.66,0.108
2021-07-30,31.3,18.6,24.9,48,18,31,3.98,29.25,0.0,899.6,7.88,0.109
2021-07-31,31.7,20.4,26.0,51,17,32,3.59,29.12,0.0,899.6,7.7,0.109
2021-08-01,32.5,19.1,26.5,32,18,25,3.24,29.07,0.0,899.9,7.84,0.109
2021-08-02,31.4,19.7,25.7,43,19,29,3.45,28.94,0.0,900.3,7.71,0.11
2021-08-03,33.2,19.9,27.2,36,16,26,3.13,28.81,0.0,902.1,7.76,0.111
2021-08-04,35.0,20.3,28.3,37,18,26,2.62,28.49,0.0,903.3,7.56,0.111
2021-08-05,35.3,21.4,28.7,34,16,25,2.69,28.13,0.0,901.7,7.63,0.11
2021-08-06,36.6,20.3,28.7,38,14,25,1.88,27.22,0.0,896.7,6.91,0.112
2021-08-07,32.7,20.4,25.3,62,20,40,1.94,22.62,2.2,894.6,5.5,0.118
2021-08-08,27.4,18.8,22.6,58,38,49,3.42,18.17,0.1,900.6,4.85,0.133
2021-08-09,28.6,19.5,24.0,61,35,48,2.93,22.22,0.0,903.4,5.49,0.13
2021-08-10,29.2,19.0,23.6,60,29,47,3.64,21.71,0.2,902.0,5.65,0.122
2021-08-11,27.5,18.5,22.9,64,35,46,3.68,20.8,0.0,901.1,5.51,0.118
2021-08-12,28.5,18.5,23.4,66,31,47,2.87,22.88,0.0,901.9,5.6,0.116
2021-08-13,27.9,19.2,23.3,60,35,46,4.29,22.26,0.1,903.9,5.96,0.116
2021-08-14,27.6,18.1,22.8,65,27,42,3.93,27.42,0.0,903.6,6.64,0.115
2021-08-15,27.3,16.8,22.0,66,23,42,3.42,27.54,0.0,902.3,6.38,0.11
2021-08-16,28.9,14.6,22.2,43,22,32,2.89,27.84,0.0,902.2,6.64,0.11
2021-08-17,31.5,15.2,24.0,45,18,32,2.22,27.62,0.0,900.8,6.52,0.112
2021-08-18,33.1,16.2,25.5,47,14,29,1.83,27.27,0.0,897.7,6.47,0.111
2021-08-19,33.3,18.6,26.4,34,18,25,2.34,26.03,0.0,897.4,6.83,0.108
2021-08-20,31.5,18.9,25.6,54,24,35,2.55,26.45,0.0,900.5,6.65,0.108
2021-08-21,31.9,18.7,25.5,48,21,35,2.45,26.5,0.0,901.4,6.59,0.109
2021-08-22,32.7,18.9,25.5,42,19,31,2.76,25.99,0.0,900.6,6.85,0.107
2021-08-23,30.1,19.1,24.5,46,23,32,3.19,26.23,0.0,901.2,6.78,0.11
2021-08-24,30.5,17.9,24.2,52,21,35,2.45,26.21,0.0,901.5,6.31,0.11
2021-08-25,32.9,16.4,25.3,45,15,28,1.84,26.1,0.0,901.2,6.26,0.11
2021-08-26,35.2,18.1,27.3,41,17,27,1.48,24.39,0.0,900.9,5.82,0.111
2021-08-27,35.9,19.0,28.0,55,16,32,1.52,25.21,0.0,901.2,6.02,0.113
2021-08-28,38.2,18.7,28.5,47,5,25,1.73,25.58,0.0,899.3,6.37,0.116
2021-08-29,35.6,18.2,27.0,58,11,32,1.74,25.98,0.0,896.7,6.1,0.108
2021-08-30,34.2,18.9,26.9,71,16,40,1.42,24.97,0.0,898.3,5.54,0.107
2021-08-31,34.0,19.8,27.2,72,20,42,1.72,23.94,0.0,900.5,5.69,0.104
2021-09-01,33.6,20.1,26.7,63,24,40,1.7,22.17,0.0,899.3,5.49,0.103
2021-09-02,27.0,20.5,23.4,58,27,42,3.59,19.43,0.0,901.0,5.48,0.106
2021-09-03,24.8,15.9,20.1,52,28,39,3.86,24.36,0.0,903.0,5.89,0.109
2021-09-04,25.4,13.2,19.7,50,28,37,2.36,24.53,0.0,900.9,5.42,0.112
2021-09-05,28.8,12.8,20.9,46,18,31,2.36,24.26,0.0,899.9,5.81,0.11
2021-09-06,27.3,16.5,21.4,48,23,32,3.59,23.27,0.0,901.6,6.11,0.106
2021-09-07,25.8,14.2,19.6,64,28,44,2.92,23.12,0.0,904.9,5.25,0.105
2021-09-08,28.8,13.3,20.7,53,23,37,2.16,23.11,0.0,904.5,5.32,0.105
2021-09-09,30.8,15.5,22.9,44,20,32,1.62,22.48,0.0,901.7,5.13,0.105
2021-09-10,29.7,15.6,22.5,85,20,48,2.02,21.42,0.0,900.0,5.15,0.105
2021-09-11,26.1,15.5,20.8,69,32,47,2.01,20.58,0.0,901.0,4.6,0.108
2021-09-12,27.3,15.2,21.3,53,27,41,1.44,20.02,0.0,899.8,4.3,0.106
2021-09-13,30.0,15.2,22.7,67,18,40,1.33,20.04,0.0,897.8,4.38,0.104
2021-09-14,28.1,16.6,21.8,56,27,41,2.07,20.42,0.6,898.9,4.84,0.104
2021-09-15,24.7,15.0,17.9,87,39,71,1.61,16.2,8.0,899.8,3.14,0.143
2021-09-16,19.6,14.5,15.8,87,64,80,2.73,10.31,8.9,901.0,1.96,0.253
2021-09-17,20.4,13.0,16.6,82,49,66,2.5,13.26,0.0,902.8,2.86,0.27
2021-09-18,25.5,9.2,17.2,85,29,56,1.32,21.82,0.0,902.6,4.12,0.237
2021-09-19,29.9,13.3,21.0,75,24,48,2.16,20.16,0.0,903.0,4.78,0.212
2021-09-20,29.5,14.1,22.1,73,20,45,1.92,20.19,0.0,904.4,4.76,0.192
2021-09-21,30.3,14.6,22.3,77,17,43,1.9,21.5,0.0,903.1,4.99,0.175
2021-09-22,22.1,15.1,18.5,82,43,58,2.62,14.43,0.2,900.4,3.14,0.164
2021-09-23,17.0,11.8,13.9,69,45,58,2.65,13.45,0.2,896.6,2.63,0.16
2021-09-24,17.3,9.7,12.8,61,35,50,3.13,15.87,0.0,901.4,3.22,0.16
2021-09-25,22.6,6.4,14.5,70,25,45,1.64,20.78,0.0,905.1,3.99,0.157
2021-09-26,24.1,9.7,16.6,64,25,45,1.79,20.57,0.0,906.7,4.16,0.151
2021-09-27,25.4,10.6,17.6,67,19,42,1.94,20.49,0.0,902.0,4.32,0.143
2021-09-28,25.7,10.8,18.1,55,28,41,1.95,20.14,0.0,900.8,4.35,0.135
2021-09-29,24.1,11.6,17.8,68,35,51,1.72,18.28,0.0,901.3,3.73,0.131
2021-09-30,20.6,13.3,16.4,73,41,55,2.99,15.35,0.0,902.1,3.49,0.128
2021-10-01,20.3,9.6,14.8,65,27,45,2.54,19.65,0.0,903.1,3.97,0.125
2021-10-02,22.0,8.5,14.7,58,26,43,2.1,18.73,0.0,901.8,3.85,0.116
2021-10-03,21.2,9.7,15.3,55,33,42,2.56,19.2,0.0,903.1,4.02,0.109
2021-10-04,20.6,7.5,14.3,63,27,43,2.13,18.87,0.0,904.3,3.8,0.106
2021-10-05,19.9,7.6,13.6,61,32,45,2.55,19.01,0.0,903.2,3.85,0.108
2021-10-06,18.4,7.2,12.6,64,31,46,2.37,18.98,0.0,904.1,3.51,0.109
2021-10-07,20.9,6.1,13.1,65,25,44,1.73,19.03,0.0,903.4,3.6,0.109
2021-10-08,23.6,6.7,14.6,59,21,38,1.56,18.63,0.0,903.5,3.69,0.108
2021-10-09,27.9,8.6,17.5,48,13,30,1.12,18.53,0.0,903.2,3.59,0.108
2021-10-10,28.1,9.5,18.1,53,14,31,1.37,18.28,0.0,903.9,3.83,0.106
2021-10-11,26.2,10.2,18.1,54,21,35,1.86,17.76,0.0,902.8,4.02,0.107
2021-10-12,26.6,11.4,18.6,51,22,37,2.19,16.95,0.0,898.5,4.21,0.107
2021-10-13,24.1,14.0,18.6,51,27,39,3.02,15.74,0.0,899.2,4.17,0.103
2021-10-14,23.1,9.1,16.0,70,30,47,1.57,16.76,0.0,902.9,3.31,0.103
2021-10-15,25.4,9.1,16.4,80,23,48,1.64,17.0,0.0,903.3,3.52,0.103
2021-10-16,24.7,9.9,16.8,62,22,40,2.78,15.52,0.0,901.3,3.98,0.104
2021-10-17,20.6,11.1,15.3,64,36,50,1.85,12.24,0.0,900.6,2.74,0.104
2021-10-18,17.7,10.7,14.2,73,39,55,1.97,9.99,0.0,903.8,2.22,0.105
2021-10-19,18.9,8.6,13.6,75,36,57,2.16,12.75,0.0,906.1,2.66,0.106
2021-10-20,17.6,8.7,12.5,74,33,55,2.27,12.99,0.0,908.2,2.63,0.104
2021-10-21,18.2,4.1,10.9,73,27,48,1.4,16.48,0.0,907.8,2.79,0.104
2021-10-22,21.5,4.4,12.4,57,18,34,1.13,16.44,0.0,906.2,2.95,0.105
2021-10-23,22.7,4.3,13.0,46,11,27,1.35,16.48,0.0,905.5,3.13,0.103
2021-10-24,23.3,4.7,13.4,56,15,32,1.55,15.94,0.0,904.3,3.21,0.102
2021-10-25,13.7,9.4,11.2,75,48,60,3.1,6.0,0.0,906.7,1.79,0.103
2021-10-26,14.0,4.8,8.8,73,37,53,2.02,14.57,0.0,906.0,2.36,0.106
2021-10-27,17.7,6.3,11.5,52,31,41,1.27,14.22,0.0,904.8,2.5,0.106
2021-10-28,17.4,6.4,11.7,57,33,44,1.63,10.51,0.0,904.2,2.17,0.104
2021-10-29,16.5,4.1,10.2,65,36,52,2.24,13.84,0.0,903.0,2.58,0.104
2021-10-30,16.4,4.3,10.3,79,39,57,1.84,14.16,0.0,904.2,2.42,0.103
2021-10-31,20.5,9.1,13.3,65,31,51,1.65,10.68,0.3,904.1,2.25,0.101
2021-11-01,18.1,10.3,13.8,83,55,74,3.09,9.87,3.8,900.9,1.92,0.122
2021-11-02,19.7,11.7,14.7,91,48,76,1.79,8.02,5.9,899.8,1.62,0.202
2021-11-03,21.9,10.4,14.7,91,43,71,1.53,12.49,1.1,904.8,2.26,0.226
2021-11-04,20.4,7.7,13.8,89,44,67,1.16,14.03,0.0,908.9,2.36,0.219
2021-11-05,19.2,5.8,12.2,89,43,68,1.42,13.58,0.0,907.7,2.25,0.211
2021-11-06,19.3,5.0,11.7,89,31,64,1.72,13.83,0.0,907.6,2.39,0.203
2021-11-07,19.6,5.4,11.9,81,26,53,2.23,13.76,0.0,906.6,2.72,0.192
2021-11-08,20.5,5.1,11.6,69,31,52,1.36,13.5,0.0,904.5,2.35,0.183
2021-11-09,23.2,4.3,12.5,75,17,44,1.15,13.6,0.0,905.2,2.37,0.173
2021-11-10,12.2,6.8,9.2,76,42,53,4.86,10.71,0.0,907.8,2.4,0.164
2021-11-11,8.9,1.6,4.9,70,38,56,2.94,13.45,0.0,909.0,1.97,0.161
2021-11-12,9.2,-1.6,3.5,76,34,57,1.12,13.49,0.0,905.9,1.66,0.16
2021-11-13,13.2,-2.0,4.8,76,31,53,0.81,11.87,0.0,905.1,1.65,0.169
2021-11-14,16.8,-0.5,7.1,68,24,49,1.11,12.38,0.0,903.9,1.95,0.176
2021-11-15,17.9,2.0,8.5,72,27,50,1.49,12.54,0.0,902.8,2.15,0.171
2021-11-16,13.6,2.5,7.3,74,36,57,1.84,12.61,0.0,903.9,1.97,0.164
2021-11-17,15.8,1.0,7.1,80,34,59,1.01,11.84,0.0,903.0,1.75,0.161
2021-11-18,17.4,2.3,9.1,81,37,63,1.3,10.43,0.7,903.1,1.76,0.166
2021-11-19,12.9,4.2,8.1,87,59,75,1.98,9.68,1.0,900.1,1.51,0.171
2021-11-20,8.8,5.5,7.2,88,63,76,2.84,4.27,2.1,898.4,0.94,0.21
2021-11-21,11.0,3.6,6.7,83,53,69,1.57,10.97,0.0,901.3,1.52,0.208
2021-11-22,17.4,0.2,7.7,87,35,65,1.33,11.33,0.0,903.3,1.74,0.201
2021-11-23,17.0,3.2,9.4,91,45,72,2.04,8.38,0.0,904.2,1.59,0.193
2021-11-24,15.9,8.1,10.8,91,49,78,1.57,7.26,2.6,901.2,1.27,0.193
2021-11-25,9.4,6.5,8.1,94,72,86,1.52,3.13,1.4,902.3,0.56,0.23
2021-11-26,16.5,3.7,8.8,96,44,73,1.66,10.7,0.0,903.0,1.68,0.223
2021-11-27,17.0,9.3,12.3,85,46,65,3.34,5.76,0.0,903.0,1.81,0.214
2021-11-28,20.0,10.4,13.8,81,36,63,3.25,9.16,1.2,900.7,2.23,0.217
2021-11-29,22.1,8.5,14.4,87,26,56,3.64,9.99,0.0,902.2,3.01,0.206
2021-11-30,20.6,11.3,15.9,60,24,39,6.65,10.25,0.0,895.5,4.48,0.195
2021-12-01,10.0,2.8,7.2,75,35,58,2.04,10.65,0.7,896.1,1.66,0.188
2021-12-02,10.9,-0.8,4.2,72,33,54,1.55,11.16,0.0,901.5,1.57,0.185
2021-12-03,14.5,-1.2,5.7,88,29,60,1.99,10.14,0.0,902.7,1.74,0.179
2021-12-04,14.7,4.3,8.4,85,43,67,1.98,7.49,1.9,900.2,1.37,0.181
2021-12-05,14.4,3.8,8.0,90,48,72,1.81,9.04,1.3,897.4,1.47,0.205
2021-12-06,17.3,3.1,8.8,86,38,69,2.93,9.33,0.0,901.7,1.85,0.2
2021-12-07,14.8,8.5,11.3,78,40,59,5.9,8.35,5.8,896.1,2.62,0.197
2021-12-08,9.7,4.9,7.1,86,61,76,2.62,5.35,3.3,891.7,1.01,0.285
2021-12-09,13.1,1.6,5.8,94,37,74,1.63,9.05,0.0,901.8,1.24,0.261
2021-12-10,15.0,0.7,6.8,88,41,69,2.43,9.55,0.0,904.4,1.65,0.244
2021-12-11,16.1,4.9,8.8,92,39,70,2.33,9.46,0.0,903.9,1.67,0.234
2021-12-12,18.1,2.5,9.1,84,24,58,2.53,10.56,0.0,903.6,2.17,0.22
2021-12-13,18.4,2.6,9.0,78,30,57,2.72,10.25,0.0,899.9,2.21,0.209
2021-12-14,11.5,6.1,8.4,87,66,76,2.05,5.05,12.4,896.0,1.0,0.241
2021-12-15,9.6,4.4,6.3,94,59,82,1.8,7.0,6.0,896.4,0.96,0.34
2021-12-16,6.4,2.6,3.9,94,69,85,1.28,4.31,2.8,899.6,0.61,0.331
2021-12-17,2.5,0.5,1.6,96,88,92,2.59,3.02,4.5,898.0,0.33,0.307
2021-12-18,5.0,-0.2,2.0,94,62,80,1.29,7.13,0.7,896.1,0.84,0.293
2021-12-19,2.0,-1.3,0.4,98,82,94,1.7,4.97,14.0,891.4,0.48,0.283
2021-12-20,2.2,-4.3,-0.9,97,81,90,1.18,8.14,0.0,891.9,0.76,0.279
2021-12-21,0.9,-6.8,-2.4,94,70,86,1.12,10.26,0.0,899.3,0.82,0.275
2021-12-22,-1.1,-10.3,-5.2,94,67,83,1.16,8.53,0.0,904.4,0.66,0.268
2021-12-23,-3.7,-12.5,-8.7,87,63,75,2.2,10.43,0.0,903.1,0.72,0.261
2021-12-24,-1.0,-14.4,-8.6,87,47,69,1.22,10.53,0.0,902.3,0.81,0.257
2021-12-25,3.7,-12.5,-5.6,81,43,65,1.63,10.44,0.0,902.2,1.04,0.256
2021-12-26,6.9,-5.6,1.0,86,60,78,1.43,7.74,0.0,904.9,0.85,0.259
2021-12-27,9.2,1.6,4.2,88,65,81,1.64,6.31,0.0,905.1,0.85,0.27
2021-12-28,9.8,1.3,4.6,92,60,81,1.85,6.95,0.0,901.0,0.96,0.278
2021-12-29,10.4,1.2,5.3,96,51,78,1.91,7.86,0.0,899.0,1.09,0.281
2021-12-30,9.7,2.5,5.6,84,57,74,3.3,7.82,2.2,897.0,1.23,0.291
2021-12-31,10.5,2.7,5.9,89,58,76,1.36,8.52,0.0,901.4,1.12,0.29
2022-01-01,10.9,-0.7,4.8,91,49,74,1.49,9.95,0.0,900.4,1.31,0.279
2022-01-02,9.2,4.3,6.1,85,55,75,2.54,4.39,0.8,902.4,0.89,0.275
2022-01-03,9.8,-0.5,3.5,85,35,62,1.74,10.81,0.0,902.9,1.47,0.271
2022-01-04,13.4,-1.1,5.0,81,36,60,1.45,10.28,0.0,899.8,1.49,0.263
2022-01-05,15.5,-1.5,5.9,90,35,68,2.14,10.66,0.0,900.9,1.71,0.257
2022-01-06,15.4,5.7,9.4,86,44,70,2.26,8.64,0.0,902.9,1.55,0.251
2022-01-07,13.8,6.0,9.1,87,53,73,1.42,6.87,0.0,902.0,1.16,0.245
2022-01-08,13.6,2.3,7.5,92,42,70,2.55,8.86,0.0,900.0,1.61,0.24
2022-01-09,15.0,2.3,8.4,83,37,65,2.8,9.83,2.4,894.2,1.9,0.253
2022-01-10,10.9,4.6,7.2,85,45,69,2.8,9.26,3.5,890.7,1.52,0.294
2022-01-11,8.8,4.8,6.4,86,63,78,3.55,5.85,3.5,894.8,1.03,0.301
2022-01-12,7.6,3.3,5.7,93,72,83,2.77,4.79,16.7,895.4,0.83,0.367
2022-01-13,4.1,-0.3,0.7,94,80,85,3.96,3.14,4.6,900.5,0.5,0.346
2022-01-14,0.2,-5.7,-2.2,79,50,65,2.79,11.35,0.0,901.8,1.15,0.325
2022-01-15,3.3,-7.3,-2.4,84,49,68,2.11,11.03,0.0,896.6,1.18,0.316
2022-01-16,0.4,-4.7,-2.4,72,49,63,3.41,8.91,0.0,902.2,1.06,0.308
2022-01-17,3.1,-4.6,-2.5,74,35,59,1.66,12.19,0.0,904.1,1.25,0.304
2022-01-18,4.9,-4.7,-0.6,94,65,72,2.89,6.5,5.5,898.5,0.94,0.302
2022-01-19,-1.5,-6.3,-4.0,78,54,65,4.85,11.02,0.8,902.6,1.11,0.302
2022-01-20,0.1,-8.3,-5.3,73,43,62,1.89,12.46,0.0,906.8,1.17,0.297
2022-01-21,6.3,-8.3,-1.9,72,31,56,2.27,12.44,0.0,903.9,1.53,0.294
2022-01-22,5.9,0.7,4.0,85,71,78,4.82,5.63,3.7,895.6,0.96,0.301
2022-01-23,3.1,-6.7,-3.6,94,76,85,2.7,7.44,15.5,891.8,0.59,0.321
2022-01-24,-3.6,-9.0,-6.6,86,68,79,1.43,12.31,1.1,900.4,0.95,0.309
2022-01-25,-6.2,-11.2,-8.5,94,84,89,1.28,6.19,14.2,900.6,0.41,0.302
2022-01-26,-4.8,-7.7,-6.2,90,76,84,1.94,10.08,5.0,897.4,0.7,0.296
2022-01-27,-3.5,-13.6,-5.8,86,59,72,1.91,12.75,0.4,902.1,1.02,0.291
2022-01-28,-10.1,-18.7,-14.4,91,74,82,1.27,12.68,0.0,902.0,0.67,0.286
2022-01-29,-8.9,-19.7,-13.7,93,68,80,1.14,13.56,0.0,902.4,0.71,0.284
2022-01-30,1.0,-9.7,-5.4,85,63,73,0.7,12.16,0.8,899.5,1.02,0.282
2022-01-31,1.1,-3.0,0.0,96,87,92,1.64,6.05,7.9,894.9,0.59,0.281
2022-02-01,4.7,-0.8,2.1,95,75,85,1.7,10.37,0.0,897.2,1.13,0.295
2022-02-02,7.5,4.4,5.6,81,69,77,4.34,8.19,1.5,897.4,1.29,0.354
2022-02-03,10.7,2.0,6.4,88,42,67,4.19,9.97,1.2,892.4,1.86,0.366
2022-02-04,2.4,-0.5,1.3,93,64,79,3.09,4.32,1.9,895.7,0.71,0.345
2022-02-05,5.2,-1.7,0.8,75,46,64,1.04,14.68,0.0,902.7,1.6,0.328
2022-02-06,7.6,-3.2,1.3,81,40,65,1.32,13.44,0.0,904.2,1.58,0.319
2022-02-07,10.5,-3.1,3.4,85,36,63,2.22,14.23,0.0,902.5,1.95,0.309
2022-02-08,11.8,6.0,8.8,72,49,62,6.3,8.88,3.3,895.6,2.31,0.299
2022-02-09,7.4,0.0,2.9,95,74,86,3.51,8.57,18.9,893.4,0.99,0.375
2022-02-10,1.2,-3.3,-0.5,86,74,79,5.45,12.71,6.7,902.4,1.16,0.349
2022-02-11,2.0,-9.9,-4.2,83,62,74,1.72,16.56,0.0,907.3,1.57,0.334
2022-02-12,6.4,-12.6,-4.5,83,40,68,1.09,16.44,0.0,906.9,1.61,0.332
2022-02-13,7.5,-6.5,-0.2,79,45,65,1.26,14.62,0.0,904.4,1.71,0.334
2022-02-14,6.7,-2.1,1.7,86,50,71,1.59,14.62,0.0,902.3,1.67,0.33
2022-02-15,6.1,-2.1,1.2,88,51,74,1.38,15.06,0.0,904.6,1.64,0.326
2022-02-16,5.3,-2.1,1.5,87,51,71,1.38,13.1,0.0,906.0,1.53,0.313
2022-02-17,7.5,-3.2,1.4,83,43,65,0.98,16.23,0.0,900.1,1.88,0.308
2022-02-18,12.8,-2.6,4.2,83,32,61,1.77,15.52,0.4,894.5,2.24,0.3
2022-02-19,3.2,0.6,1.9,89,78,83,2.89,8.31,7.6,901.0,0.92,0.313
2022-02-20,10.8,-5.1,2.5,90,40,73,1.3,16.81,0.0,903.9,2.02,0.327
2022-02-21,16.5,3.2,8.5,80,32,58,1.89,11.12,0.0,900.0,2.13,0.324
2022-02-22,13.5,6.3,9.3,83,49,68,2.72,11.75,0.4,897.1,2.01,0.312
2022-02-23,15.9,3.9,9.4,90,34,66,2.11,15.35,0.4,898.4,2.36,0.305
2022-02-24,11.8,5.5,9.2,85,55,72,1.46,10.54,7.0,894.0,1.59,0.322
2022-02-25,9.5,1.9,5.2,96,50,78,1.87,9.57,0.4,893.4,1.43,0.333
2022-02-26,10.1,3.3,6.4,87,48,69,1.25,10.78,0.0,901.0,1.56,0.317
2022-02-27,14.9,2.3,8.6,89,37,64,1.83,14.1,0.0,902.9,2.29,0.302
2022-02-28,12.8,7.3,9.4,78,44,64,4.12,9.81,0.5,900.0,2.09,0.293
2022-03-01,8.8,1.6,6.0,91,66,79,1.89,7.95,4.4,900.0,1.14,0.308
2022-03-02,7.2,4.5,5.7,94,84,90,1.79,5.08,7.8,893.3,0.75,0.335
2022-03-03,8.1,-3.9,1.6,89,72,79,4.26,8.21,15.7,887.7,0.96,0.382
2022-03-04,6.0,-5.9,-0.3,77,44,63,1.76,18.22,0.0,898.2,1.89,0.351
2022-03-05,11.6,-2.0,4.2,82,35,62,1.41,18.48,0.0,898.6,2.44,0.336
2022-03-06,9.9,1.9,5.5,85,51,71,1.36,11.51,0.0,896.0,1.67,0.323
2022-03-07,13.6,1.2,7.3,87,41,66,2.69,16.73,0.3,894.3,2.63,0.315
2022-03-08,11.9,3.3,7.1,87,43,67,1.75,9.98,0.1,893.3,1.6,0.308
2022-03-09,7.1,2.5,4.4,92,59,77,1.96,9.8,4.8,890.9,1.24,0.319
2022-03-10,2.3,-0.4,0.9,90,69,82,2.71,13.38,5.2,890.0,1.22,0.337
2022-03-11,-0.5,-4.5,-3.0,94,68,79,5.09,17.31,9.3,892.5,1.24,0.327
2022-03-12,-2.6,-8.1,-5.5,77,56,69,2.19,19.18,0.7,901.0,1.48,0.319
2022-03-13,-2.6,-13.5,-7.9,88,71,80,3.39,18.92,1.0,900.9,1.16,0.314
2022-03-14,0.7,-14.8,-6.3,86,47,67,2.98,19.98,0.0,906.2,1.74,0.309
2022-03-15,1.7,-7.1,-2.5,72,40,57,4.02,17.38,0.3,909.6,1.74,0.304
2022-03-16,4.9,-6.2,-1.0,74,38,58,1.32,22.09,0.0,907.4,2.44,0.297
2022-03-17,7.9,-1.3,3.2,73,35,55,1.94,14.07,0.8,903.6,2.02,0.293
2022-03-18,3.8,-2.9,0.5,76,36,56,3.95,17.46,0.0,906.0,2.01,0.29
2022-03-19,-0.6,-6.9,-3.7,61,27,46,5.4,19.13,0.0,906.4,1.98,0.285
2022-03-20,3.0,-6.2,-1.8,74,38,54,3.3,16.52,0.2,906.0,1.86,0.281
2022-03-21,3.1,-1.9,0.4,76,41,59,3.67,15.25,0.8,904.0,1.84,0.278
2022-03-22,4.7,-1.9,0.8,75,36,56,2.25,15.3,0.3,900.4,1.94,0.274
2022-03-23,6.5,-2.9,1.6,77,38,57,1.9,17.14,0.1,898.9,2.15,0.269
2022-03-24,5.9,-1.5,2.0,81,40,65,2.56,15.9,1.8,897.5,1.97,0.267
2022-03-25,10.4,-0.5,4.9,79,19,48,2.99,22.79,0.0,900.6,3.17,0.265
2022-03-26,7.8,1.3,4.1,78,40,59,2.6,14.45,3.2,904.9,1.99,0.264
2022-03-27,12.2,-2.8,4.9,78,19,48,1.51,23.95,0.0,908.9,3.35,0.266
2022-03-28,15.8,-1.1,7.7,75,19,44,1.46,23.86,0.0,910.4,3.79,0.248
2022-03-29,14.3,2.3,8.1,74,30,52,1.86,11.7,0.8,903.9,2.25,0.234
2022-03-30,17.6,1.8,9.9,90,19,58,1.11,23.53,0.3,900.8,3.66,0.236
2022-03-31,20.0,2.8,11.2,79,13,45,2.49,22.71,0.0,901.7,4.33,0.221
2022-04-01,27.1,5.6,15.1,75,7,39,3.02,23.56,0.0,901.6,5.5,0.196
2022-04-02,26.4,9.6,17.4,48,5,23,4.28,24.7,0.0,898.2,6.71,0.169
2022-04-03,22.2,5.2,14.4,76,15,38,3.84,23.95,0.0,899.1,5.42,0.152
2022-04-04,21.9,8.5,15.5,54,18,33,2.94,21.94,0.0,902.4,4.95,0.136
2022-04-05,23.9,10.4,17.2,61,11,29,5.16,20.73,0.0,899.6,6.33,0.121
2022-04-06,22.6,9.9,16.4,41,18,27,2.52,23.8,0.0,895.8,5.16,0.108
2022-04-07,20.3,8.7,15.3,63,30,43,2.67,13.86,0.4,896.9,3.58,0.105
2022-04-08,18.7,11.6,15.7,59,30,42,3.8,21.98,0.5,893.5,4.8,0.107
2022-04-09,25.4,6.5,15.8,71,15,42,2.18,25.39,0.0,899.6,5.18,0.106
2022-04-10,23.8,10.8,17.1,72,14,40,2.55,25.36,0.4,897.1,5.33,0.103
2022-04-11,17.9,6.1,10.8,80,18,53,5.06,21.25,3.6,892.2,4.13,0.114
2022-04-12,10.1,3.8,6.4,61,28,45,4.16,19.45,0.0,899.8,3.18,0.14
2022-04-13,12.4,1.0,6.5,56,19,36,2.54,24.84,0.0,901.7,3.92,0.139
2022-04-14,15.8,1.3,8.5,52,9,30,1.68,26.88,0.0,903.8,4.26,0.132
2022-04-15,19.1,3.0,11.7,52,17,33,1.98,26.15,0.0,903.4,4.7,0.116
2022-04-16,23.3,5.4,14.9,57,6,30,1.12,26.31,0.0,901.4,4.74,0.108
2022-04-17,22.8,9.5,16.2,52,13,29,2.69,18.9,0.0,897.4,4.73,0.106
2022-04-18,25.9,16.2,21.4,26,7,15,6.75,25.68,0.0,892.4,8.59,0.1
2022-04-19,18.8,8.9,13.9,75,18,41,4.04,23.22,0.4,893.2,4.82,0.097
2022-04-20,20.6,7.9,13.6,74,19,47,1.74,19.8,0.0,899.3,3.87,0.097
2022-04-21,21.8,5.9,14.1,83,16,44,1.63,26.52,0.0,900.5,4.87,0.098
2022-04-22,24.4,7.7,16.3,55,11,32,1.86,27.08,0.0,902.4,5.44,0.097
2022-04-23,28.2,9.4,18.8,46,6,27,1.54,26.9,0.0,898.8,5.7,0.095
2022-04-24,29.9,10.1,20.3,62,3,29,1.59,26.33,0.0,897.1,5.75,0.091
2022-04-25,30.1,10.8,20.7,54,3,23,2.89,28.1,0.0,897.4,7.08,0.088
2022-04-26,29.2,8.4,19.1,58,2,24,1.58,28.5,0.0,897.6,5.86,0.085
2022-04-27,26.9,9.9,19.0,57,5,27,1.65,23.51,0.0,897.9,5.15,0.083
2022-04-28,26.2,10.4,18.6,44,21,33,2.43,25.16,0.4,898.5,5.75,0.085
2022-04-29,27.3,12.7,20.7,41,12,27,2.12,26.45,0.0,899.8,6.07,0.087
2022-04-30,23.8,15.5,19.3,64,22,36,2.48,23.3,2.2,897.6,5.19,0.097
2022-05-01,18.5,12.5,15.2,79,46,63,2.84,10.81,0.5,898.8,2.69,0.123
2022-05-02,21.9,11.0,15.5,80,35,61,0.98,18.86,2.3,899.0,3.4,0.127
2022-05-03,23.5,11.5,17.2,96,33,65,1.59,24.61,3.3,896.2,4.8,0.188
2022-05-04,21.3,11.9,15.5,84,47,70,2.5,19.0,8.5,896.1,3.45,0.21
2022-05-05,12.2,8.0,10.1,73,54,63,4.01,10.04,2.8,899.1,2.17,0.273
2022-05-06,14.8,7.9,11.0,62,40,52,4.75,25.67,0.7,901.3,4.33,0.256
2022-05-07,14.3,8.7,11.6,66,41,53,3.41,14.99,0.7,901.7,3.21,0.238
2022-05-08,18.8,6.0,12.7,70,32,50,2.37,20.99,0.0,903.1,4.01,0.219
2022-05-09,21.0,6.7,14.1,79,23,47,2.28,24.89,0.0,902.0,4.81,0.197
2022-05-10,22.0,7.8,15.1,55,15,35,2.28,28.66,0.0,901.8,5.55,0.175
2022-05-11,22.2,9.2,15.5,59,21,38,1.92,25.89,0.6,901.5,5.18,0.157
2022-05-12,21.7,8.5,15.6,80,18,48,1.87,21.45,0.0,905.0,4.28,0.15
2022-05-13,25.5,9.8,18.1,57,13,32,1.24,28.8,0.0,905.6,5.43,0.144
2022-05-14,25.5,11.1,18.9,67,24,41,2.22,26.27,0.9,902.1,5.67,0.135
2022-05-15,22.7,11.3,15.4,83,37,64,1.88,18.33,11.4,901.1,3.43,0.189
2022-05-16,23.3,9.0,16.4,88,32,60,1.7,27.23,0.1,904.2,5.03,0.261
2022-05-17,21.0,12.7,17.0,88,46,66,1.89,22.22,1.8,903.2,4.08,0.251
2022-05-18,26.4,9.1,18.0,91,25,56,2.0,26.71,0.5,901.0,5.54,0.235
2022-05-19,15.8,10.2,13.1,79,54,70,3.77,15.24,1.3,902.8,2.79,0.216
2022-05-20,18.5,9.3,13.3,72,27,50,3.02,28.67,0.0,907.0,5.04,0.205
2022-05-21,24.3,7.6,16.1,65,10,38,2.09,30.21,0.0,904.2,5.92,0.187
2022-05-22,25.4,10.3,18.0,53,19,35,1.52,26.51,0.3,896.0,5.38,0.17
2022-05-23,24.7,13.8,18.9,67,23,44,3.93,25.97,0.3,895.2,6.03,0.157
2022-05-24,24.0,11.9,18.4,61,20,39,2.5,23.99,0.0,899.7,5.29,0.147
2022-05-25,24.9,10.7,19.2,67,28,44,2.38,24.06,0.1,903.3,5.3,0.142
2022-05-26,28.8,12.5,21.5,79,19,43,2.36,28.54,0.0,905.7,6.33,0.137
2022-05-27,27.7,16.2,21.2,67,28,47,2.51,23.8,2.3,904.5,5.48,0.135
2022-05-28,28.8,14.0,21.9,75,24,46,1.95,25.75,0.5,901.0,5.75,0.147
2022-05-29,31.9,14.8,23.5,49,18,33,1.91,28.63,0.1,901.7,6.64,0.141
2022-05-30,32.5,15.4,24.6,57,14,31,2.57,26.63,0.2,901.7,6.96,0.136
2022-05-31,32.4,14.8,24.3,57,10,30,1.43,27.29,0.0,900.1,6.11,0.131
2022-06-01,31.3,15.6,24.0,59,19,34,2.19,28.02,0.0,898.8,6.72,0.126
2022-06-02,32.2,17.2,24.9,45,13,29,2.54,28.57,0.0,898.3,7.17,0.123
2022-06-03,33.1,16.9,25.0,61,13,33,2.3,29.83,0.0,898.8,7.34,0.117
2022-06-04,31.8,15.8,23.9,86,16,46,1.98,29.76,0.1,899.3,6.8,0.105
2022-06-05,30.7,17.4,23.2,71,24,47,2.61,25.35,6.6,899.8,6.16,0.106
2022-06-06,27.5,17.0,22.0,84,35,58,2.34,23.66,5.4,898.7,5.36,0.222
2022-06-07,27.8,15.8,21.0,87,35,61,1.61,24.65,1.9,897.3,4.99,0.214
2022-06-08,28.7,15.2,21.0,93,34,64,1.55,23.35,1.7,897.2,4.9,0.216
2022-06-09,28.8,14.1,21.8,87,31,56,1.97,26.54,0.4,898.4,5.79,0.212
2022-06-10,30.7,15.1,22.9,88,25,52,2.21,28.63,0.0,899.8,6.49,0.18
2022-06-11,32.7,16.3,24.9,81,19,42,2.87,26.86,0.4,898.7,7.11,0.153
2022-06-12,25.4,15.7,21.2,56,35,44,2.51,24.92,0.2,893.2,5.62,0.138
2022-06-13,24.2,17.4,20.2,74,42,56,1.56,21.05,3.0,894.8,4.34,0.144
2022-06-14,24.6,15.9,18.8,89,43,72,2.13,19.99,4.3,897.7,3.93,0.184
2022-06-15,27.1,14.7,20.8,84,27,55,3.13,26.51,0.0,902.5,5.95,0.208
2022-06-16,29.6,15.1,22.3,72,24,47,2.43,25.9,0.0,902.8,6.02,0.186
2022-06-17,30.8,16.3,23.7,69,23,44,2.45,27.85,0.0,901.2,6.59,0.168
2022-06-18,32.1,17.8,25.2,64,21,40,2.74,28.07,0.0,899.9,7.06,0.151
2022-06-19,31.0,19.7,24.8,55,27,42,2.85,28.52,0.0,900.9,6.92,0.138
2022-06-20,33.5,18.1,26.1,57,20,39,1.75,29.17,0.0,900.4,6.65,0.131
2022-06-21,27.4,16.7,21.6,85,29,56,3.18,22.7,0.3,895.7,5.26,0.13
2022-06-22,28.3,16.7,22.9,67,25,43,4.25,26.61,0.0,897.6,6.86,0.13
2022-06-23,29.3,17.3,23.5,43,22,33,2.25,27.99,0.0,900.2,6.6,0.123
2022-06-24,25.9,17.5,21.1,82,38,52,2.16,21.47,5.2,898.3,4.77,0.139
2022-06-25,25.1,14.2,19.6,81,31,51,4.22,19.23,0.0,899.0,5.17,0.167
2022-06-26,25.4,13.8,19.7,69,27,47,3.47,21.56,0.0,899.6,5.35,0.158
2022-06-27,24.7,16.0,20.6,58,35,46,2.42,17.11,0.0,900.2,4.37,0.148
2022-06-28,25.7,17.2,20.5,64,38,54,1.92,17.1,0.2,898.9,4.05,0.139
2022-06-29,25.9,16.6,21.5,65,38,50,2.01,18.16,0.3,899.4,4.39,0.136
2022-06-30,28.0,17.0,23.0,66,32,49,2.35,20.97,0.0,898.7,5.21,0.133
2022-07-01,26.6,17.6,22.4,67,38,54,3.38,23.61,0.1,899.6,5.6,0.132
2022-07-02,28.7,18.3,23.3,71,23,44,4.42,30.39,0.0,901.4,7.52,0.129
2022-07-03,28.0,16.5,22.5,54,17,34,4.17,31.45,0.0,901.6,7.69,0.12
2022-07-04,28.4,14.6,21.8,53,14,31,3.45,31.72,0.0,900.2,7.44,0.112
2022-07-05,30.0,16.1,22.5,54,14,33,2.98,31.3,0.0,899.5,7.32,0.108
2022-07-06,31.0,15.7,23.5,52,17,31,2.47,31.1,0.0,897.9,7.24,0.11
2022-07-07,32.6,16.5,25.4,36,20,28,1.91,29.09,0.0,897.6,6.92,0.113
2022-07-08,33.5,18.8,26.6,51,20,33,1.85,28.72,0.0,898.5,6.7,0.118
2022-07-09,34.4,19.5,27.1,58,18,35,1.69,30.32,0.0,895.4,7.03,0.118
2022-07-10,30.1,16.9,23.3,76,29,52,2.36,24.88,0.0,893.5,5.71,0.118
2022-07-11,28.2,18.2,23.0,59,29,45,3.14,27.39,0.0,899.3,6.6,0.125
2022-07-12,30.6,19.3,25.0,48,26,38,2.75,27.55,0.0,901.9,6.96,0.126
2022-07-13,31.5,18.1,25.0,46,19,33,2.25,29.8,0.0,900.5,7.11,0.124
2022-07-14,29.0,19.2,24.1,60,25,39,3.96,29.78,0.0,900.8,7.48,0.121
2022-07-15,27.7,16.6,22.6,60,30,42,3.0,30.18,0.0,899.0,6.82,0.122
2022-07-16,29.4,16.4,23.6,56,29,42,2.91,29.7,0.0,900.1,6.97,0.12
2022-07-17,28.6,19.4,24.0,51,30,41,3.96,29.63,0.0,902.1,7.27,0.118
2022-07-18,27.4,18.9,23.2,69,32,48,4.05,24.26,0.0,902.0,6.09,0.117
2022-07-19,27.7,18.0,22.6,68,33,50,3.48,23.77,0.0,902.2,5.72,0.116
2022-07-20,27.1,17.4,22.1,62,33,47,3.35,29.74,0.0,901.4,6.64,0.12
2022-07-21,27.2,17.9,22.3,59,22,38,3.64,29.94,0.0,900.3,6.96,0.118
2022-07-22,29.2,15.6,23.1,45,24,33,2.71,29.89,0.0,901.2,7.03,0.112
2022-07-23,30.0,17.6,23.8,43,25,34,3.42,29.61,0.0,901.9,7.45,0.108
2022-07-24,28.1,17.3,22.8,42,22,31,3.9,29.94,0.0,901.0,7.44,0.108
2022-07-25,28.3,16.6,22.7,41,20,30,3.09,29.85,0.0,899.3,7.01,0.107
2022-07-26,30.2,15.8,23.7,37,23,30,2.71,29.38,0.0,898.6,7.05,0.107
2022-07-27,32.4,17.0,25.3,48,19,32,2.69,29.62,0.0,898.7,7.45,0.108
2022-07-28,34.9,18.4,26.6,45,13,28,2.63,29.65,0.0,899.7,7.71,0.107
2022-07-29,35.2,18.6,27.2,34,12,24,2.6,29.61,0.0,899.6,7.81,0.11
2022-07-30,35.4,20.7,28.2,32,13,21,2.7,29.35,0.0,899.1,7.93,0.11
2022-07-31,35.2,19.6,28.1,27,11,20,2.06,29.14,0.0,896.9,7.41,0.11
2022-08-01,35.5,20.6,28.2,46,17,28,2.1,28.62,0.0,896.1,7.15,0.109
2022-08-02,34.6,21.0,28.0,57,22,36,2.65,26.83,0.0,897.8,7.13,0.108
2022-08-03,34.0,22.1,27.9,50,24,37,3.13,22.99,0.0,899.3,6.72,0.108
2022-08-04,36.0,21.6,29.1,47,17,33,2.31,26.2,0.0,899.8,6.91,0.107
2022-08-05,36.3,22.0,29.4,42,22,31,2.66,27.66,0.0,898.7,7.52,0.103
2022-08-06,37.2,23.0,29.5,49,14,30,2.4,26.74,0.0,896.0,7.2,0.102
2022-08-07,33.5,23.0,27.9,53,26,38,3.73,25.58,0.1,895.6,7.46,0.101
2022-08-08,33.5,22.1,27.3,56,24,39,3.05,25.1,0.0,897.7,6.9,0.104
2022-08-09,33.5,20.9,27.0,47,22,35,2.94,26.83,0.0,898.0,7.21,0.104
2022-08-10,33.5,20.7,27.0,51,24,37,2.96,24.7,0.0,897.1,6.9,0.105
2022-08-11,30.3,21.1,25.4,57,35,45,3.2,23.36,0.2,898.7,6.14,0.107
2022-08-12,32.4,20.6,26.1,48,27,38,3.05,25.67,0.0,899.7,6.79,0.106
2022-08-13,33.5,19.7,27.0,52,21,35,1.97,25.11,0.0,897.4,6.2,0.107
2022-08-14,34.5,20.2,27.5,68,13,38,1.48,25.7,0.0,896.0,6.06,0.106
2022-08-15,34.2,19.2,26.9,72,20,44,2.35,27.57,0.0,896.5,6.78,0.102
2022-08-16,32.6,21.0,26.5,56,22,35,2.24,26.5,0.0,900.9,6.58,0.101
2022-08-17,33.5,20.1,27.0,45,19,31,2.03,25.57,0.0,899.3,6.5,0.101
2022-08-18,33.2,20.3,26.9,43,22,31,3.0,25.33,0.5,898.3,7.02,0.104
2022-08-19,31.6,21.2,26.5,45,25,34,2.94,23.68,0.0,897.7,6.54,0.105
2022-08-20,32.5,19.4,26.1,54,25,39,1.97,25.32,0.0,897.8,6.11,0.105
2022-08-21,34.2,20.2,26.9,43,21,33,2.33,23.88,0.1,896.2,6.43,0.102
2022-08-22,35.2,18.6,27.4,63,14,37,1.95,25.42,0.0,896.6,6.44,0.101
2022-08-23,35.6,19.0,28.0,62,13,34,1.67,25.6,0.0,898.5,6.21,0.102
2022-08-24,35.9,19.7,27.1,69,15,40,2.58,25.53,0.0,898.3,6.76,0.1
2022-08-25,32.2,18.1,25.0,65,19,39,2.39,24.83,0.0,897.9,6.2,0.105
2022-08-26,32.5,17.3,24.6,67,19,42,2.02,25.49,0.0,897.5,6.03,0.107
2022-08-27,31.3,17.3,24.7,67,22,43,1.46,23.84,0.0,899.9,5.31,0.103
2022-08-28,33.9,18.0,26.4,69,20,39,1.56,24.97,0.0,901.2,5.79,0.102
2022-08-29,36.1,20.0,27.8,47,12,30,1.62,25.5,0.0,902.4,6.03,0.101
2022-08-30,36.4,17.6,27.1,49,12,28,2.32,25.81,0.0,901.6,6.89,0.099
2022-08-31,36.3,15.4,26.3,46,13,28,2.24,25.37,0.0,900.1,6.68,0.098
2022-09-01,35.4,17.0,26.1,46,12,27,1.94,25.23,0.0,898.9,6.32,0.098
2022-09-02,35.3,15.4,25.3,46,9,26,1.92,25.6,0.0,900.0,6.31,0.097
2022-09-03,35.3,16.1,25.5,45,10,25,1.86,25.21,0.0,901.3,6.2,0.096
2022-09-04,31.4,19.3,25.4,56,26,40,2.56,23.94,0.0,903.9,6.07,0.096
2022-09-05,30.0,19.6,24.3,55,33,44,3.01,21.38,0.0,902.2,5.7,0.096
2022-09-06,25.4,17.4,21.5,64,37,47,4.32,18.6,0.0,901.8,5.23,0.098
2022-09-07,24.1,14.1,19.0,58,24,38,3.32,24.16,0.0,903.2,5.5,0.1
2022-09-08,25.6,12.4,18.9,38,21,30,2.4,24.2,0.0,904.0,5.47,0.102
2022-09-09,28.7,11.7,20.2,43,16,30,2.19,24.04,0.0,904.2,5.59,0.102
2022-09-10,30.9,12.9,22.0,39,12,25,1.74,23.78,0.0,903.1,5.49,0.102
2022-09-11,34.0,15.3,24.7,30,12,21,1.49,23.34,0.0,899.9,5.43,0.102
2022-09-12,34.2,16.6,25.0,50,15,33,2.41,22.87,0.0,895.6,6.1,0.101
2022-09-13,25.6,17.9,21.8,63,33,48,2.32,17.08,0.0,896.9,4.3,0.1
2022-09-14,26.1,14.0,19.9,49,25,35,2.78,22.73,0.0,900.9,5.44,0.1
2022-09-15,29.1,12.6,20.7,51,15,31,1.46,22.74,0.0,903.6,4.85,0.101
2022-09-16,32.2,14.3,23.3,41,14,24,1.57,22.38,0.0,902.2,5.19,0.102
2022-09-17,35.2,16.1,25.3,38,10,25,1.25,22.03,0.0,898.7,4.92,0.1
2022-09-18,35.1,15.9,25.6,67,14,36,1.79,22.0,0.0,898.0,5.4,0.097
2022-09-19,29.7,17.4,23.8,60,30,43,1.95,21.43,0.0,899.4,4.88,0.095
2022-09-20,30.1,16.0,22.8,56,21,38,1.37,21.01,0.2,897.6,4.61,0.095
2022-09-21,25.8,15.0,19.8,66,34,46,2.62,19.88,1.2,896.9,4.62,0.103
2022-09-22,25.5,13.8,19.2,69,28,49,2.7,18.26,0.1,896.0,4.46,0.118
2022-09-23,20.0,10.9,15.1,61,38,48,3.2,17.96,0.0,899.7,3.99,0.119
2022-09-24,22.4,13.7,16.9,54,26,40,1.97,18.81,0.1,903.4,3.98,0.113
2022-09-25,24.5,9.0,16.5,46,14,31,1.5,21.39,0.0,906.1,4.25,0.114
2022-09-26,28.2,8.7,18.2,48,4,24,1.34,21.39,0.0,904.3,4.39,0.118
2022-09-27,31.6,9.3,20.6,42,7,21,1.96,21.3,0.0,900.2,5.1,0.104
2022-09-28,29.7,14.2,21.8,58,27,40,3.21,18.24,0.0,900.0,5.24,0.1
2022-09-29,29.0,14.5,21.8,78,28,51,2.96,16.2,0.0,902.4,4.56,0.1
2022-09-30,31.5,15.5,23.2,76,25,47,2.49,18.15,0.0,906.0,4.81,0.1
2022-10-01,30.1,16.6,23.3,69,23,44,2.12,18.94,0.0,908.3,4.73,0.099
2022-10-02,33.6,15.1,23.8,51,16,33,2.88,17.68,0.0,901.1,5.41,0.098
2022-10-03,23.6,14.4,18.6,67,36,52,2.18,16.21,0.0,898.4,3.53,0.098
2022-10-04,24.1,12.5,18.3,57,33,42,1.84,16.14,0.0,899.3,3.58,0.1
2022-10-05,22.6,12.9,17.7,59,39,49,2.9,15.69,0.0,904.8,3.74,0.1
2022-10-06,22.1,12.6,16.6,68,39,56,3.71,13.87,0.0,905.4,3.55,0.099
2022-10-07,16.9,11.8,14.1,79,55,68,2.85,8.05,2.9,901.8,1.98,0.114
2022-10-08,20.0,12.6,15.1,73,40,60,1.11,13.94,1.0,900.8,2.58,0.143
2022-10-09,17.8,11.6,14.4,82,48,66,1.52,7.57,0.6,903.2,1.74,0.149
2022-10-10,19.1,11.5,14.8,79,44,63,1.65,10.58,0.1,907.6,2.18,0.15
2022-10-11,22.6,7.9,14.9,86,32,58,1.55,17.55,0.0,906.2,3.33,0.145
2022-10-12,24.0,9.8,16.5,73,28,50,1.3,15.59,0.0,903.6,3.18,0.134
2022-10-13,23.3,10.5,16.5,65,26,46,2.21,17.2,0.0,903.0,3.74,0.12
2022-10-14,23.6,10.9,16.6,58,28,43,1.52,15.22,0.0,900.3,3.22,0.112
2022-10-15,23.2,12.5,17.3,56,29,44,1.45,14.67,0.0,899.1,3.04,0.108
2022-10-16,16.7,12.3,13.8,92,50,80,1.63,5.02,14.2,901.9,1.06,0.161
2022-10-17,17.9,12.4,14.6,91,67,81,2.28,8.59,11.6,905.7,1.63,0.32
2022-10-18,18.4,13.1,15.0,85,57,74,3.11,8.35,2.3,906.5,1.84,0.305
2022-10-19,20.3,11.4,15.2,89,51,73,1.15,10.07,0.6,902.0,1.9,0.282
2022-10-20,20.1,12.0,15.0,91,58,76,1.93,13.1,2.5,901.1,2.36,0.264
2022-10-21,15.0,10.8,12.7,76,51,59,3.16,4.21,0.3,904.8,1.76,0.267
2022-10-22,14.1,5.3,9.4,72,35,52,1.98,16.48,0.0,908.2,2.62,0.245
2022-10-23,17.7,1.7,9.2,76,25,52,1.12,16.29,0.0,907.6,2.6,0.226
2022-10-24,20.1,5.5,12.2,66,25,46,1.38,15.75,0.0,906.5,2.84,0.209
2022-10-25,19.0,5.3,11.8,74,34,54,1.71,15.67,0.0,904.8,2.81,0.198
2022-10-26,21.0,5.6,12.1,73,28,52,1.33,15.47,0.0,904.5,2.75,0.188
2022-10-27,20.0,6.0,12.5,70,30,51,1.97,15.31,0.0,907.3,2.94,0.179
2022-10-28,17.6,7.2,12.0,77,37,56,2.44,13.9,0.0,907.6,2.66,0.167
2022-10-29,15.6,4.6,9.6,70,37,54,2.33,15.02,0.0,906.1,2.6,0.157
2022-10-30,17.4,3.3,9.3,74,34,55,1.46,14.92,0.0,903.7,2.41,0.149
2022-10-31,18.8,4.6,10.9,70,35,53,1.64,12.94,0.1,902.3,2.39,0.143
2022-11-01,18.2,6.2,11.8,68,33,48,1.64,14.4,0.0,904.5,2.57,0.137
2022-11-02,17.7,4.1,10.6,70,27,47,1.51,14.5,0.0,904.3,2.51,0.131
2022-11-03,19.8,3.3,10.9,57,24,40,1.3,14.22,0.0,903.9,2.49,0.128
2022-11-04,20.2,4.9,11.8,57,27,41,1.29,13.6,0.0,902.6,2.49,0.123
2022-11-05,21.3,5.0,12.5,58,19,38,1.62,14.03,0.0,903.1,2.8,0.121
2022-11-06,20.9,5.2,12.7,49,21,35,1.58,14.01,0.0,901.9,2.78,0.119
2022-11-07,16.3,7.3,12.3,73,41,56,1.17,10.29,1.2,898.7,1.86,0.123
2022-11-08,15.1,9.0,11.5,74,47,61,2.37,12.41,0.0,900.7,2.21,0.122
2022-11-09,13.5,8.1,10.2,81,59,70,1.96,9.14,2.0,903.2,1.52,0.132
2022-11-10,14.2,5.4,9.4,81,44,62,2.16,12.55,0.0,905.4,2.07,0.142
2022-11-11,14.9,2.8,8.5,79,48,65,1.45,12.74,0.0,907.8,1.91,0.141
2022-11-12,15.9,2.4,8.5,87,47,68,1.67,12.57,0.0,908.7,1.96,0.138
2022-11-13,15.0,3.1,8.7,85,38,62,1.71,12.83,0.0,910.3,2.01,0.134
2022-11-14,14.0,1.4,7.5,78,37,56,1.44,12.89,0.0,905.7,1.96,0.127
2022-11-15,15.7,1.1,7.2,74,36,56,1.41,12.84,0.0,901.8,1.97,0.128
2022-11-16,16.9,1.9,8.8,68,31,51,1.72,11.46,0.1,896.9,2.11,0.127
2022-11-17,18.5,2.0,9.7,84,29,57,2.19,12.08,0.0,897.4,2.34,0.119
2022-11-18,18.1,8.1,12.6,77,36,57,2.71,8.64,0.0,900.5,2.22,0.116
2022-11-19,21.7,10.3,14.7,78,34,57,2.24,10.19,0.0,905.7,2.36,0.115
2022-11-20,20.9,8.5,13.5,91,39,68,1.88,10.47,0.0,908.3,1.95,0.115
2022-11-21,19.7,9.9,14.1,82,27,55,1.89,7.11,0.0,903.2,1.96,0.113
2022-11-22,18.1,7.8,13.3,69,37,52,1.88,9.77,0.0,899.8,2.07,0.11
2022-11-23,18.4,4.7,10.9,89,34,64,3.47,11.22,0.0,899.6,2.46,0.109
2022-11-24,13.2,6.1,11.1,85,56,68,3.49,5.99,0.5,894.2,1.57,0.109
2022-11-25,11.1,4.9,7.4,91,57,79,1.91,9.25,1.4,893.5,1.34,0.112
2022-11-26,9.0,5.0,6.9,80,50,63,2.55,6.5,1.0,902.3,1.25,0.14
2022-11-27,9.4,2.7,6.1,76,51,63,1.07,9.21,0.0,904.4,1.23,0.143
2022-11-28,9.9,-0.3,5.0,91,53,71,1.11,10.52,0.0,900.4,1.36,0.151
2022-11-29,14.9,5.4,8.9,74,49,63,0.95,10.66,0.0,898.6,1.54,0.158
2022-11-30,15.4,2.8,9.0,91,48,70,1.0,10.7,0.0,900.1,1.58,0.157
2022-12-01,16.0,5.6,10.0,87,49,73,2.25,6.81,0.0,902.4,1.38,0.155
2022-12-02,15.9,5.4,9.4,95,42,73,1.42,10.44,0.0,903.7,1.56,0.153
2022-12-03,14.2,2.9,8.1,84,46,66,1.49,10.58,0.0,904.8,1.62,0.152
2022-12-04,12.9,2.1,7.0,90,45,71,1.53,10.13,0.0,906.0,1.46,0.153
2022-12-05,11.9,1.9,6.5,87,44,66,1.6,10.53,0.0,904.8,1.54,0.152
2022-12-06,11.8,1.9,5.8,84,47,69,1.39,10.04,0.0,902.8,1.41,0.151
2022-12-07,13.8,0.6,6.5,90,42,69,1.68,8.27,0.0,900.9,1.37,0.148
2022-12-08,14.9,3.8,7.9,90,39,69,1.9,9.5,0.0,903.4,1.57,0.145
2022-12-09,15.8,2.8,7.8,95,40,69,1.35,9.73,0.0,905.0,1.41,0.143
2022-12-10,14.7,0.9,7.7,89,36,63,1.73,6.71,0.0,903.0,1.36,0.137
2022-12-11,15.7,6.5,10.2,83,51,71,3.0,6.26,2.9,899.6,1.48,0.139
2022-12-12,13.0,8.2,10.1,83,59,73,3.21,5.27,1.0,897.0,1.24,0.176
2022-12-13,16.0,6.0,10.8,87,43,66,2.55,7.91,0.0,896.7,1.72,0.173
2022-12-14,10.9,7.6,9.8,92,70,85,2.68,2.19,7.4,897.4,0.62,0.223
2022-12-15,17.1,6.0,10.2,96,50,80,2.03,8.22,0.0,901.8,1.38,0.244
2022-12-16,17.2,5.1,9.9,98,48,79,1.4,9.66,0.0,906.2,1.44,0.23
2022-12-17,16.7,3.7,9.2,92,50,76,1.06,9.81,0.0,907.0,1.39,0.223
2022-12-18,15.9,2.5,8.5,94,51,77,1.05,10.07,0.0,908.3,1.42,0.218
2022-12-19,9.5,3.6,6.3,93,74,85,1.69,9.19,0.0,908.0,1.09,0.215
2022-12-20,7.5,1.4,3.8,90,67,81,3.39,2.4,3.4,906.7,0.56,0.229
2022-12-21,3.3,-2.3,0.6,81,62,71,1.77,7.79,0.0,905.0,0.87,0.229
2022-12-22,5.8,-0.5,2.2,85,62,75,0.78,9.7,0.0,904.1,1.02,0.224
2022-12-23,5.3,-0.6,1.8,92,63,81,0.95,9.52,0.0,901.4,0.98,0.221
2022-12-24,6.4,-0.7,2.2,90,60,77,0.98,9.86,0.0,900.0,1.06,0.22
2022-12-25,7.0,0.5,3.4,89,61,74,1.32,8.75,0.0,902.0,1.02,0.216
2022-12-26,6.8,2.4,4.6,86,54,71,3.4,6.31,1.4,907.0,1.11,0.216
2022-12-27,9.7,-1.2,3.1,84,36,64,1.65,10.34,0.0,908.6,1.38,0.212
2022-12-28,11.1,-2.5,3.6,85,37,61,1.23,10.36,0.0,907.7,1.37,0.207
2022-12-29,11.0,-1.3,4.1,83,47,67,1.48,10.4,0.0,908.9,1.39,0.203
2022-12-30,11.0,-2.8,3.2,95,48,75,1.08,10.05,0.0,910.3,1.23,0.202
2022-12-31,10.3,-3.1,3.1,88,45,69,1.41,10.68,0.0,910.9,1.39,0.2
2023-01-01,8.5,-2.5,2.3,89,49,73,1.54,10.45,0.0,912.9,1.22,0.196
2023-01-02,7.8,-3.3,1.3,84,45,69,1.2,10.97,0.0,912.8,1.22,0.194
2023-01-03,7.2,-3.7,0.7,78,40,64,0.74,11.16,0.0,910.0,1.21,0.195
2023-01-04,7.7,-5.5,0.2,74,37,58,0.93,11.17,0.0,905.4,1.27,0.197
2023-01-05,6.3,-4.2,-0.1,71,43,60,1.24,10.68,0.0,903.4,1.24,0.198
2023-01-06,11.4,-4.9,2.1,86,40,66,1.6,10.78,0.0,901.1,1.43,0.2
2023-01-07,7.3,0.5,3.3,83,51,71,1.46,10.26,0.3,906.0,1.23,0.2
2023-01-08,3.6,-2.7,0.1,89,57,77,1.14,11.11,0.0,904.4,1.06,0.198
2023-01-09,3.0,-2.3,-0.6,90,56,78,1.02,9.78,0.0,906.2,0.96,0.199
2023-01-10,11.5,-4.9,1.7,91,41,70,2.04,9.98,0.0,903.8,1.4,0.199
2023-01-11,9.2,3.7,6.8,80,65,75,4.35,5.49,0.5,903.0,1.17,0.199
2023-01-12,9.8,3.6,6.5,80,35,59,2.87,6.17,0.5,900.8,1.45,0.203
2023-01-13,9.1,0.5,4.7,67,31,45,1.35,9.04,0.0,900.4,1.38,0.198
2023-01-14,9.5,-1.1,3.5,68,32,53,1.19,11.55,0.0,900.0,1.52,0.195
2023-01-15,9.9,-0.9,3.9,72,46,61,1.15,10.03,0.0,900.7,1.3,0.191
2023-01-16,11.2,-0.5,5.2,91,44,69,1.25,11.54,0.0,899.2,1.51,0.186
2023-01-17,13.8,-1.0,5.2,90,38,68,2.46,9.71,0.0,901.4,1.69,0.181
2023-01-18,15.6,1.8,7.2,90,33,66,2.74,11.0,0.0,904.5,2.0,0.175
2023-01-19,16.8,0.8,7.2,91,28,63,1.7,11.96,0.0,905.5,1.89,0.168
2023-01-20,17.4,-1.8,6.9,89,16,54,2.44,12.53,0.0,900.2,2.42,0.159
2023-01-21,14.2,1.5,6.9,92,22,58,1.36,11.76,0.0,902.9,1.76,0.153
2023-01-22,14.2,-1.6,5.9,84,20,51,1.05,12.63,0.0,903.7,1.78,0.148
2023-01-23,13.6,-1.2,5.3,73,24,51,1.22,12.6,0.0,905.5,1.84,0.144
2023-01-24,12.9,-2.2,4.8,81,25,55,1.38,12.8,0.0,905.8,1.85,0.14
2023-01-25,9.6,-2.1,3.2,81,46,66,1.66,12.78,0.0,904.3,1.66,0.138
2023-01-26,11.2,-2.1,4.0,85,35,64,1.03,11.89,0.1,903.0,1.59,0.137
2023-01-27,14.6,0.6,7.5,77,16,49,4.88,9.78,0.5,897.0,2.92,0.139
2023-01-28,11.7,2.7,6.7,86,42,66,3.32,10.54,3.5,894.6,1.91,0.159
2023-01-29,9.2,1.0,4.4,92,57,79,1.1,9.99,1.7,896.8,1.3,0.167
2023-01-30,7.0,0.6,3.2,89,50,72,1.41,9.38,0.0,895.1,1.25,0.181
2023-01-31,2.7,-1.5,0.4,89,65,79,2.28,9.45,2.7,889.4,0.9,0.181
2023-02-01,1.3,-3.0,-0.8,84,58,73,2.99,7.59,0.3,893.3,0.93,0.18
2023-02-02,3.8,-4.1,-0.9,68,39,56,2.53,14.28,0.0,901.0,1.67,0.179
2023-02-03,8.5,-6.0,0.1,73,23,51,2.15,13.96,0.0,900.8,1.92,0.178
2023-02-04,4.3,-2.2,0.5,88,49,68,1.42,11.86,0.6,896.3,1.39,0.18
2023-02-05,2.8,-2.4,0.0,100,73,84,2.1,10.76,5.4,890.2,1.02,0.186
2023-02-06,0.2,-1.4,-0.7,100,84,90,5.15,7.46,17.0,885.9,0.66,0.19
2023-02-07,-0.8,-3.4,-2.1,83,71,75,5.31,13.55,1.5,897.6,1.17,0.189
2023-02-08,-3.0,-12.4,-5.8,81,65,71,2.95,15.69,0.0,905.8,1.25,0.188
2023-02-09,-2.7,-15.7,-9.0,83,66,74,1.48,12.23,0.0,908.2,0.96,0.186
2023-02-10,-2.6,-13.0,-7.5,88,69,79,1.77,14.25,0.0,910.3,1.05,0.183
2023-02-11,-2.6,-10.7,-6.4,87,70,80,1.49,13.79,0.0,909.4,1.03,0.18
2023-02-12,-3.0,-12.7,-8.0,93,67,82,0.83,14.76,0.0,906.1,1.1,0.18
2023-02-13,-1.0,-14.4,-7.9,89,60,73,1.66,16.16,0.0,909.7,1.27,0.179
2023-02-14,0.2,-15.4,-7.2,81,47,69,1.58,16.73,0.0,905.3,1.47,0.177
2023-02-15,2.6,-9.2,-3.5,72,47,60,1.94,13.73,0.1,904.4,1.43,0.177
2023-02-16,3.0,-3.5,-0.8,70,40,58,1.47,14.43,0.0,909.8,1.61,0.177
2023-02-17,8.1,-7.9,-1.3,77,22,56,1.65,16.97,0.0,910.1,1.99,0.188
2023-02-18,12.7,-6.2,1.9,82,18,52,1.59,17.09,0.0,906.7,2.36,0.196
2023-02-19,16.0,-2.2,5.2,87,16,53,1.86,16.81,0.0,904.8,2.62,0.194
2023-02-20,14.6,-0.4,5.9,83,28,60,2.74,14.87,0.0,901.8,2.53,0.192
2023-02-21,12.0,1.0,6.3,82,28,58,1.33,17.08,0.0,903.8,2.44,0.193
2023-02-22,16.0,-1.8,6.9,81,20,49,1.15,17.57,0.0,899.8,2.6,0.194
2023-02-23,14.8,-0.7,6.7,90,31,61,1.85,16.29,0.0,898.7,2.58,0.19
2023-02-24,15.4,1.4,8.3,83,22,54,1.29,17.02,0.0,900.3,2.62,0.184
2023-02-25,16.2,2.4,8.3,87,27,58,2.52,16.5,0.0,900.3,2.86,0.173
2023-02-26,17.8,4.0,9.6,89,26,58,2.87,17.66,0.0,904.2,3.17,0.158
2023-02-27,21.2,3.0,10.6,80,12,48,2.33,16.72,0.0,907.3,3.33,0.149
2023-02-28,21.0,5.3,12.8,74,13,41,1.63,15.64,0.0,908.1,3.13,0.139
2023-03-01,22.9,5.9,13.6,71,9,37,1.41,17.75,0.0,902.9,3.41,0.123
2023-03-02,21.0,4.7,13.0,79,13,40,1.91,16.0,0.0,899.3,3.42,0.113
2023-03-03,21.0,9.1,14.9,38,16,27,2.12,17.23,0.0,897.5,3.88,0.107
2023-03-04,20.7,4.1,11.9,65,20,41,2.25,17.86,0.1,899.8,3.66,0.102
2023-03-05,20.1,6.2,12.6,81,18,46,3.48,14.26,0.0,895.5,3.78,0.101
2023-03-06,14.1,5.8,9.7,71,32,51,2.51,17.23,0.6,895.4,2.98,0.1
2023-03-07,16.6,2.0,8.8,80,17,49,2.4,15.62,0.0,899.3,3.06,0.103
2023-03-08,16.6,5.1,10.4,67,18,43,1.67,17.51,0.0,899.1,3.14,0.102
2023-03-09,18.8,3.5,10.5,85,20,53,2.6,17.6,0.2,899.0,3.49,0.102
2023-03-10,20.0,5.3,12.1,79,26,49,2.98,17.93,0.0,899.3,3.74,0.102
2023-03-11,18.9,7.0,12.8,60,23,38,4.85,18.17,0.0,896.2,4.56,0.099
2023-03-12,15.2,10.6,12.1,76,40,55,4.13,10.67,4.4,891.7,2.66,0.102
2023-03-13,9.5,2.4,5.5,100,84,93,2.89,4.43,13.8,893.5,0.55,0.181
2023-03-14,9.9,2.2,5.3,89,55,74,1.73,12.89,0.6,896.1,1.81,0.265
2023-03-15,15.2,5.4,9.3,83,38,63,1.08,16.5,0.0,893.3,2.52,0.252
2023-03-16,15.5,5.1,9.7,82,29,57,3.28,17.23,0.4,893.5,3.11,0.235
2023-03-17,9.8,5.5,7.7,86,67,78,1.62,7.66,9.7,894.6,1.16,0.287
2023-03-18,9.6,3.8,6.4,95,70,84,2.22,9.85,8.0,895.5,1.32,0.33
2023-03-19,6.9,4.5,6.0,89,76,82,3.6,4.3,15.5,894.4,0.86,0.355
2023-03-20,12.0,5.7,8.4,88,50,70,4.44,8.88,3.6,898.1,1.77,0.355
2023-03-21,15.0,2.7,8.7,81,35,58,1.87,22.5,0.0,898.2,3.42,0.31
2023-03-22,15.2,3.9,9.0,79,35,59,1.49,15.57,0.0,896.1,2.58,0.288
2023-03-23,16.7,4.5,10.1,93,37,66,2.29,20.62,1.8,897.5,3.35,0.281
2023-03-24,15.6,7.0,10.7,86,44,67,1.46,19.34,0.4,899.4,3.09,0.269
2023-03-25,16.4,5.5,10.9,86,30,58,1.8,21.08,0.0,896.5,3.43,0.257
2023-03-26,19.4,3.8,11.8,79,30,52,1.69,21.58,0.1,894.3,3.9,0.244
2023-03-27,21.5,5.7,12.8,90,24,56,2.46,22.87,0.0,896.2,4.33,0.228
2023-03-28,16.7,8.7,11.9,67,29,48,5.45,21.02,0.0,893.6,4.24,0.21
2023-03-29,8.7,1.2,5.2,81,50,65,4.39,16.2,5.6,894.1,2.07,0.233
2023-03-30,4.8,-2.6,1.5,71,30,50,3.48,20.24,0.2,902.8,2.52,0.25
2023-03-31,9.6,-2.2,3.1,75,22,48,1.67,24.14,0.0,902.0,3.08,0.24
2023-04-01,19.1,1.9,9.8,65,22,44,2.53,22.94,0.0,899.2,4.2,0.225
2023-04-02,18.5,8.2,12.7,71,34,55,3.31,16.33,0.1,899.4,3.43,0.214
2023-04-03,23.0,8.0,14.9,84,16,48,2.36,22.92,0.0,899.1,4.62,0.2
2023-04-04,22.0,8.4,14.7,73,16,42,5.04,20.61,0.2,894.8,5.28,0.186
2023-04-05,17.2,8.1,12.3,62,27,45,3.4,21.05,0.4,895.0,4.19,0.175
2023-04-06,16.4,4.9,10.2,84,28,57,2.45,22.43,0.8,896.4,3.87,0.172
2023-04-07,13.0,5.9,9.5,73,31,53,2.72,20.83,1.2,896.9,3.42,0.179
2023-04-08,14.5,4.4,9.3,76,36,54,1.35,20.36,0.0,902.4,3.19,0.178
2023-04-09,20.2,8.1,13.0,84,35,57,1.27,20.07,3.5,900.2,3.41,0.185
2023-04-10,19.1,8.7,13.0,90,34,67,2.12,20.3,3.4,893.9,3.5,0.231
2023-04-11,15.6,6.9,10.4,90,41,69,1.56,16.74,4.2,889.2,2.71,0.259
2023-04-12,12.5,4.6,8.2,82,43,66,1.47,20.74,2.3,888.9,3.01,0.27
2023-04-13,13.8,5.4,9.5,85,32,58,1.72,18.1,1.5,895.5,2.75,0.282
2023-04-14,21.9,3.2,12.2,79,22,48,2.32,25.99,0.0,901.2,4.75,0.259
2023-04-15,23.0,6.1,14.1,86,19,51,1.71,24.95,0.0,902.4,4.61,0.231
2023-04-16,22.6,8.0,15.8,76,15,42,2.03,20.67,0.0,900.1,4.41,0.213
2023-04-17,24.8,9.1,17.1,65,11,34,2.67,22.42,0.0,899.2,5.24,0.198
2023-04-18,22.7,9.6,16.7,58,20,35,3.34,22.7,0.8,899.3,5.4,0.18
2023-04-19,24.0,10.5,16.8,45,14,28,4.31,26.94,0.0,895.2,6.46,0.166
2023-04-20,18.5,6.5,12.7,70,25,46,2.04,24.24,0.2,894.1,4.45,0.15
2023-04-21,19.2,9.4,13.3,62,26,48,1.77,23.95,1.0,896.5,4.33,0.145
2023-04-22,19.3,7.0,13.9,71,28,48,1.27,23.43,0.4,898.0,4.24,0.147
2023-04-23,19.6,9.5,14.0,80,26,55,1.85,23.07,1.9,897.3,4.25,0.148
2023-04-24,19.9,8.3,13.7,81,22,51,1.7,23.64,0.0,898.6,4.3,0.161
2023-04-25,21.9,6.6,14.4,68,23,41,2.53,24.13,0.7,898.0,4.91,0.159
2023-04-26,20.7,8.7,14.5,69,26,43,3.2,23.34,0.8,896.2,4.96,0.161
2023-04-27,15.5,9.3,12.5,79,41,57,3.43,19.15,5.9,893.4,3.41,0.201
2023-04-28,11.9,6.7,9.2,86,51,67,3.76,15.66,4.5,895.5,2.61,0.261
2023-04-29,11.7,4.4,7.9,63,40,52,3.53,18.37,0.0,896.1,3.19,0.25
2023-04-30,15.1,4.5,9.6,71,33,52,1.45,18.88,0.3,897.6,3.15,0.231
2023-05-01,18.7,4.5,12.2,67,19,42,1.46,24.45,0.0,901.8,4.27,0.21
2023-05-02,20.5,6.5,14.1,57,9,34,1.92,27.59,0.0,905.3,5.23,0.187
2023-05-03,23.6,5.9,15.8,54,2,24,1.61,28.78,0.0,907.7,5.56,0.164
2023-05-04,25.0,10.1,17.7,32,10,20,1.25,21.87,0.0,905.0,4.61,0.143
2023-05-05,25.6,11.1,18.0,67,19,38,2.83,21.71,0.0,898.1,5.37,0.132
2023-05-06,19.4,11.1,16.0,64,23,44,3.89,19.13,2.0,894.1,4.4,0.132
2023-05-07,20.2,8.1,13.8,81,33,61,1.71,21.1,2.9,897.3,3.84,0.151
2023-05-08,19.9,11.3,15.4,85,33,56,2.31,15.69,0.3,901.0,3.41,0.168
2023-05-09,24.4,8.8,17.2,76,19,44,1.55,24.56,0.0,900.7,4.99,0.157
2023-05-10,25.4,11.8,18.7,80,23,49,2.08,25.1,0.0,900.0,5.35,0.144
2023-05-11,24.1,12.4,17.9,81,37,60,2.04,22.36,0.7,900.0,4.5,0.139
2023-05-12,19.7,13.9,16.0,85,46,70,1.41,18.46,5.5,899.1,3.38,0.179
2023-05-13,22.0,12.2,16.3,84,38,64,2.43,16.69,0.4,902.9,3.45,0.209
2023-05-14,24.3,11.1,17.5,83,27,53,2.06,24.92,0.0,905.4,5.15,0.192
2023-05-15,25.7,11.1,18.8,68,26,42,2.35,27.83,0.0,903.7,5.85,0.169
2023-05-16,29.1,12.9,21.4,66,17,38,1.87,28.61,0.0,901.8,6.21,0.153
2023-05-17,28.7,15.7,21.1,57,20,39,2.62,25.08,2.0,896.8,5.86,0.149
2023-05-18,25.7,11.7,18.9,67,18,41,2.92,27.7,0.0,894.7,6.19,0.15
2023-05-19,22.6,13.2,16.2,78,29,59,1.52,22.48,5.2,897.1,4.21,0.15
2023-05-20,19.9,13.0,15.8,75,38,61,1.93,20.11,2.1,897.1,3.73,0.174
2023-05-21,23.4,10.2,17.0,92,29,57,1.69,22.92,0.4,896.1,4.61,0.175
2023-05-22,22.9,11.9,16.2,80,40,64,1.55,21.16,2.1,894.3,3.93,0.174
2023-05-23,22.4,13.5,17.6,89,35,58,2.58,21.95,1.2,896.5,4.58,0.181
2023-05-24,22.6,9.9,16.1,79,31,56,1.62,24.34,1.0,898.9,4.56,0.187
2023-05-25,23.9,10.8,17.4,84,30,56,1.19,25.76,0.3,899.7,4.82,0.197
2023-05-26,25.1,12.0,18.0,79,29,54,1.46,24.23,2.1,899.4,4.79,0.185
2023-05-27,25.7,10.8,18.8,75,27,48,1.56,25.35,0.2,898.0,5.15,0.183
2023-05-28,19.7,13.9,17.1,63,42,50,3.12,15.91,2.0,895.9,3.75,0.181
2023-05-29,22.6,12.1,17.2,85,42,62,2.63,21.07,0.5,895.3,4.28,0.189
2023-05-30,23.3,12.6,17.8,79,33,56,2.51,23.25,0.6,899.8,4.82,0.176
2023-05-31,24.5,11.5,17.9,89,31,59,1.69,22.02,0.2,901.6,4.46,0.171
2023-06-01,26.4,12.8,19.1,87,32,59,1.64,25.77,0.3,901.2,5.21,0.159
2023-06-02,23.9,13.5,18.6,89,43,65,2.0,17.62,0.4,900.3,3.66,0.152
2023-06-03,26.9,16.0,20.9,75,29,52,2.74,23.68,0.9,897.6,5.44,0.15
2023-06-04,23.9,14.5,18.4,85,41,67,1.57,18.85,1.2,901.0,3.8,0.154
2023-06-05,22.9,14.0,17.2,86,47,73,2.68,18.6,13.8,901.7,3.56,0.182
2023-06-06,24.1,15.1,18.8,88,38,66,2.91,18.14,2.1,903.0,3.96,0.242
2023-06-07,28.2,14.1,21.2,84,23,53,2.32,29.92,0.0,902.8,6.39,0.212
2023-06-08,30.2,14.3,22.1,73,22,46,1.57,25.96,0.1,900.3,5.67,0.18
2023-06-09,30.8,15.0,22.5,81,19,46,1.97,26.85,1.7,897.5,6.13,0.171
2023-06-10,27.4,15.8,21.7,73,32,53,1.81,22.52,0.1,896.1,4.96,0.176
2023-06-11,27.4,17.8,21.0,75,35,60,1.51,21.29,2.7,895.7,4.45,0.176
2023-06-12,22.4,16.5,18.7,81,52,69,1.34,16.39,2.5,895.5,3.21,0.203
2023-06-13,25.2,13.0,18.2,93,38,72,1.09,21.38,2.4,895.4,4.07,0.218
2023-06-14,22.8,14.5,18.0,85,51,73,1.49,21.75,4.6,897.6,4.05,0.243
2023-06-15,27.2,13.5,20.2,89,31,60,1.93,24.59,0.0,900.4,5.06,0.252
2023-06-16,30.0,14.9,22.8,73,28,48,1.53,26.79,1.1,899.1,5.76,0.216
2023-06-17,30.6,15.9,22.9,82,18,48,2.96,29.2,0.5,894.3,6.96,0.193
2023-06-18,28.4,14.2,21.8,79,24,48,1.79,23.39,0.0,896.4,5.34,0.172
2023-06-19,24.7,16.1,20.4,80,39,59,2.13,23.49,2.2,898.3,5.05,0.166
2023-06-20,24.7,15.7,20.4,77,35,54,2.72,20.98,0.0,901.4,4.74,0.165
2023-06-21,23.0,15.6,19.6,73,50,58,2.98,21.95,0.8,901.8,4.62,0.158
2023-06-22,25.1,15.5,20.4,75,28,49,4.06,25.07,0.0,903.1,6.02,0.149
2023-06-23,26.9,15.9,21.4,64,27,43,3.61,30.72,0.0,904.1,6.99,0.135
2023-06-24,30.1,14.5,22.7,55,14,32,2.8,31.48,0.0,903.8,7.41,0.122
2023-06-25,33.7,14.9,24.7,52,11,31,1.85,31.03,0.0,900.2,7.14,0.111
2023-06-26,32.9,17.3,25.8,55,21,34,1.95,28.68,0.1,896.9,6.94,0.108
2023-06-27,30.5,18.5,24.9,57,26,40,2.49,25.63,0.0,898.6,6.44,0.107
2023-06-28,32.8,19.1,26.1,56,20,37,2.12,25.21,0.0,899.6,6.45,0.106
2023-06-29,32.0,18.2,25.5,62,27,41,2.15,25.53,0.0,900.1,6.39,0.105
2023-06-30,30.1,18.3,24.4,56,26,40,2.52,23.61,0.0,900.4,6.11,0.105
2023-07-01,31.0,16.6,24.2,50,17,33,2.31,30.71,0.0,899.7,7.17,0.105
2023-07-02,34.2,16.6,26.2,38,15,26,1.9,30.51,0.0,899.7,7.34,0.106
2023-07-03,35.5,18.5,27.6,67,15,35,2.57,28.45,0.0,900.8,7.66,0.104
2023-07-04,34.5,19.0,27.6,57,15,32,2.16,30.37,0.0,901.3,7.61,0.103
2023-07-05,35.0,21.1,28.5,40,11,26,2.76,29.36,0.0,900.0,7.96,0.103
2023-07-06,35.0,20.9,28.5,44,15,25,2.75,28.79,0.0,897.9,7.89,0.103
2023-07-07,33.4,21.3,26.9,47,17,37,2.56,25.48,1.1,898.8,6.64,0.108
2023-07-08,31.0,21.1,25.5,51,31,42,3.35,24.89,0.0,899.3,6.75,0.124
2023-07-09,25.3,17.8,21.3,63,37,51,4.17,17.23,0.2,900.4,4.97,0.126
2023-07-10,24.9,16.8,20.6,71,39,54,4.32,21.07,0.2,902.2,5.2,0.129
2023-07-11,26.9,16.0,21.6,54,19,36,4.18,30.29,0.0,904.8,7.29,0.13
2023-07-12,30.6,14.9,23.5,47,20,32,2.79,30.21,0.0,906.1,7.35,0.123
2023-07-13,32.9,18.6,26.1,44,19,31,2.83,29.95,0.0,905.7,7.74,0.116
2023-07-14,33.8,19.0,27.0,42,15,27,3.51,30.43,0.0,903.7,8.45,0.114
2023-07-15,34.0,22.0,28.0,34,20,28,3.71,29.75,0.0,903.6,8.51,0.109
2023-07-16,31.0,21.8,26.2,49,22,32,4.46,30.13,0.0,903.2,8.43,0.107
2023-07-17,30.4,19.0,25.0,48,21,32,3.85,30.37,0.0,903.6,8.0,0.107
2023-07-18,31.0,17.7,24.5,43,14,27,3.29,30.74,0.0,901.1,7.95,0.109
2023-07-19,30.9,17.5,24.2,39,13,25,3.48,30.28,0.0,899.5,7.94,0.11
2023-07-20,32.6,17.3,25.3,40,15,27,2.63,30.07,0.0,899.3,7.49,0.109
2023-07-21,34.6,18.7,27.4,37,18,27,2.68,29.09,0.0,900.9,7.77,0.108
2023-07-22,34.3,21.3,28.2,43,20,30,3.17,29.35,0.0,903.5,8.1,0.107
2023-07-23,34.2,23.2,28.9,34,16,24,3.89,29.65,0.0,904.0,8.77,0.109
2023-07-24,31.2,23.5,27.2,50,25,36,4.81,27.96,0.0,900.6,8.22,0.109
2023-07-25,29.9,20.1,24.9,62,19,37,4.05,29.71,0.0,900.3,7.64,0.11
2023-07-26,34.0,17.2,26.1,34,12,24,2.19,29.62,0.0,899.8,7.21,0.112
2023-07-27,38.2,18.7,28.9,39,12,24,2.26,27.62,0.0,898.1,7.53,0.11
2023-07-28,29.9,19.4,24.6,72,24,39,3.07,28.34,0.0,901.2,6.87,0.106
2023-07-29,31.7,16.9,24.9,40,19,28,2.53,29.01,0.0,898.9,7.2,0.107
2023-07-30,31.4,18.3,25.3,41,19,29,2.96,29.15,0.0,897.8,7.42,0.107
2023-07-31,32.7,17.6,25.7,40,17,28,2.24,29.08,0.0,896.8,7.2,0.107
2023-08-01,35.1,19.0,27.3,39,16,27,1.66,25.02,0.0,897.4,6.29,0.106
2023-08-02,35.3,20.0,28.0,61,17,36,1.32,28.49,0.0,899.6,6.44,0.103
2023-08-03,36.3,21.2,29.2,65,15,34,2.15,28.04,0.0,901.1,7.23,0.103
2023-08-04,35.0,21.9,28.7,38,18,27,2.96,28.3,0.0,901.5,7.85,0.104
2023-08-05,35.9,20.0,28.3,40,13,25,2.32,28.8,0.0,899.5,7.46,0.106
2023-08-06,38.9,20.6,30.2,47,12,26,2.5,28.35,0.0,898.1,7.91,0.107
2023-08-07,37.6,19.8,29.1,58,15,33,1.74,28.35,0.0,898.6,6.91,0.105
2023-08-08,38.5,22.1,30.6,42,13,27,1.88,27.99,0.0,897.5,7.17,0.106
2023-08-09,35.0,22.9,28.8,59,25,40,2.72,26.4,0.0,899.3,6.91,0.104
2023-08-10,37.5,23.1,30.2,54,18,36,1.39,25.14,0.0,900.4,6.14,0.103
2023-08-11,34.6,20.8,28.1,62,23,39,1.82,27.18,0.0,901.3,6.56,0.103
2023-08-12,36.0,22.3,28.6,58,13,35,2.39,27.66,0.0,902.4,7.01,0.103
2023-08-13,39.3,20.2,30.1,34,13,22,2.15,25.33,0.0,902.0,7.03,0.103
2023-08-14,39.8,23.7,32.0,27,11,18,1.53,23.3,0.0,903.5,6.19,0.1
2023-08-15,40.9,25.0,32.9,22,10,16,1.8,25.37,0.0,902.8,6.91,0.101
2023-08-16,39.9,22.9,31.6,33,8,20,2.67,26.15,0.0,900.9,7.9,0.101
2023-08-17,38.8,23.2,31.0,20,8,15,2.39,26.04,0.0,900.5,7.48,0.101
2023-08-18,39.6,22.2,31.4,27,8,18,2.49,26.31,0.0,901.4,7.67,0.101
2023-08-19,39.3,22.2,31.2,24,9,16,3.02,26.82,0.0,900.8,8.32,0.1
2023-08-20,37.3,22.1,29.8,28,11,19,2.78,26.61,0.0,899.8,7.75,0.1
2023-08-21,36.1,21.2,28.6,33,14,24,2.62,26.28,0.0,901.2,7.34,0.099
2023-08-22,34.1,21.1,27.6,37,14,26,3.19,26.45,0.0,903.0,7.5,0.099
2023-08-23,33.5,19.8,26.7,38,11,25,2.62,26.42,0.0,903.4,7.01,0.099
2023-08-24,34.7,17.4,26.7,32,14,22,2.02,26.29,0.0,902.2,6.64,0.099
2023-08-25,34.7,19.4,27.3,30,16,23,2.36,24.15,0.0,901.3,6.66,0.099
2023-08-26,33.4,19.8,26.4,43,13,27,2.73,25.6,0.0,901.6,6.87,0.099
2023-08-27,33.7,17.8,26.1,38,15,27,2.01,24.02,0.0,898.0,6.08,0.098
2023-08-28,30.9,20.2,24.6,61,29,46,2.69,19.7,2.2,895.9,5.18,0.1
2023-08-29,30.5,17.9,24.2,61,23,41,2.49,24.68,0.0,896.7,5.94,0.106
2023-08-30,35.2,17.8,26.6,46,15,31,2.04,23.81,0.0,898.9,6.24,0.104
2023-08-31,35.9,18.6,27.1,60,9,32,1.99,25.31,0.0,901.6,6.35,0.098
2023-09-01,33.2,17.7,25.8,55,18,34,1.74,25.02,0.0,902.2,5.94,0.098
2023-09-02,32.9,20.6,25.5,61,27,40,2.77,22.53,0.7,901.4,5.99,0.104
2023-09-03,26.2,18.5,21.5,82,49,67,2.5,14.69,4.2,900.5,3.45,0.155
2023-09-04,26.6,17.3,21.3,84,45,67,1.58,15.93,2.6,898.4,3.43,0.164
2023-09-05,31.9,16.4,23.6,82,16,49,1.49,23.18,0.0,899.3,5.13,0.156
2023-09-06,32.2,16.0,24.4,82,19,47,1.74,23.84,0.0,902.0,5.53,0.137
2023-09-07,32.3,18.7,25.2,60,26,44,2.98,22.96,0.0,902.2,6.06,0.123
2023-09-08,29.6,19.0,23.8,68,31,48,2.35,19.98,0.0,901.6,4.98,0.114
2023-09-09,30.7,17.5,23.8,61,27,43,2.88,21.78,0.0,900.7,5.8,0.11
2023-09-10,26.9,18.7,22.3,46,19,31,3.86,21.83,0.0,900.4,6.24,0.105
2023-09-11,23.1,14.7,18.8,59,20,37,2.94,20.68,0.0,899.6,4.86,0.105
2023-09-12,25.0,13.1,18.5,48,18,31,3.14,23.7,0.0,901.2,5.61,0.122
2023-09-13,24.5,11.8,18.0,45,20,32,3.01,23.25,0.0,903.4,5.38,0.106
2023-09-14,25.0,10.6,17.9,39,20,29,2.71,23.28,0.0,903.2,5.35,0.117
2023-09-15,26.4,10.8,18.6,44,17,29,2.27,23.0,0.0,903.4,5.2,0.117
2023-09-16,27.3,11.1,19.3,39,21,30,2.54,22.45,0.0,903.2,5.41,0.118
2023-09-17,25.4,13.7,19.0,61,27,42,2.98,22.24,0.0,902.8,5.08,0.116
2023-09-18,24.0,13.8,18.7,63,27,43,2.57,20.74,0.0,901.3,4.58,0.115
2023-09-19,25.6,13.3,19.0,51,29,38,2.46,21.33,0.0,900.8,4.84,0.115
2023-09-20,27.7,11.6,19.6,55,18,36,1.91,21.6,0.0,902.1,4.82,0.115
2023-09-21,29.2,12.7,20.8,43,13,28,1.86,21.77,0.0,902.9,5.05,0.117
2023-09-22,30.8,12.8,21.6,38,13,25,1.86,21.16,0.0,904.3,5.1,0.116
2023-09-23,30.3,14.4,22.1,36,16,26,2.1,21.1,0.0,904.4,5.24,0.115
2023-09-24,30.4,14.3,22.1,42,19,29,2.25,20.98,0.0,901.8,5.28,0.111
2023-09-25,31.0,14.9,22.6,42,16,29,2.11,20.87,0.0,901.3,5.26,0.108
2023-09-26,29.5,15.3,22.2,44,22,32,2.14,20.39,0.0,900.9,5.05,0.107
2023-09-27,30.7,14.8,22.5,49,21,34,1.61,18.44,0.0,902.0,4.42,0.107
2023-09-28,28.6,15.5,22.1,61,28,40,3.04,17.46,0.3,903.9,4.93,0.106
2023-09-29,27.5,13.6,20.9,69,28,45,1.47,17.85,0.0,903.3,3.98,0.104
2023-09-30,24.9,16.2,20.0,67,38,53,1.49,15.49,0.3,901.5,3.41,0.106
2023-10-01,20.0,13.3,15.7,94,57,80,1.04,11.66,9.8,898.5,2.12,0.148
2023-10-02,20.1,13.6,16.3,87,56,75,2.09,11.91,1.8,901.2,2.3,0.2
2023-10-03,20.7,13.8,16.6,80,43,63,3.16,14.8,0.2,905.5,3.27,0.21
2023-10-04,21.2,10.0,15.3,83,32,57,1.85,19.19,0.0,907.3,3.55,0.198
2023-10-05,22.4,7.7,14.9,77,30,51,1.62,18.9,0.0,907.3,3.6,0.19
2023-10-06,23.3,8.7,15.5,67,27,46,1.72,18.69,0.0,905.2,3.74,0.181
2023-10-07,23.2,9.1,15.5,62,24,42,2.15,17.52,0.0,905.4,3.8,0.171
2023-10-08,25.8,8.7,16.8,61,25,42,1.34,16.84,0.0,903.6,3.44,0.166
2023-10-09,24.0,11.4,17.2,77,27,48,1.97,17.66,0.0,903.5,3.78,0.158
2023-10-10,23.2,10.4,16.5,73,35,53,1.98,16.34,0.0,902.4,3.51,0.151
2023-10-11,21.2,11.5,15.9,59,34,45,2.71,17.49,0.0,905.3,3.8,0.141
2023-10-12,21.0,8.8,14.5,74,35,52,2.05,17.41,0.0,906.6,3.33,0.139
2023-10-13,23.9,8.6,15.6,67,29,47,1.32,16.8,0.0,905.9,3.38,0.139
2023-10-14,25.3,10.2,17.1,58,22,39,1.79,16.55,0.0,903.1,3.68,0.136
2023-10-15,21.9,11.0,16.1,77,34,54,1.37,14.24,0.1,899.0,2.81,0.132
2023-10-16,23.9,9.1,16.1,81,23,51,1.37,16.15,0.0,899.3,3.02,0.133
2023-10-17,23.6,9.0,15.9,76,25,45,1.58,14.32,0.0,902.3,3.03,0.131
2023-10-18,23.2,9.3,15.8,85,26,58,2.58,13.59,2.5,899.6,3.19,0.128
2023-10-19,19.0,11.9,14.8,85,43,63,1.5,11.85,0.3,902.5,2.3,0.155
2023-10-20,25.1,8.1,16.0,78,19,48,1.35,16.32,0.0,903.5,3.22,0.154
2023-10-21,26.3,8.9,16.8,82,23,53,1.51,16.0,0.0,906.1,3.28,0.149
2023-10-22,26.4,9.5,17.5,70,19,44,1.48,15.81,0.0,906.8,3.27,0.148
2023-10-23,26.2,10.1,17.7,58,22,40,1.62,15.54,0.0,905.3,3.37,0.139
2023-10-24,26.5,10.3,17.8,56,19,38,1.61,15.56,0.0,903.5,3.4,0.136
2023-10-25,28.8,9.1,18.5,57,17,35,2.69,15.44,0.0,902.6,4.32,0.13
2023-10-26,27.1,11.3,18.2,61,16,35,2.27,12.68,0.0,902.0,3.59,0.111
2023-10-27,27.6,11.3,18.6,57,17,34,2.16,15.15,0.0,900.8,3.87,0.103
2023-10-28,28.0,9.8,17.9,60,16,36,2.33,14.83,0.0,901.0,3.85,0.1
2023-10-29,26.6,8.9,17.1,74,22,45,1.43,14.78,0.0,902.7,3.11,0.101
2023-10-30,25.3,10.8,17.3,57,26,42,1.19,11.68,0.0,904.7,2.5,0.103
2023-10-31,25.3,11.7,17.4,69,27,44,1.6,10.83,0.1,905.3,2.62,0.102
2023-11-01,22.9,11.8,16.4,85,34,60,1.81,12.33,0.0,903.3,2.6,0.103
2023-11-02,23.2,8.9,15.9,84,25,52,2.32,10.18,0.0,900.7,2.83,0.105
2023-11-03,24.4,9.3,16.4,84,32,57,2.43,12.2,0.0,900.8,2.94,0.103
2023-11-04,26.9,10.0,16.8,89,21,57,1.79,13.36,0.0,901.7,2.83,0.104
2023-11-05,25.5,10.5,17.0,89,24,54,3.15,13.56,0.0,901.9,3.59,0.101
2023-11-06,24.9,11.2,17.3,71,34,50,1.77,12.72,0.0,902.9,2.82,0.1
2023-11-07,22.7,9.5,15.7,82,33,57,1.53,13.46,0.0,906.7,2.61,0.103
2023-11-08,23.8,8.0,15.2,73,28,49,1.12,13.31,0.0,905.0,2.48,0.103
2023-11-09,23.0,7.2,14.2,90,30,58,1.7,11.09,0.0,902.2,2.28,0.103
2023-11-10,21.3,8.8,14.5,83,39,60,1.15,12.13,0.0,904.2,2.12,0.102
2023-11-11,25.2,9.6,16.0,83,20,50,2.47,12.53,0.0,904.1,3.17,0.102
2023-11-12,23.1,9.4,15.4,78,25,50,2.93,10.69,0.0,902.9,3.03,0.099
2023-11-13,22.7,8.4,14.7,81,23,52,2.69,11.33,0.0,901.5,2.94,0.096
2023-11-14,13.4,10.7,11.8,93,59,76,1.93,2.5,2.1,900.9,0.71,0.137
2023-11-15,21.2,6.4,12.4,89,31,62,1.47,12.52,0.0,901.1,2.24,0.153
2023-11-16,20.6,7.5,12.3,90,34,66,3.17,10.88,0.8,900.2,2.49,0.151
2023-11-17,16.0,5.1,9.5,82,33,58,1.58,12.28,0.0,902.3,1.98,0.161
2023-11-18,17.7,5.9,11.9,86,48,69,4.63,8.37,2.3,893.0,2.24,0.164
2023-11-19,12.0,3.2,6.1,75,47,59,2.51,9.07,3.5,890.6,1.55,0.211
2023-11-20,9.7,1.5,4.9,71,42,57,1.99,11.02,0.0,897.6,1.6,0.208
2023-11-21,13.1,0.8,6.2,75,30,53,1.69,11.98,0.0,901.9,1.9,0.2
2023-11-22,16.9,3.4,8.9,80,31,55,1.98,10.5,0.0,903.3,1.97,0.193
2023-11-23,17.1,2.8,8.9,86,44,69,1.43,10.14,0.0,902.8,1.67,0.185
2023-11-24,19.9,3.3,10.6,88,31,63,1.92,11.38,0.0,897.1,2.16,0.179
2023-11-25,14.7,9.1,11.5,78,46,67,4.4,7.23,1.4,890.4,1.88,0.178
2023-11-26,15.5,7.2,12.2,72,44,63,6.44,6.33,6.8,884.4,2.34,0.232
2023-11-27,7.1,0.8,3.8,83,37,62,1.83,9.75,1.3,896.6,1.33,0.24
2023-11-28,10.1,-2.2,2.9,69,26,51,1.78,11.42,0.0,901.7,1.65,0.23
2023-11-29,11.8,3.8,7.9,66,51,57,3.43,5.53,0.0,901.0,1.64,0.221
2023-11-30,17.1,8.1,11.6,81,42,66,2.69,8.48,0.0,904.1,1.79,0.215
2023-12-01,18.8,4.8,10.2,92,33,68,1.66,9.98,0.0,905.7,1.71,0.209
2023-12-02,18.4,4.2,9.4,92,33,69,1.77,9.48,0.0,904.7,1.62,0.205
2023-12-03,18.8,4.2,9.6,93,31,71,1.97,8.52,0.0,903.6,1.61,0.2
2023-12-04,17.2,4.7,9.6,94,41,72,1.51,9.11,0.0,902.7,1.5,0.194
2023-12-05,16.7,4.9,10.3,86,43,66,1.13,9.82,0.0,901.1,1.5,0.188
2023-12-06,14.4,4.2,8.9,86,51,71,1.78,7.96,0.0,896.4,1.39,0.186
2023-12-07,14.9,4.8,9.1,90,44,71,2.02,6.81,0.0,898.9,1.37,0.184
2023-12-08,10.4,7.6,8.9,87,76,83,3.03,2.73,8.1,896.3,0.73,0.208
2023-12-09,12.4,4.2,7.1,94,34,72,2.67,9.29,1.5,892.7,1.54,0.261
2023-12-10,10.5,1.7,5.4,93,59,77,1.64,7.37,0.0,900.6,1.11,0.243
2023-12-11,6.8,3.7,5.3,95,80,90,1.54,2.62,7.5,899.6,0.45,0.277
2023-12-12,12.6,3.7,7.7,94,59,79,1.3,9.14,0.0,898.9,1.27,0.301
2023-12-13,10.8,3.3,6.3,85,45,70,1.48,9.04,0.0,900.7,1.28,0.27
2023-12-14,16.7,-0.0,6.7,85,32,64,1.95,10.19,0.0,901.8,1.72,0.253
2023-12-15,17.8,3.5,9.1,86,36,68,1.93,8.36,0.0,904.2,1.54,0.239
2023-12-16,17.2,6.7,10.5,91,42,74,2.14,8.33,0.0,904.8,1.49,0.231
2023-12-17,7.5,3.9,6.4,95,75,85,2.6,2.06,1.7,909.4,0.51,0.235
2023-12-18,7.4,-1.6,3.2,84,40,64,1.52,10.38,0.0,911.6,1.26,0.237
2023-12-19,9.6,-1.8,2.9,81,36,63,1.15,10.06,0.0,908.3,1.24,0.231
2023-12-20,12.8,-0.9,4.5,79,35,62,1.48,10.26,0.0,903.1,1.5,0.226
2023-12-21,11.6,1.8,6.1,87,40,66,2.6,4.78,0.7,894.9,1.26,0.222
2023-12-22,12.2,3.4,7.4,90,50,74,2.67,8.12,0.7,888.0,1.35,0.229
2023-12-23,12.4,3.8,7.3,86,34,66,2.2,9.64,0.7,890.8,1.57,0.233
2023-12-24,14.6,0.7,6.4,83,27,56,3.02,10.3,0.0,896.8,2.05,0.227
2023-12-25,16.9,0.1,7.3,83,22,56,1.84,10.19,0.0,903.3,1.81,0.217
2023-12-26,17.0,-0.2,7.1,89,25,61,1.58,10.25,0.0,905.6,1.69,0.208
2023-12-27,15.3,1.0,6.6,89,42,69,1.68,10.09,0.0,905.1,1.57,0.202
2023-12-28,13.0,1.6,6.6,83,46,68,1.57,10.22,0.0,909.0,1.46,0.196
2023-12-29,13.5,-0.5,5.1,89,40,71,1.08,10.35,0.0,906.7,1.37,0.191
2023-12-30,15.0,-1.5,5.9,91,31,65,1.13,10.21,0.0,904.1,1.42,0.187
2023-12-31,12.9,-0.4,5.4,92,44,71,1.32,9.93,0.0,903.6,1.4,0.184
2024-01-01,11.5,-0.6,5.6,93,54,73,1.41,6.46,0.0,903.4,1.03,0.182
2024-01-02,14.4,5.3,9.0,91,47,73,2.18,7.09,3.6,901.7,1.32,0.215
2024-01-03,14.8,4.3,9.1,91,42,70,1.82,9.7,0.5,900.7,1.55,0.223
2024-01-04,15.4,6.3,10.3,81,43,64,2.5,8.19,0.0,898.5,1.73,0.216
2024-01-05,14.5,6.7,10.5,77,39,61,2.63,8.54,0.0,900.9,1.74,0.209
2024-01-06,16.3,0.9,7.2,83,27,59,1.79,10.85,0.0,905.4,1.86,0.202
2024-01-07,15.6,4.2,9.8,78,42,62,4.48,7.83,0.0,899.0,2.21,0.194
2024-01-08,15.8,9.9,12.9,64,38,50,4.42,7.42,0.0,897.6,2.58,0.194
2024-01-09,12.5,5.5,9.4,87,57,73,2.72,6.02,2.6,896.3,1.24,0.202
2024-01-10,7.7,2.8,4.6,95,64,86,2.44,7.82,2.6,896.4,0.98,0.233
2024-01-11,6.0,2.6,3.9,92,66,81,2.54,4.37,2.2,899.5,0.7,0.269
2024-01-12,8.8,0.8,4.2,91,49,75,2.0,8.71,1.1,894.5,1.27,0.259
2024-01-13,2.7,-1.1,0.6,72,54,63,2.13,8.09,0.0,896.8,1.07,0.254
2024-01-14,6.1,-3.5,0.3,77,41,63,1.24,11.64,0.0,898.0,1.27,0.244
2024-01-15,10.6,-2.7,3.7,83,39,64,2.41,7.19,0.0,899.2,1.37,0.237
2024-01-16,11.1,6.9,8.5,82,63,73,4.24,5.29,3.6,898.9,1.29,0.246
2024-01-17,13.3,5.9,8.9,95,55,78,1.54,9.19,0.8,901.2,1.3,0.264
2024-01-18,13.9,2.8,7.8,91,49,74,2.34,8.72,0.0,902.7,1.47,0.253
2024-01-19,15.0,8.0,10.9,83,49,67,3.16,6.39,0.0,901.8,1.62,0.243
2024-01-20,15.9,7.2,10.9,85,42,66,2.49,8.24,0.0,902.4,1.76,0.235
2024-01-21,10.1,2.8,7.4,93,71,85,2.48,3.21,13.3,900.8,0.66,0.277
2024-01-22,3.3,1.5,2.4,92,67,78,3.77,4.94,1.6,906.4,0.83,0.334
2024-01-23,2.5,0.2,1.4,81,66,73,2.0,9.71,0.0,905.0,1.06,0.299
2024-01-24,4.0,-1.8,0.7,84,47,68,1.61,11.9,0.0,904.8,1.24,0.285
2024-01-25,5.9,-4.6,0.4,81,49,66,1.35,10.09,0.0,900.3,1.2,0.276
2024-01-26,4.2,-1.0,1.4,94,66,80,1.77,10.42,6.4,898.2,1.08,0.273
2024-01-27,4.4,-3.4,0.9,82,43,64,2.68,9.07,0.0,900.9,1.23,0.273
2024-01-28,4.0,-1.2,1.3,71,53,62,1.73,9.69,0.4,903.6,1.19,0.267
2024-01-29,2.3,-0.9,0.5,77,55,68,2.74,6.67,0.7,905.0,0.97,0.264
2024-01-30,4.0,-1.2,1.1,75,50,62,4.36,7.9,0.9,903.7,1.38,0.26
2024-01-31,4.6,-0.1,2.2,74,57,65,3.3,5.91,0.4,904.7,1.14,0.256
2024-02-01,6.8,-1.0,2.4,81,42,64,2.39,11.01,0.0,904.4,1.47,0.255
2024-02-02,8.3,-3.3,1.5,80,37,63,1.19,13.78,0.0,901.3,1.69,0.25
2024-02-03,7.2,-0.8,2.8,74,48,62,1.02,12.32,0.0,902.4,1.49,0.243
2024-02-04,11.0,-0.8,4.8,85,34,63,1.16,13.01,0.0,902.1,1.73,0.235
2024-02-05,11.1,-0.7,5.2,86,35,59,2.08,10.66,0.0,902.3,1.75,0.227
2024-02-06,17.8,1.9,9.0,75,23,50,2.55,13.95,0.0,904.7,2.75,0.218
2024-02-07,20.3,0.2,9.1,81,16,53,2.49,14.8,0.0,903.2,2.93,0.204
2024-02-08,14.9,7.0,9.9,77,38,60,2.65,10.63,0.0,902.3,2.14,0.193
2024-02-09,14.3,4.5,8.8,85,36,62,1.68,12.96,0.3,899.8,2.01,0.188
2024-02-10,16.6,0.5,7.6,89,25,61,2.11,14.15,0.0,902.0,2.44,0.183
2024-02-11,17.0,4.8,10.1,86,31,59,2.35,13.52,0.0,905.0,2.51,0.178
2024-02-12,15.5,7.7,11.0,74,35,54,3.59,10.2,0.0,901.9,2.62,0.169
2024-02-13,14.3,7.9,10.6,78,42,59,4.28,9.97,2.4,895.6,2.44,0.17
2024-02-14,9.8,5.5,7.4,90,75,84,1.95,6.83,13.5,891.3,0.99,0.249
2024-02-15,12.4,2.7,6.9,95,43,73,1.39,12.85,0.1,894.5,1.8,0.31
2024-02-16,9.0,3.7,6.3,87,63,76,2.17,7.47,0.0,899.0,1.16,0.284
2024-02-17,9.5,5.5,7.1,79,53,69,1.66,8.05,0.0,902.9,1.35,0.272
2024-02-18,7.7,3.7,5.9,81,62,72,1.97,6.42,1.3,905.0,1.05,0.268
2024-02-19,7.9,3.3,5.3,81,52,69,2.41,8.45,1.0,903.9,1.33,0.273
2024-02-20,11.6,-0.1,5.6,86,34,63,1.29,12.81,0.0,903.1,1.92,0.265
2024-02-21,13.5,1.5,7.4,82,38,61,1.85,13.66,0.0,903.2,2.26,0.255
2024-02-22,13.0,2.5,7.1,89,42,71,1.74,13.04,0.6,903.1,1.99,0.248
2024-02-23,15.0,0.3,7.5,92,29,61,1.01,17.52,0.0,904.1,2.57,0.242
2024-02-24,15.6,1.5,8.3,81,30,55,1.35,16.5,0.0,905.0,2.66,0.232
2024-02-25,16.3,1.7,9.1,81,27,52,1.54,17.75,0.0,904.0,2.9,0.222
2024-02-26,13.8,3.1,8.7,75,40,58,1.94,11.57,0.2,898.9,2.01,0.216
2024-02-27,15.4,4.2,9.4,90,35,65,1.54,16.33,0.0,901.1,2.56,0.212
2024-02-28,17.5,3.3,10.2,80,27,53,1.54,18.35,0.0,905.8,3.03,0.202
2024-02-29,18.2,3.2,10.8,72,22,43,1.34,18.56,0.0,906.6,3.18,0.192
2024-03-01,20.2,2.4,11.3,75,12,39,1.62,18.54,0.0,901.9,3.45,0.18
2024-03-02,19.0,5.7,12.0,68,19,40,2.26,18.34,0.5,896.9,3.59,0.165
2024-03-03,14.7,4.2,9.7,81,34,54,1.49,17.14,0.4,897.0,2.82,0.162
2024-03-04,15.9,3.0,9.8,87,25,54,1.23,17.54,0.3,898.5,2.77,0.159
2024-03-05,17.2,3.0,9.7,83,27,56,3.89,17.28,0.5,896.6,3.45,0.156
2024-03-06,10.8,5.5,7.8,89,57,73,2.41,12.07,5.2,894.9,1.78,0.183
2024-03-07,12.1,3.9,7.0,81,37,63,1.44,14.01,0.2,899.8,2.09,0.207
2024-03-08,14.3,1.7,7.3,79,29,56,1.49,16.13,0.4,898.2,2.52,0.208
2024-03-09,9.8,3.8,6.1,88,39,64,2.34,12.13,0.6,899.0,1.88,0.213
2024-03-10,10.1,1.7,5.5,76,35,56,2.2,14.34,0.2,902.3,2.15,0.208
2024-03-11,16.7,-0.8,7.7,80,16,48,1.32,20.75,0.0,906.3,3.26,0.2
2024-03-12,22.0,1.6,11.3,81,10,42,2.53,21.06,0.0,903.2,4.24,0.185
2024-03-13,18.3,4.9,10.7,80,14,48,2.96,15.65,0.5,897.5,3.37,0.171
2024-03-14,16.1,3.0,9.8,81,21,51,1.78,19.09,0.2,897.6,3.32,0.165
2024-03-15,13.1,5.5,8.6,86,42,68,1.55,17.54,2.1,898.8,2.61,0.168
2024-03-16,14.7,2.3,8.1,93,31,68,1.52,18.64,0.6,900.6,2.92,0.18
2024-03-17,14.8,4.8,9.6,86,31,59,1.44,14.26,0.0,900.5,2.46,0.176
2024-03-18,15.2,4.4,9.9,78,29,51,2.81,17.87,0.1,895.7,3.26,0.17
2024-03-19,16.2,4.7,10.2,53,16,35,2.61,20.41,0.0,894.0,3.73,0.161
2024-03-20,16.6,4.3,9.4,83,20,47,1.59,17.16,2.8,895.6,2.98,0.158
2024-03-21,7.3,3.4,5.3,96,53,75,2.73,10.76,6.1,897.7,1.46,0.219
2024-03-22,6.8,-1.0,2.8,94,43,69,2.63,17.8,2.4,896.3,2.17,0.238
2024-03-23,8.3,-0.9,3.9,87,38,60,1.95,16.72,0.0,899.1,2.28,0.239
2024-03-24,14.9,-1.6,6.7,78,16,47,1.36,23.41,0.0,896.2,3.55,0.222
2024-03-25,17.5,1.6,9.9,77,24,48,3.86,22.89,0.0,892.5,4.27,0.205
2024-03-26,14.5,6.3,10.1,84,27,59,2.12,17.86,3.6,898.6,2.88,0.231
2024-03-27,21.0,8.1,13.6,61,18,40,2.78,14.7,0.3,901.8,3.65,0.222
2024-03-28,24.9,5.0,15.0,76,13,43,1.68,23.25,0.0,902.3,4.55,0.201
2024-03-29,21.7,12.4,16.4,69,25,47,1.97,16.56,0.3,903.8,3.67,0.181
2024-03-30,24.6,8.2,16.9,72,15,42,1.92,23.84,0.0,906.7,4.83,0.169
2024-03-31,26.8,8.1,17.9,67,5,33,1.3,23.5,0.0,907.4,4.64,0.155
2024-04-01,26.4,9.7,18.1,75,12,39,2.01,23.21,0.0,906.2,5.04,0.144
2024-04-02,27.2,10.5,19.2,53,10,30,1.58,24.31,0.0,903.1,5.07,0.139
2024-04-03,29.1,10.8,19.7,75,12,37,2.39,24.23,0.0,900.5,5.76,0.13
2024-04-04,28.7,10.3,18.6,66,8,34,2.71,24.76,0.0,900.4,5.97,0.118
2024-04-05,21.7,10.2,15.6,68,15,37,2.41,22.48,0.0,901.5,4.76,0.105
2024-04-06,19.0,8.9,13.6,55,20,34,3.48,22.64,0.0,901.5,4.79,0.104
2024-04-07,18.2,7.1,12.7,42,19,30,3.61,22.01,0.0,897.7,4.77,0.104
2024-04-08,11.3,7.6,9.4,64,40,57,3.16,12.28,0.3,898.1,2.42,0.105
2024-04-09,14.8,5.9,10.2,86,54,69,1.72,10.95,3.6,897.1,1.97,0.125
2024-04-10,19.0,10.9,14.2,85,41,65,3.01,16.53,4.1,898.5,3.18,0.197
2024-04-11,19.9,8.5,14.2,85,36,61,2.5,19.57,0.3,902.5,3.73,0.194
2024-04-12,20.6,9.4,15.1,80,39,57,2.73,19.5,0.2,904.0,3.95,0.185
2024-04-13,19.0,11.8,15.2,76,43,58,3.0,16.53,0.8,904.2,3.42,0.176
2024-04-14,18.8,10.7,14.7,75,41,55,3.79,19.88,0.4,903.2,4.06,0.169
2024-04-15,21.7,9.3,15.2,68,15,39,2.72,26.38,0.0,905.4,5.11,0.161
2024-04-16,28.3,6.4,17.5,55,13,31,2.0,26.08,0.0,902.5,5.68,0.149
2024-04-17,28.1,11.5,19.7,56,12,30,3.34,26.31,0.0,897.8,6.75,0.126
2024-04-18,27.7,14.0,20.5,48,15,31,3.79,26.09,0.1,894.6,6.77,0.113
2024-04-19,26.6,9.2,17.9,79,15,42,2.57,26.1,0.0,896.8,5.84,0.104
2024-04-20,21.0,11.6,16.0,63,32,43,5.58,18.62,0.3,894.0,4.83,0.104
2024-04-21,24.2,7.1,15.5,77,13,44,2.01,26.74,0.0,898.9,5.35,0.105
2024-04-22,26.2,9.5,17.9,75,13,39,1.94,26.11,0.0,904.4,5.42,0.103
2024-04-23,30.8,12.2,21.4,62,9,30,2.78,26.54,0.0,906.0,6.73,0.102
2024-04-24,32.1,15.3,23.9,33,6,17,3.88,25.41,0.0,901.8,7.81,0.1
2024-04-25,29.8,18.7,23.9,28,12,20,4.44,19.98,0.0,897.7,6.97,0.099
2024-04-26,29.0,18.8,23.5,33,12,22,3.22,22.96,0.3,897.6,6.46,0.1
2024-04-27,25.5,13.5,18.6,57,15,37,2.26,16.65,1.3,900.1,4.22,0.113
2024-04-28,28.8,14.0,20.8,79,18,46,1.99,24.89,0.0,900.8,5.6,0.129
2024-04-29,25.9,15.1,19.1,78,36,59,1.92,20.94,3.5,902.1,4.36,0.138
2024-04-30,22.8,14.9,17.9,88,45,71,2.39,16.26,3.0,901.9,3.33,0.171
2024-05-01,23.0,14.9,17.2,89,50,76,1.48,18.92,6.2,899.2,3.52,0.21
2024-05-02,24.2,10.9,16.7,98,32,68,1.76,21.95,0.4,895.7,4.46,0.243
2024-05-03,21.3,11.0,16.4,74,34,53,2.38,17.62,0.0,894.9,3.72,0.22
2024-05-04,18.5,9.1,14.5,85,49,64,2.02,17.64,7.2,891.4,3.22,0.235
2024-05-05,13.6,8.0,10.0,88,64,74,2.92,15.61,7.7,893.4,2.38,0.285
2024-05-06,16.2,7.3,11.1,86,28,56,3.44,25.52,0.3,898.3,4.19,0.285
2024-05-07,20.6,4.6,12.9,67,20,43,1.78,29.2,0.0,900.2,5.2,0.247
2024-05-08,25.4,7.9,17.2,61,12,34,0.89,27.36,0.0,902.3,4.99,0.217
2024-05-09,24.5,11.0,17.5,73,13,41,1.95,19.38,0.0,900.3,4.5,0.193
2024-05-10,27.5,9.7,19.3,60,12,31,3.25,25.44,0.1,896.6,6.6,0.173
2024-05-11,20.5,13.9,17.3,66,23,41,3.67,21.33,0.3,893.5,4.97,0.15
2024-05-12,17.2,11.0,13.2,84,50,69,2.48,13.95,7.6,896.5,2.75,0.169
2024-05-13,17.2,10.1,13.3,82,42,63,3.24,22.53,3.9,897.5,3.94,0.276
2024-05-14,17.8,7.7,12.5,75,30,53,2.02,24.03,0.1,899.4,4.2,0.248
2024-05-15,23.0,9.0,15.4,60,27,45,2.01,26.06,2.2,901.0,5.09,0.231
2024-05-16,23.7,9.1,17.3,76,30,49,2.41,25.43,0.0,904.2,5.28,0.221
2024-05-17,26.5,12.3,19.7,74,29,49,2.37,23.36,0.3,905.2,5.37,0.195
2024-05-18,30.5,15.6,22.2,82,25,53,2.18,25.84,4.8,903.1,5.83,0.186
2024-05-19,27.3,16.2,21.0,78,26,47,1.38,23.83,0.0,902.5,5.03,0.197
2024-05-20,27.8,15.7,21.9,69,32,50,1.69,23.87,1.0,899.7,5.17,0.181
2024-05-21,29.0,14.4,21.6,90,32,57,2.14,26.08,2.4,901.1,5.74,0.184
2024-05-22,30.1,15.9,21.9,75,22,48,2.35,23.52,1.2,901.9,5.69,0.182
2024-05-23,28.8,16.2,21.6,79,17,47,2.58,24.69,0.0,898.4,6.04,0.172
2024-05-24,19.0,13.9,15.8,75,46,61,3.48,17.9,1.4,896.4,3.73,0.167
2024-05-25,23.3,13.2,17.7,78,34,55,2.5,22.41,0.5,898.3,4.62,0.178
2024-05-26,25.8,12.0,18.6,82,28,55,1.18,25.95,1.5,899.4,5.02,0.169
2024-05-27,22.2,12.9,16.7,90,47,73,1.66,21.3,3.8,899.1,3.9,0.196
2024-05-28,20.7,13.1,16.8,92,54,72,1.49,21.78,2.1,899.0,3.88,0.244
2024-05-29,25.9,11.8,18.3,90,29,62,1.47,22.32,0.9,899.7,4.51,0.235
2024-05-30,26.2,12.0,19.3,88,26,55,1.86,27.12,0.1,899.4,5.64,0.221
2024-05-31,26.0,12.3,19.1,78,29,52,2.04,25.12,0.7,902.6,5.31,0.202
2024-06-01,29.4,12.8,21.5,78,17,45,1.57,28.04,0.0,906.9,5.93,0.192
2024-06-02,31.4,14.6,23.6,62,18,37,2.24,29.73,0.0,906.5,6.98,0.166
2024-06-03,33.5,17.3,25.8,55,11,33,2.45,29.41,0.1,905.0,7.41,0.148
2024-06-04,35.2,19.1,27.1,51,14,32,1.92,27.68,0.2,903.4,6.99,0.136
2024-06-05,35.3,19.2,28.1,47,11,27,2.19,27.04,0.0,903.2,7.27,0.126
2024-06-06,35.4,20.5,28.1,45,16,28,2.64,26.31,0.4,904.1,7.4,0.125
2024-06-07,31.9,20.4,25.5,58,24,38,2.01,24.6,2.3,903.7,5.96,0.142
2024-06-08,28.9,17.4,21.5,74,34,58,1.72,24.33,4.5,899.6,5.06,0.171
2024-06-09,26.8,15.6,21.1,79,31,55,2.71,24.11,0.8,899.2,5.35,0.187
2024-06-10,30.0,15.8,23.3,56,18,35,2.79,30.64,0.0,901.5,7.26,0.17
2024-06-11,33.6,15.8,25.7,54,16,31,1.91,30.34,0.0,902.3,7.12,0.153
2024-06-12,36.6,19.0,28.4,49,12,28,2.15,28.09,0.0,903.6,7.46,0.143
2024-06-13,37.3,20.9,29.5,45,15,27,2.68,25.1,0.0,905.1,7.5,0.134
2024-06-14,38.7,21.8,28.8,49,13,31,2.19,25.91,0.7,903.3,7.07,0.131
2024-06-15,30.8,19.8,25.2,63,31,42,2.7,27.67,0.0,898.1,6.76,0.132
2024-06-16,32.9,17.2,25.2,47,18,33,1.65,28.56,0.0,899.2,6.53,0.132
2024-06-17,35.0,19.1,27.5,45,15,28,1.94,28.32,0.0,901.3,7.0,0.125
2024-06-18,36.0,21.0,28.7,36,13,24,2.95,29.57,0.0,903.0,8.3,0.118
2024-06-19,35.6,21.4,28.6,39,13,26,2.84,28.2,0.0,903.1,7.85,0.115
2024-06-20,35.7,20.9,28.5,42,12,27,3.07,29.1,0.0,902.1,8.24,0.112
2024-06-21,33.0,22.3,27.6,60,19,33,4.73,30.06,0.0,901.1,8.86,0.109
2024-06-22,33.7,20.1,26.7,63,15,35,4.35,30.34,0.0,897.7,8.35,0.108
2024-06-23,34.8,19.7,27.4,37,9,22,2.95,31.19,0.0,897.4,8.27,0.107
2024-06-24,36.9,18.7,28.6,27,9,18,2.03,30.94,0.0,898.7,7.79,0.107
2024-06-25,38.0,20.4,29.9,42,10,23,2.63,28.27,0.1,898.9,8.2,0.108
2024-06-26,32.7,23.0,27.8,48,24,34,3.88,28.27,0.0,900.5,8.14,0.107
2024-06-27,32.5,19.2,26.2,46,18,30,2.66,30.55,0.0,900.4,7.6,0.108
2024-06-28,35.0,18.6,27.6,35,14,22,1.75,27.45,0.1,897.2,6.81,0.107
2024-06-29,30.2,21.6,26.0,36,21,26,5.48,29.11,0.1,895.9,8.99,0.107
2024-06-30,27.8,17.9,22.9,54,27,38,4.8,29.51,0.0,898.9,7.53,0.108
2024-07-01,29.1,18.4,23.9,48,26,35,3.72,28.29,0.0,898.9,7.11,0.107
2024-07-02,31.2,17.7,24.7,45,20,31,2.72,30.54,0.0,896.8,7.42,0.109
2024-07-03,36.8,18.0,27.7,35,15,24,3.04,28.31,1.5,894.5,8.17,0.114
2024-07-04,34.9,19.1,27.2,35,12,22,3.4,30.35,0.0,895.3,8.6,0.118
2024-07-05,31.6,16.7,24.5,65,22,41,2.47,27.51,0.1,897.6,6.82,0.112
2024-07-06,28.3,20.3,24.4,60,32,43,4.57,23.44,0.1,899.6,6.64,0.113
2024-07-07,31.5,21.2,25.9,62,26,44,5.29,21.75,0.1,899.3,6.88,0.113
2024-07-08,31.6,21.3,26.4,66,31,45,4.19,19.7,0.0,899.0,6.04,0.112
2024-07-09,32.2,22.5,27.2,55,29,41,3.28,25.62,0.0,898.8,6.94,0.112
2024-07-10,32.0,21.8,26.0,56,30,47,2.53,23.89,1.0,899.6,6.02,0.117
2024-07-11,32.9,18.6,25.6,79,28,51,1.6,26.05,1.4,900.3,5.94,0.139
2024-07-12,34.0,19.5,27.3,59,19,38,1.68,26.52,0.0,899.4,6.4,0.146
2024-07-13,33.8,21.1,27.4,55,25,40,2.43,25.22,0.0,897.6,6.64,0.137
2024-07-14,30.1,21.8,26.0,60,37,48,3.11,23.11,0.0,896.9,6.05,0.135
2024-07-15,32.6,21.0,26.6,67,26,43,2.76,26.17,0.0,897.1,6.72,0.138
2024-07-16,34.0,21.0,28.2,48,22,33,2.22,27.89,0.0,898.5,7.13,0.127
2024-07-17,34.3,21.5,28.5,62,24,39,2.22,25.34,0.0,899.4,6.79,0.123
2024-07-18,32.8,21.8,27.8,64,31,45,2.61,23.52,0.0,900.6,6.31,0.123
2024-07-19,32.2,24.3,27.8,56,24,37,3.92,28.08,0.0,899.4,7.74,0.12
2024-07-20,32.0,22.7,27.2,36,22,29,3.49,29.66,0.0,898.3,7.97,0.118
2024-07-21,34.7,20.9,28.4,39,20,30,2.01,27.73,0.0,898.6,7.13,0.122
2024-07-22,35.7,22.3,30.0,41,20,30,1.78,20.82,0.0,898.6,5.87,0.125
2024-07-23,36.9,23.9,30.1,37,20,29,2.15,24.4,0.0,898.7,6.77,0.121
2024-07-24,33.8,23.3,28.6,49,28,38,2.19,24.57,0.0,896.6,6.37,0.119
2024-07-25,33.7,23.2,27.6,61,28,46,1.85,21.47,1.1,893.6,5.38,0.122
2024-07-26,29.6,20.2,24.7,78,40,57,2.73,21.89,0.3,895.1,5.49,0.129
2024-07-27,29.4,18.7,23.8,64,24,43,3.6,27.62,0.0,901.3,6.95,0.127
2024-07-28,29.7,19.2,24.5,61,30,42,4.36,25.87,0.0,904.6,6.97,0.123
2024-07-29,31.5,19.2,25.2,50,16,32,3.09,29.51,0.0,900.9,7.42,0.119
2024-07-30,31.2,18.4,25.2,43,19,27,3.12,28.89,0.0,896.7,7.55,0.115
2024-07-31,30.3,20.2,25.1,52,27,36,3.5,28.3,0.0,899.6,7.29,0.115
2024-08-01,31.3,18.6,25.4,47,22,32,2.41,28.72,0.0,899.9,7.02,0.108
2024-08-02,33.2,17.8,26.1,45,17,30,2.13,28.84,0.0,898.2,7.03,0.107
2024-08-03,35.8,20.5,28.8,35,12,22,1.4,28.06,0.0,896.4,6.55,0.108
2024-08-04,34.8,20.8,28.3,52,16,29,2.47,22.93,0.0,897.6,6.6,0.107
2024-08-05,35.1,22.0,28.2,44,20,31,2.33,25.31,0.0,898.1,6.72,0.105
2024-08-06,35.0,21.3,27.8,49,23,35,2.17,24.8,0.1,897.8,6.47,0.104
2024-08-07,33.6,22.7,28.0,40,21,30,2.76,25.99,0.0,898.6,7.12,0.104
2024-08-08,34.5,21.5,27.8,43,25,31,1.77,25.07,0.0,899.9,6.13,0.104
2024-08-09,35.5,21.7,29.0,44,19,29,1.79,24.43,0.0,899.6,6.34,0.103
2024-08-10,34.2,22.1,27.9,47,23,35,2.38,21.07,0.0,900.7,5.97,0.106
2024-08-11,30.8,21.5,25.9,57,26,40,3.94,25.42,0.0,902.0,6.96,0.107
2024-08-12,30.1,19.9,25.1,55,21,35,4.11,27.72,0.0,901.6,7.4,0.107
2024-08-13,32.3,19.7,25.5,53,21,35,2.61,27.71,0.0,901.3,6.85,0.106
2024-08-14,34.9,19.1,27.1,39,14,28,2.98,27.35,0.0,901.1,7.55,0.107
2024-08-15,33.6,20.9,26.9,53,15,29,3.47,27.01,0.0,901.5,7.52,0.106
2024-08-16,29.4,20.3,24.6,54,22,32,4.21,27.41,0.0,900.5,7.43,0.106
2024-08-17,28.0,16.9,22.4,58,23,38,3.43,27.41,0.0,899.4,6.58,0.106
2024-08-18,33.7,15.9,25.0,48,18,33,1.6,27.04,0.0,898.2,6.02,0.107
2024-08-19,36.3,17.6,27.5,45,6,23,1.62,27.16,0.0,899.2,6.49,0.104
2024-08-20,36.7,19.0,28.2,44,12,26,1.51,26.29,0.0,900.3,6.18,0.103
2024-08-21,38.6,20.3,29.2,48,15,28,1.85,26.12,0.0,897.2,6.75,0.102
2024-08-22,35.2,19.3,27.6,55,12,31,1.33,26.38,0.0,895.8,5.89,0.102
2024-08-23,33.2,20.6,27.1,63,29,42,2.7,21.81,0.0,899.3,6.04,0.103
2024-08-24,28.9,20.1,24.1,74,38,54,3.31,21.36,3.8,901.4,5.3,0.118
2024-08-25,29.2,18.7,23.7,69,33,50,2.13,21.98,0.0,899.7,5.11,0.134
2024-08-26,31.4,17.8,23.3,70,31,52,1.39,21.83,2.9,899.5,4.79,0.142
2024-08-27,31.7,17.4,24.2,67,27,47,1.45,21.17,1.2,900.3,4.89,0.165
2024-08-28,30.5,18.1,24.5,64,30,45,1.47,21.9,0.0,901.8,5.0,0.152
2024-08-29,31.4,19.1,24.4,62,28,47,1.89,19.92,1.5,900.7,4.82,0.146
2024-08-30,30.3,17.5,23.8,80,31,53,1.35,20.55,0.1,900.0,4.55,0.148
2024-08-31,30.4,18.4,24.0,70,33,50,1.61,20.07,0.3,899.6,4.66,0.144
2024-09-01,30.0,17.9,22.7,83,31,58,1.9,21.47,0.6,898.1,4.83,0.148
2024-09-02,29.8,16.4,23.1,76,27,49,1.73,19.56,0.0,901.2,4.7,0.139
2024-09-03,29.8,17.6,23.6,73,29,50,1.95,19.53,0.1,902.7,4.78,0.127
2024-09-04,30.4,17.8,23.9,76,29,52,2.2,19.77,0.0,901.3,4.85,0.119
2024-09-05,30.7,19.4,23.7,72,31,55,2.0,19.23,2.3,900.6,4.58,0.118
2024-09-06,29.8,17.6,23.8,75,29,48,2.0,22.0,0.0,901.2,5.1,0.12
2024-09-07,30.1,17.8,24.0,45,23,34,1.95,22.64,0.0,901.6,5.48,0.11
2024-09-08,29.8,18.2,23.3,57,26,42,1.6,21.48,0.1,901.0,4.92,0.113
2024-09-09,31.3,16.3,23.4,68,23,45,1.11,22.17,0.0,900.7,4.66,0.109
2024-09-10,33.1,15.5,24.2,69,16,39,2.34,23.33,0.0,898.3,5.88,0.103
2024-09-11,31.7,15.9,23.4,74,19,44,2.82,20.76,0.0,899.4,5.62,0.094
2024-09-12,32.1,17.4,24.4,68,19,42,1.75,21.89,0.0,901.5,5.16,0.095
2024-09-13,32.6,17.5,25.0,62,21,39,1.21,22.2,0.0,900.1,4.87,0.094
2024-09-14,31.6,17.2,24.8,76,23,43,1.58,22.22,0.0,898.5,4.94,0.094
2024-09-15,33.7,17.9,25.4,62,20,40,2.32,21.71,0.0,895.5,5.73,0.098
2024-09-16,29.7,17.4,23.0,57,21,42,1.61,17.98,0.0,896.5,4.12,0.1
2024-09-17,29.0,17.4,23.1,66,27,44,2.02,18.39,0.0,900.3,4.51,0.101
2024-09-18,29.1,17.5,23.0,48,25,38,1.53,17.02,0.0,902.0,4.09,0.103
2024-09-19,25.0,17.4,21.1,60,40,49,2.12,16.08,0.1,900.7,3.77,0.106
2024-09-20,25.3,15.0,19.6,82,37,61,1.5,15.06,1.5,900.8,3.26,0.113
2024-09-21,25.2,15.1,18.9,84,34,62,1.73,17.07,1.2,900.3,3.58,0.132
2024-09-22,19.8,13.3,16.0,89,48,71,1.78,14.81,5.7,900.1,2.63,0.22
2024-09-23,21.9,11.6,16.6,86,37,62,1.23,16.96,0.2,901.4,3.24,0.224
2024-09-24,23.6,11.1,17.3,76,36,55,1.34,16.43,0.0,903.8,3.37,0.206
2024-09-25,25.2,11.3,18.2,77,27,53,1.73,20.25,0.0,904.5,4.09,0.192
2024-09-26,26.7,12.0,19.1,71,23,47,1.98,20.29,0.0,903.6,4.41,0.179
2024-09-27,27.8,12.6,19.9,63,24,43,2.12,20.31,0.0,903.0,4.64,0.163
2024-09-28,30.1,12.6,21.3,59,13,36,1.58,20.36,0.0,901.8,4.5,0.15
2024-09-29,31.4,12.0,21.8,57,18,36,1.44,19.48,0.0,898.2,4.4,0.139
2024-09-30,29.4,14.1,20.2,85,17,55,3.53,18.38,3.2,895.5,4.95,0.137
2024-10-01,20.5,12.9,15.6,72,38,57,1.99,17.22,0.2,896.7,3.3,0.17
2024-10-02,21.8,10.7,15.6,67,36,52,1.72,17.69,0.0,900.8,3.39,0.165
2024-10-03,26.0,9.7,17.6,74,29,51,0.93,19.05,0.0,903.3,3.52,0.157
2024-10-04,27.2,11.4,19.1,76,23,46,1.4,18.95,0.0,904.2,3.92,0.148
2024-10-05,27.9,11.3,19.2,66,19,39,1.63,19.03,0.0,902.8,4.11,0.142
2024-10-06,29.9,12.0,20.1,51,13,34,1.76,18.45,0.0,900.5,4.3,0.131
2024-10-07,29.3,11.8,19.8,78,20,47,1.62,18.38,0.0,901.9,4.09,0.124
2024-10-08,27.7,12.1,19.7,77,24,47,1.63,18.24,0.0,905.2,3.87,0.118
2024-10-09,31.2,12.6,20.9,56,13,37,1.62,18.3,0.0,903.4,4.26,0.119
2024-10-10,29.9,11.4,20.2,82,17,45,2.03,17.72,0.0,900.3,4.32,0.11
2024-10-11,28.0,13.7,21.0,75,25,45,1.42,16.79,0.0,899.8,3.68,0.103
2024-10-12,30.0,13.6,21.5,61,21,40,1.24,16.38,0.0,901.1,3.51,0.103
2024-10-13,28.0,15.0,21.2,75,30,48,1.67,16.8,0.0,901.4,3.76,0.098
2024-10-14,25.8,12.9,19.3,68,36,50,1.77,15.61,0.0,901.3,3.47,0.096
2024-10-15,24.7,12.6,18.5,69,38,51,1.95,15.16,0.0,902.7,3.34,0.096
2024-10-16,25.3,12.2,18.5,71,30,48,1.79,16.52,0.0,903.6,3.63,0.096
2024-10-17,17.4,9.0,13.7,68,32,47,3.78,13.73,0.0,904.4,3.41,0.097
2024-10-18,13.6,5.1,8.8,65,33,49,2.72,16.21,0.0,905.0,2.78,0.1
2024-10-19,13.6,3.3,8.1,71,36,50,1.88,12.94,0.0,905.8,2.24,0.104
2024-10-20,15.2,1.8,8.3,62,30,43,1.67,16.79,0.0,908.4,2.78,0.103
2024-10-21,13.9,3.6,8.6,62,34,46,2.77,16.07,0.0,910.5,2.84,0.106
2024-10-22,14.4,5.8,9.5,70,35,50,3.59,13.83,0.1,910.4,2.74,0.106
2024-10-23,14.9,4.6,9.1,64,39,52,2.82,15.97,0.0,911.0,2.76,0.107
2024-10-24,17.3,3.5,10.0,72,31,51,2.34,15.79,0.0,909.8,2.89,0.107
2024-10-25,16.3,3.8,9.8,65,34,49,2.28,14.86,0.0,907.7,2.73,0.102
2024-10-26,17.4,4.1,10.1,67,28,48,2.35,15.54,0.0,907.9,2.93,0.101
2024-10-27,18.0,4.0,10.7,61,28,43,1.77,15.54,0.0,908.7,2.77,0.101
2024-10-28,18.6,2.2,10.2,64,22,40,1.6,15.44,0.0,906.3,2.79,0.103
2024-10-29,18.6,3.8,10.5,49,20,36,2.52,15.1,0.0,903.5,3.2,0.102
2024-10-30,17.2,6.4,11.0,59,33,45,2.75,14.72,0.0,902.6,2.94,0.1
2024-10-31,16.6,4.1,10.0,76,43,60,2.06,14.36,0.0,903.0,2.43,0.1
2024-11-01,17.6,4.5,10.5,78,38,58,2.03,14.22,0.0,904.9,2.46,0.099
2024-11-02,19.7,4.5,11.5,75,32,52,1.31,14.19,0.0,903.7,2.44,0.1
2024-11-03,18.0,5.5,11.3,63,32,46,2.54,13.32,0.0,903.0,2.82,0.1
2024-11-04,14.3,5.3,9.3,66,43,54,1.67,11.53,0.0,904.0,1.99,0.101
2024-11-05,13.1,1.5,7.0,78,29,52,2.15,13.95,0.0,906.5,2.27,0.101
2024-11-06,13.5,0.6,6.4,67,35,51,2.06,13.82,0.0,908.8,2.26,0.101
2024-11-07,13.0,0.3,5.9,71,30,50,2.18,13.77,0.0,911.1,2.21,0.1
2024-11-08,14.0,-0.3,6.2,61,31,46,2.02,13.59,0.0,908.8,2.25,0.1
2024-11-09,13.7,0.2,6.8,67,34,49,1.78,13.35,0.0,905.4,2.14,0.101
2024-11-10,10.5,2.6,6.5,77,40,58,1.3,7.69,0.9,902.3,1.26,0.103
2024-11-11,15.0,5.7,9.5,92,57,75,0.85,8.51,0.0,903.8,1.33,0.112
2024-11-12,16.2,5.1,9.7,87,50,72,1.11,9.99,0.0,905.7,1.6,0.114
2024-11-13,17.1,2.3,8.9,90,43,70,1.35,12.1,0.0,905.8,1.94,0.114
2024-11-14,17.2,3.3,10.0,84,38,59,1.23,11.11,0.0,903.6,1.85,0.114
2024-11-15,19.6,4.9,11.4,80,27,54,1.78,11.52,0.0,900.1,2.31,0.114
2024-11-16,18.2,4.6,11.4,87,37,58,1.31,9.69,0.0,900.1,1.79,0.109
2024-11-17,13.5,7.4,10.6,85,55,71,2.02,6.74,3.3,897.1,1.29,0.127
2024-11-18,14.5,4.9,9.2,93,47,75,1.26,9.28,0.4,895.6,1.39,0.15
2024-11-19,14.6,6.1,9.6,84,49,69,1.24,8.6,0.1,900.1,1.41,0.153
2024-11-20,17.5,4.4,10.1,86,28,60,2.17,10.65,0.0,899.8,2.06,0.15
2024-11-21,17.4,7.2,11.9,82,34,60,3.86,8.8,0.0,899.4,2.45,0.145
2024-11-22,17.9,11.8,13.8,76,44,64,3.39,7.5,0.0,902.9,2.05,0.138
2024-11-23,18.9,11.2,14.4,81,38,63,4.8,8.05,0.0,901.4,2.64,0.141
2024-11-24,11.1,-2.8,0.1,91,73,79,6.18,10.98,16.0,903.3,1.02,0.189
2024-11-25,0.3,-7.2,-3.4,83,63,76,3.54,9.79,0.5,903.8,0.94,0.191
2024-11-26,2.5,-5.5,-1.4,82,61,74,1.8,6.64,0.3,903.1,0.8,0.193
2024-11-27,4.5,-1.8,0.6,85,48,70,1.0,9.8,0.0,906.0,1.06,0.198
2024-11-28,6.5,-3.0,1.4,83,53,69,1.27,10.4,0.0,908.6,1.2,0.202
2024-11-29,7.0,-0.9,2.1,90,49,73,1.11,9.72,0.0,908.0,1.14,0.203
2024-11-30,8.4,-1.4,2.4,84,47,69,0.94,10.95,0.0,908.1,1.27,0.202
2024-12-01,7.9,-1.0,2.8,85,51,71,0.94,10.71,0.0,906.3,1.24,0.203
2024-12-02,8.3,-2.9,2.2,95,50,75,0.9,9.8,0.0,902.4,1.16,0.203
2024-12-03,7.5,0.2,3.7,91,76,83,1.19,4.35,1.7,899.4,0.66,0.208
2024-12-04,11.5,3.0,6.5,92,62,80,1.87,6.99,2.2,900.4,1.05,0.25
2024-12-05,12.0,4.2,7.1,94,60,83,1.29,7.95,0.0,904.2,1.13,0.243
2024-12-06,9.2,4.8,6.9,99,69,86,0.84,7.77,0.0,907.2,1.0,0.237
2024-12-07,10.7,2.3,6.8,96,56,76,1.59,8.07,0.0,903.7,1.31,0.231
2024-12-08,14.5,6.7,9.2,82,37,65,3.03,8.07,0.0,901.5,1.72,0.223
2024-12-09,16.0,4.3,9.4,87,46,69,2.35,8.32,0.0,906.1,1.61,0.215
2024-12-10,16.5,5.2,9.6,92,40,71,1.55,8.07,0.0,907.0,1.38,0.208
2024-12-11,16.2,4.0,8.5,88,38,70,1.68,9.08,0.0,903.8,1.52,0.202
2024-12-12,12.1,3.0,6.8,93,47,73,1.85,8.74,0.0,903.5,1.34,0.198
2024-12-13,5.4,-0.1,3.4,84,49,65,2.35,6.25,0.0,907.5,1.05,0.193
2024-12-14,5.0,-1.6,1.4,74,46,64,1.67,8.51,0.0,911.6,1.06,0.188
2024-12-15,11.8,-3.7,3.5,84,42,67,2.53,8.51,0.0,905.9,1.42,0.182
2024-12-16,6.8,3.9,5.3,96,75,87,2.06,3.42,9.7,906.1,0.57,0.235
2024-12-17,7.8,1.2,4.1,89,61,79,1.27,7.96,0.0,909.9,0.97,0.281
2024-12-18,10.2,-1.8,3.1,90,51,75,1.09,10.11,0.0,907.8,1.24,0.263
2024-12-19,9.1,-0.5,3.4,88,58,77,0.88,9.94,0.0,903.3,1.17,0.25
2024-12-20,9.7,-0.2,3.3,95,50,79,1.01,9.75,0.0,898.6,1.14,0.242
2024-12-21,10.6,-1.2,5.0,93,60,80,2.81,5.44,3.6,898.6,0.98,0.246
2024-12-22,13.4,4.3,9.0,79,37,60,2.53,8.18,0.0,898.0,1.67,0.258
2024-12-23,11.6,4.2,7.3,87,50,72,2.1,6.33,0.1,895.7,1.14,0.246
2024-12-24,12.8,4.4,8.4,89,52,72,4.47,6.89,0.0,895.6,1.62,0.238
2024-12-25,10.7,3.9,8.3,93,63,74,4.31,5.14,15.5,897.0,1.31,0.274
2024-12-26,9.7,4.1,6.5,91,59,76,2.48,7.24,1.4,898.9,1.08,0.329
2024-12-27,8.1,3.7,5.5,92,69,84,1.4,6.28,2.0,897.8,0.79,0.31
2024-12-28,7.5,4.1,5.5,92,62,79,1.58,4.62,0.6,899.6,0.75,0.297
2024-12-29,7.7,3.3,4.8,92,72,85,1.95,6.22,3.3,901.3,0.77,0.291
2024-12-30,5.9,2.5,3.7,96,60,83,1.74,4.67,1.5,902.4,0.7,0.313
2024-12-31,6.0,2.8,4.3,89,68,79,2.54,4.89,0.3,909.3,0.77,0.298
